Trump says China trade talks ‘back on track’ new tariffs on hold	people are affected by the new information annoyed to get their money back smart gets a raise to be correct to be a politician satisfied to get their point across	Right
Sudan Protesters Call for Civilian Rule After Military Kills Over 100 at Sit-In	people are killed angry to protest patriotic get arrested to protect the people to be in military good about themselves to get rid off	Left
The Decathlon: F1 rivals Hamilton and Bottas have mutual respect Gatland to lead Lions EPL title predictions	none none none none none none none none none	Lean Left
Oakland's 'Pothole Vigilantes' Are the Batman and Robin of Road Repair	people get hurt annoyed to get rid of him smart gets a flat to be the best to have a car happy to be successful	Lean Right
A Political Scientist Defends White Identity Politics	people are influenced by person x's views enlightened to listen to personx intelligent gets a job to be successful to be in politics proud to be a politician	Lean Left
Julián Castro Got Off Easy for Ethics Trouble in the Last Presidential Campaign	loses respect for x angry to win smart gets arrested to win to be in the right position happy to win	Left
Saudi Arabia executes 37 prisoners for terrorism crimes	people are killed angry to get away with it ruthless gets arrested to be a hero to have a lot of money powerful to get paid	Lean Right
New Hampshire Republicans to Corey Lewandowski: Stay Away From the Senate	gets into trouble angry to get rid of him racist get caught to be away from the law to have been asked to do it nervous to be a better person	Left
Across the Country Progressives Are Pushing for Universal Rent Control — and New York Is Next	people are affected annoyed to get their money back dominant gets stressed to be in charge to have a budget happy to get a job	Left
Your Game of Thrones Favorites Have the Most Emotional Tributes to the Show You Never Wanted to Leave	none none none none none none none none none	Center
Mueller (Allegedly) Found Child Porn on Phone of Lobbyist Who Set Up Trump-Russia Back Channel	none none none none none none none none none	Left
Attorney General Bill Barr is now in possession of the Mueller report — and could send parts of it to Congress this weekend	none none none none none none none none none	Left
The weekend in the risky US-Iran standoff explained	people are killed nervous to be safe risky gets shot to have fun to have a plan nervous to get out of it	Lean Left
Carrie Underwood immortalized in cheese sculpture at Milwaukee stop of Cry Pretty tour	gets a headache happy to stop crying artistic none to stop the drama to have seen a horror movie happy to stop crying	Right
Joe Scarborough to Trump for Calling Him 'Morning Psycho' -- 'Thank You So Much for Watching'	gets yelled at annoyed to tell personx they are not crazy respectful none to show his love to be in the wrong place happy listening	Lean Left
Former Chinese Interpol chief 'admits his crimes' of accepting $2m bribes	gets arrested angry to get rid of him greedy gets arrested to be a good citizen to have a reason satisfied to get a new job	Lean Left
Immigration Officials Use Secretive Gang Databases to Deny Migrant Asylum Claims	people get caught annoyed to find a way to find the truth criminal gets arrested to get rid of people to be a criminal guilty to get rid of people	Center
Donald Trump gets pranked in hilarious fashion	laugh happy to laugh silly gets laughed at to be funny to have a good time happy to laugh	Left
That Viral Video of a Chimp Scrolling Instagram Is Bad Actually	people are watching the video interested to see the video curious gets yelled at to be entertained to have a video of a chimp interested to be entertained	Lean Left
Barr Is a Distraction. We Must Insist on the Moral Indictment of Trump.	gets into trouble annoyed to get away with it untrustworthy gets into trouble to be in control to be a nuisance justified to get away with it	Left
Egypt election commission says voters have approved amendments allowing President el-Sissi to stay in power until 2030	none none none none none none none none none	Center
Taking a Selfie on this Thai Beach Could Score You the Death Penalty	gets killed sad to get revenge mean gets arrested to be a good communicator to have a photo of you satisfied to make you look like a fool	Lean Left
The real reason William Barr is committing crimes for Donald Trump	they are shocked angry to punish him criminal gets arrested to be a criminal to have a reason guilty to make a statement	Left
White House Report Hails Tax Cuts Spurring Economic Growth Warns of Socialism’s Cost	people lose money angry to avoid tax breaks smart is sued to make money to have the information good to get a good deal	Lean Left
Pakistan opposition parties hold protest rallies against PM Khan	people lose their homes angry to win the election aggressive gets yelled at to be a protest party leader to have the support of people good to protest	Right
People Are Lambasting Fox News For That ‘3 Mexican Countries’ Mistake	people are affected angry to get away from personx careless gets yelled at to be a leader to be a racist bad to apologize	Center
Alexandria Ocasio-Cortez rips Steve King: ‘You were too racist even for’ Republicans	none none none none none none none none	Left
Walloped by heat wave Greenland sees massive ice melt	people are wet happy to avoid personx brave gets wet to be safe to be hot sad to get away	Lean Right
‘WOW!’ Somehow a fire started near a fireworks store in S. Carolina (Guess what happened next)	people are surprised by the fire happy to go home curious gets burned to make a fire to have a reason to do it happy to make a fire	Right
The Mueller Report Is Part Spy Thriller Part Game of Thrones—With Footnotes	gets nervous annoyed to win sneaky gets called out to be sneaky to have a strategy nervous to be a spy	Left
Drive-By Shooting Outside Australia Nightclub Leaves 1 Dead 3 Injured	people are dead sad to get medical help careless gets arrested to get away with murder to be in the wrong country sad to get medical help	Left
Chart of the Day: The Probability of Recession Is Now 20%	they get a raise happy to see how it works out optimistic is congratulated to be correct to have a positive outlook happy to be successful	Left
White House Condemns Day-Long Taliban Attack That Killed At Least 6	people lose their lives angry to get away aggressive 000 people to kill people to have a gun happy to make a difference	Center
From Coldplay private shows to Ronaldo’s yacht here’s how Crazy Rich Indians holiday	they get a headache happy to have fun fun none to be a good sport to buy a lot of stuff happy to be a millionaire	Center
The Corporate Campaign to Kill Bernie’s Medicare for All Bill Is Here	gets killed sad to protest greedy gets a promotion to be a good citizen to be a businessman satisfied to win	Left
Saudi Arabia’s Crown Prince Mohammed Bin Salman Blames Iran For Oil Tanker Attack	people lose their lives angry to get away angry gets accused to be a bad influence to be in iraq sad to make a report	Right
Baton Rouge area adds 600 jobs for 12 months through April	they get a raise happy to hire a new employee ambitious gets a raise to be a success to apply for jobs happy to make a change	Left
Hillary joins Twitter forces with AOC in effort to throw shade at Trump admin (and sparks 1 awkward question)	none none none none none none none none none	Right
One-quarter of Americans say men should work while women stay at home caring for family	gets sick grateful to be left alone caring to be a racist to be a better person to be a racist happy to get a job	Lean Right
Carnival cruise ship Coast Guard rescues 23 people adrift for days in Gulf of Mexico	people are rescued grateful to get help from the authorities brave gets seasick to be a hero to get a boat happy to save people	Left
Starting with a Mexican charro suit this police department hopes to better connect with Latinos	none none none none none none none none	Lean Left
Bias Complaint Filed over Joke about Janet Jackson Nipple Incident	gets yelled annoyed to get away with the situation mean gets yelled at to be mean to be in the presence of a cop satisfied to get their point across	Lean Right
Hickenlooper: Give Illegal Immigrants 10-year Visas ‘Immediately’	people lose their homes sad to get a better deal greedy gets arrested to be a good citizen to have a product guilty to get a better deal	Right
Gottheimer (D) Faces Progressive Backlash Over Border Vote	people lose their jobs angry to get away from personx aggressive gets arrested to make a change to be a racist justified to be a better person	Right
Smithsonian names Lonnie Bunch III as new secretary the first African American in the top spot	they get called out annoyed to get a good reputation smart to be honest to be in charge to be in office happy to make a difference in the world	Lean Left
High Levels of Toxic PFAS Chemicals Pollute Breast Milk Around the World	people get sick disgusted to get rid of him dangerous gets a runny nose to be a scientist to be a scientist sick to be a good scientist	Left
11000 Americans Will Die Waiting for Transplants This Year	people lose money sad to avoid the deaths unlucky gets a death penalty to be saved from death to be a racist sad to save the people	Center
Trump Administration Losing 94 Percent of Lawsuits Over Illegal Policy Changes	people lose money angry to win the race greedy gets sued to be successful to have the right information sad to win	Left
Ocasio-Cortez Accuses Border Patrol of Telling Illegal Immigrant Women to Drink from Toilets (VIDEO) …Update: Wrong Again	none none none none none none none none none	Right
National Press Awards: Guardian and Observer win for Windrush and Cambridge Analytica	people watch personx closely happy to congratulate personx proud is applauded to be a good citizen to be a senator proud of himself to be a good citizen	Lean Left
Trump colluded with Russia and obstructed justice. Right wing won't care—but independents just might	none none none none none none none none none	Right
Barclays vows to hit targets after ‘challenging’ quarter	they lose the game nervous to win the competition determined gets a good name to win to be a professional proud to be a winner	Center
Record Number Of AFRICAN Migrants Are Now Showing Up At The U.S.-Mexico Border	people are exposed to afriad annoyed to go home curious gets called racist to be a racist to have a passport happy to get to their destinations	Right
Take a MILLION seats! Conservative women OWN Sen. Patty Murray for equating abortion with ‘control’ and DAMN	people vote grateful to thank personx conservative to be successful to be a good example to be a senator happy to be successful	Right
Like OMG Marx is so FETCH! Dana Loesch has like the PERFECT take on Teen Vogue’s puff piece on Karl Marx and LOL	none none none none none none none none none	Right
Boris Johnson faces questions of character	they get a better understanding informed to listen to personx smart gets questioned to be a good example to have been asked many times good to be a good example	Lean Left
Goodbye to Japan’s Foreign Relations Emperor	people get offended annoyed to get away from him curious gets a new job to be in charge of foreign relations to have diplomatic skills happy to get away with something	Lean Right
Here’s Why There Was A Flying Tortilla During the National Championship	they get a trophy happy to celebrate proud gets a trophy to be a winner to have a strategy happy to win the competition	Center
The importance of Nancy Pelosi’s handcuffs exchange today with William Barr	gets arrested annoyed to get their money back responsible gets arrested to be a good judge to be a cop guilty to be a good lawyer	Left
Far-right supporter confesses to killing politician	people are shocked angry to get their money back righteous gets arrested to defend his stance to have a reason justified to get a vote	Lean Left
French trial accusing Orange of moral harassment wraps	gets caught angry to get out of the situation angry gets a lawyer to get a good lawyer to be accused of something angry to get away with it	Center
Despite Trump’s $4 trillion promise corporate profits are mostly staying abroad	they get a good deal happy to thank personx greedy gets a lot of money to be successful to have a good job happy to make more money	Lean Left
Concern about sexualised children often misses the point	children are more informed annoyed to understand the situation wise gets scolded to be a good parent to be a parent sad to learn more	Center
Sudan Activists: 'Regime' Kills 16 After Al-Bashir's Ouster	people lose respect for personx angry to get rid of him aggressive is arrested to be a leader to be in charge of people satisfied to get rid of people	Left
‘The president is endangering her life’: Trump promotes Islamophobic attack against Ilhan Omar	none none none none none none none none none	Lean Left
Newlove says crime victims and their families must be told the real sentences criminals will serve	people are arrested sad to be treated fairly responsible to be honest to make sure the truth be known to be a cop justified to be a good citizen	Lean Right
The New Hampshire Poetry Community Has Never Been More Angry	people get into a fight angry to get even angry gets into trouble to be angry to be in a bad mood angry to get even	Left
Colorado Teachers’ Union Protest Against DeVos Turns Vulgar	they get into trouble annoyed to protest racist gets yelled at to make people angry to have heard the protests satisfied to get away with it	Right
Climate Change and the New Age of Extinction	people are killed happy to get rid of him powerful gets more money to be a better person to be a racist happy to be successful	Lean Left
Let Trump Have His Birthday Party for America	people are sick happy to have a good time rich gets a hangover to have a party to buy gifts for the kids happy to have fun	Center
Iran crisis: A tale of two tankers	people lose money angry to get a drink brave gets stressed to be heard to be a pilot sad to be a hero	Center
Cori Gauff 15 defeats Venus Williams in Wimbledon first round	they win defeated to win the game competitive wins the game to win to be in a baseball game happy to celebrate	Right
Israeli PM Benjamin Netanyahu Defends Activists Trying To Record In Polling Places	people are affected happy to protest smart is asked to leave to defend the rights to be a politician good to win the election	Right
Notre Dame Basketball Coach Calls for More Women in Power: 'Time's Up. It Is Our Turn'	women's rights annoyed to win the game dominant our job to be competitive to be a basketball player good to be competitive	Right
Megan Rapinoe isn’t here to make you comfortable	gets stressed grateful to be left alone mean is thanked to be mean to have a job guilty to make you relax	Lean Left
In Hong Kong common sense keeps lives safe in a typhoon	people are safe safe to stay safe wise is avoided to be a good leader to have been kidnapped by chinese happy to keep people safe	Center
Retired Justice John Paul Stevens Talks History His New Book And Ping-Pong	he is a good listener interested to listen smart gets paid to be heard to have read the book satisfied to be heard	Center
Sanders Campaign Manager Rips Corporatist Media: Debates Make ‘American People Stupider’	none angry to get a new job rude gets fired to be in charge to be a racist powerful to make a difference	Right
Nolte: CNN Invents Dangerous Conspiracy Theory About Trump Refusing to Leave Presidency	people are angry angry to protest smart gets fired to be safe to have information satisfied to be a hero	Lean Left
The Radicalization of Fiona Scott Morton	gets hurt by personx annoyed to get back at personx mean gets yelled at to be a jerk to have a radicalization plan satisfied to make sure they are safe	Lean Left
Shaping Humanity With Music MerlinMoon Announces His Sophomore Album 'YOUNITY' (BangyBang Records)	people listen people listen to personx to be heard bad gets a high five is asked to dance to be a guitarist happy to get attention	Center
Spy-Satellite Images Reveal How Climate Change Is Rapidly Melting the Himalayan Glaciers	people lose their jobs enlightened to avoid a disaster intelligent is praised by others to be accurate to have the information happy to change the climate	Lean Left
Happy Easter from TheBlaze: The true meaning of Easter Sunday	people pray happy to thank personx faithful is blessed to be faithful to be a christian happy to be happy	Right
California Tried to Fix Its Prisons. Now County Jails Are More Deadly.	people are killed angry to get rid of him determined gets caught to be safe to have a problem with people sad to get rid of people	Center
August WTI oil down 84 cents or 1.5% to settle at $56.78/bbl	none none none none none none none none none	Center
Sarah Sanders Admitted to the Special Counsel That She Lied About Comey	gets a new client angry to find out more guilty gets a court order to get a good name to be a fraud guilty to get out of trouble	Left
Fight in Fla. Over Who Gets Tax Cut Savings After Hurricane Irma	loses money sad to get a new employee careless gets a bad name to get rid of his money to get the money sad to get a new job	Right
Pompeo: Paris Climate Deal ‘Didn’t Change a Thing’	gets a receipt annoyed to get rid of personx careless gets criticized to be left alone to have a bad experience happy to change things	Lean Right
World War One fanatic's collection of bombs and shells is set to fetch £5000 at auction	people die in the war angry to get out of the situation violent to be honest to kill people to have a gun happy to kill	Lean Right
Saudi Arabia Is Trying To Execute And Possibly Crucify Teen Who Participated In Protest When He Was 10 Years Old: Report	none none none none none none none none none	Right
Chernobyl: Rescuing the abandoned dogs in the exclusion zone	people are saved grateful to thank personx brave gets arrested to save the animals to have the resources relieved to keep the dogs safe	Center
New study claims white people's diets disproportionally contribute to climate change	people are affected by the change in society grateful to listen to personx intelligent gets criticized to improve his health to be an environmental activist good to be a success	Right
Team Obama Tells Iran: Don’t Escalate Don’t Take Trump’s Bait	they get hurt upset to protest wise gets yelled at to avoid a conflict to be a racist good to get away with it	Left
Setting Precedent A Federal Court Rules Jail Must Give Inmate Addiction Treatment	gets rehabilitated guilty to be treated fairly dominant gets caught to make a difference to be a criminal guilty to make sure they do not get caught	Center
In Elvia Wilk’s Oval Earth Capitalism and the Human Species Sink Toward Doom	people die sad to avoid death evil is dead to be dead to be in the wrong place sad to die	Lean Left
Sharpton: Trump has ‘particular venom’ for black people	gets sick annoyed to avoid him mean gets into a bad mood to be a jerk to be in a bad mood satisfied to be a snake	Center
100 years on: the picture that changed our view of the universe	people look at personx happy to understand influential is asked to explain the situation to change the world to be a good observer happy to be a good person	Lean Left
Israel reopens Kerem Shalom crossing on Gaza border	people get hurt happy to get to safety brave gets caught to be a good citizen to have the money happy to get a drink	Lean Right
Newsletter: Essential California Week in Review: A tragedy in Gilroy	people are affected annoyed to get rid of him unintelligent is criticized to be a racist to have read about it bad to be a good citizen	Lean Left
US Economy Adds 164000 Jobs In July Unemployment Stays The Same	people lose money happy to get a raise poor gets a raise to be successful to have a budget happy to keep their job	Lean Left
As Ebola Cases Rise in Congo the W.H.O. Declines to Issue Emergency Declaration	people lose their jobs angry to protest stubborn gets shot to avoid the situation to have received the paperwork sad to get rid of the cases	Center
Justice for Layleen Polanco: Community Demands Answers After Trans Black Latinx Woman Died at Rikers	none none none none none none none none none	Lean Left
ILHAN OMAR SUPPORTERS Caught Threatening Attempting to Dox a Somali WhistleBlower Who Revealed Ilhan’s Crimes	none none none none none none none none none	Right
North Koreans discuss Kim Jong-un's trip to Russia	they get stressed annoyed to thank personx curious gets stressed to be a good listener to have a plane ticket happy to go to the airport	Center
Ben Carson says as a pediatric neurosurgeon he hesitated to send children back to ‘infested’ homes in Baltimore	none none none none none none none none none	Lean Left
20 People Killed In El Paso Shooting; 21-Year-Old Suspect In Custody	people are killed sad and angry to get out of jail criminal jails to be a criminal to be in the presence of the suspect sad to be free	Center
15 Democratic candidates pledge to seek gender parity in their national security teams	they get a raise happy to win patriotic gets a raise to be a good leader to be a political leader happy to get a vote	Lean Left
Political Operatives Got Donors to Give Millions. The Money Wasn’t Used As Promised. Here’s How They Did It.	none none none none none none none none none	Center
Lead in Topsoil Produces Kids With Cognitive Problems	kids get sick confused to get help intelligent gets yelled at to be a good parent to be a doctor happy to teach them	Left
An epidemic of body shaming is taking its toll on men’s mental health	get cured sad to get better unhealthy gets cured to be a doctor to have been doing drugs sad to get better	Center
The Text Messages That Earned This Michigan GOPer A Grand Jury Indictment	gets nervous happy to get the information smart gets called a fraud to get the truth to have a phone happy to get a good grade	Lean Left
The Latest: Muslim students talk to pope about tolerance	they learn enlightened to ask personx to stop talking wise gets scolded to be a good citizen to have a discussion good to make sure people listen	Center
Iran Surpasses Nuclear Fuel Stockpile Limit State Media Reports	people lose money angry to report to the police smart gets a promotion to be successful to have the authority to do so satisfied to make more money	Right
MORE WINNING: GM Announces $700 Million Investment In Ohio Hiring 450 Workers	people are richer happy to do their best rich gets a raise to be successful to have the right tools happy to make a big money	Right
A Federal Civil Rights Office Wants to Limit Access to Emotional-Support Animals That Can Help With Depression	none none none none none none none none none	Left
Oberlin College to pay bakery $11M after furthering racism accusations: Jury	gets accused angry to get a verdict mean jury to be a good person to have a reason angry to get their point across	Right
To Hold but Not to Have: California's Marijuana Laws Get Weird When You're in Jail	gets into trouble annoyed to be safe careless gets into trouble to be safe to be in california guilty to be a good influence on people	Lean Right
Elizabeth Warren’s Trillion-Dollar Big Business Tax Plan Would Cost Amazon $698M+ Every Year	they get a receipt angry to get their money greedy none to be fair to be a big business man happy to be successful	Left
House Conservatives Form New ‘Anti-Socialism Caucus’	people are influenced by the new policy happy to protest racist gets criticized to be a racist to be in a political party happy to make people vote	Right
Hundreds of children in Pakistan have been infected with HIV. Used needles could be to blame.	children get infected scared to avoid the disease careless get sick to be treated to have been poisoned by the needles sick to get better	Lean Left
Most Americans Don’t Support Higher Defense Spending	they are forced to vote annoyed to protest racist gets yelled at to be racist to have the same opinion sad to protest	Lean Right
Refugee children praise ISIS vow to 'crush' apostates videos from Syrian camps show	they are praised happy to thank personx religious gets ridiculed to be a good example to be a racist happy to be praised	Right
Joe Biden brags about past 'civility' with racist former Dem senators—now his 2020 opponents are on the attack	none none none none none none none none none	Right
Donald Trump made me want to be American	i want to be a good person happy to be entertained persuasive gets a job to be a part of the group to talk with me happy to be successful	Center
‘It’s a sexist and racist attack’: Trump’s regulation to weaken home health care unions takes effect	people get sick sad to get better racist gets arrested to be a racist to be a racist justified to be a racist	Lean Left
Dan Gainor on Big Tech Censorship: ‘Absolutely a Threat’ to Our Democratic Republic	people lose respect for personx cautious to protest powerful is respected to be in charge to be a leader happy to be in power	Right
Bill Donohue Slams Fox News For Cutting His Segment after He Points Out Recent Attacks on French Churches	none none none none none none none none none	Right
Young girl's disappearance still unsolved 16 years after she vanished while walking to bus stop	gets called out sad to find out what happened curious gets arrested to be alone to be a magician sad to find out where she went	Center
Buttigieg: I'm a capitalist but democracy is 'more important' than capitalism	people none none none is the most important thing in the world none none none to be a capitalist	Lean Right
The One Lingering Flaw in Jane the Virgin’s Otherwise Perfect Ending	gets a bad reputation happy to get away with the crime unintelligent gets a lot of respect to be perfect to have a relationship with jane satisfied to be successful	Left
Honor The Fallen: Two U.S. Soldiers Killed In Afghanistan	they are killed sad to help them brave gets killed to be a hero to have been shot in the head sad to get medical help	Right
Maternal Obesity Linked to Childhood Cancer	they get sick sad to support personx responsible gets cancer to be healthy to get sick sad to get better	Right
Huawei can draw little comfort from White House reprieve	gets comforted grateful to be saved humble gets scolded by people to be comforted to be a teacher relieved to be understood	Center
Accused Murderer OJ Simpson Launches Twitter Account – Threatens Getting Even — ON ANNIVERSARY WEEK OF NICOLE’S MURDER	people are arrested angry to get their money back mean gets arrested to be a threat to be a police chief happy to get even	Right
More than 30 feared dead in suspected arson at Kyoto animation studio	people are dead angry to find out the truth scared gets burned to be a hero to be in a crime scared to make a documentary	Center
Hawkish Democrat Rep. Eliot Engel Is Facing Two Primary Challengers	they are confronted by personx annoyed to argue stubborn gets into argument to be right to be a politician frustrated to win the debate	Left
Donald Trump is taking the GOP down with him	gets a good grade happy to win confident gets yelled at to be a winner to have a job happy to win the game	Left
All change! Meet the new artistic directors shaking up British theatre	people are impressed happy to thank person x influential gets paid to be a better actor to be a performer happy to make a difference	Lean Left
Chart of the Day: A New Stock Buyback Record	they get a new employee happy to win successful gets promoted to be rich to have the money happy to be successful	Lean Right
Some Amazon warehouse workers in Chicago say the company cheated them of overtime hours	loses money cheated to get a good deal mean gets yelled at to be a good employee to have a job superior to get a raise	Lean Left
Much of Notre Dame Cathedral's structure and artifacts miraculously survive the destructive fire	people die in the fire shocked to thank personx lucky is praised to survive to be a priest proud to be a hero	Right
Nolte: Massive Viewership Collapse Drops CNN Prime Time to 15th Place	people lose their jobs sad to get back to work careless to be honest to get rid of people to have a bad day sad to be correct	Right
Israel launches ‘Trump Heights’ on Golan but construction may lag	people lose money impressed to thank personx ambitious gets fired to be a success to be a pilot happy to get the job done	Right
Pete Buttigieg Confronts Race and Identity in Speech to Gay Group	gets hurt annoyed to get away from personx rude gets called racist to be a racist to have a reason satisfied to get a drink	Center
Elizabeth Warren Has A Plan — To Get Personal With Voters	vote annoyed to vote confident gets called out to be in charge to be a senator satisfied to get a vote	Center
The rumour that led to medical researchers in Ethiopia being killed by a mob	people are dead angry to get medical help mean is asked for advice to be a doctor to be a doctor bad to be correct	Center
Twitter users stunned to discover oddly similar 'amazing' wrist freckles	gets shocked surprised to ask questions curious gets called a freak to be surprised to have a similar wrist pattern surprised to tell everyone	Right
YouTube Won't Ban Steven Crowder. Vox Reporter Behind Banning Campaign Has Meltdown.	people are criticized annoyed to get out of trouble mean gets scolded to stop something bad from happening to be a reporter bad to be a good leader	Right
No-deal Brexit under fire: Parliament grabs brakes against Boris Johnson	people are hurt angry to protest aggressive gets arrested to stop the truck from going to be in the wrong place powerful to stop the fire	Right
Russia’s Military Exercises in the Arctic Have More Bark Than Bite	they get into trouble annoyed to avoid him aggressive gets into trouble to be a soldier to have a gun powerful to get a better job	Lean Right
Democrats Hit Trump’s Trans-Troop Ban as It Takes Effect	people are forced to vote annoyed to get rid of the illegal products racist gets arrested to be a better person to have a vote justified to change laws	Lean Right
Stupid conservatives keep feeding Trump's grift with campaign contributions	they get a better job annoyed to get a better deal smart gets praised to be a better person to have a good reason happy to be a good example	Right
Former Trump associate accused of trying to launder stolen money through Trump company	loses money cheated to get the money back greedy gets fired to be a fraud to be a bad influence guilty to get away with it	Lean Left
New Supreme Court Ruling May Start Checking Power of Federal Bureaucrats	people are being poisoned by the government nervous to get their money powerful get money to be in control to be a government official powerful to get their money	Lean Left
Trump Mulls Another Tax Cut for the Rich: Report	they get richer happy to thank personx rich gets a receipt to be wealthy to have money happy to be rich	Lean Right
Explosion Reported at University of Nevada Reno Dorms	students are informed interested to learn more curious gets a report to learn to go to the dorms interested to tell others	Right
16-Year-Old Girl Faces Child-Porn Charges for Making Video of Herself	gets raped embarrassed to cry young gets arrested to be a child to have sex embarrassed to be a good child	Lean Right
Donald Trump caught committing a crime while aboard Air Force One	people get arrested angry to punish personx criminal gets arrested to be a hero to have been arrested guilty to go to jail	Left
Trump blasts Rashida Tlaib for comments on Israel Holocaust	people are dead sad to avoid the situation racist gets yelled at to be right to be a racist happy to be a leader	Center
Rod Rosenstein just made a huge mistake in his resignation letter	gets fired disappointed to fire him dumb gets fired to get out of a bad situation to do something stupid sad to get a new job	Left
The Terrible Thing That Trump and Elijah Cummings Agree On	they are surprised sad to listen to the situation wise gets yelled at to make things worse to be in the same place as someone bad to be right	Lean Right
At rally Trump accuses Democrats of ‘defrauding the public with ridiculous bulls**t’	people lose their job none to protest mean is yelled at to be right to have a speech justified to make people believe they are right	Right
US resident freed by Iran to Trump: 'Get back your hostages'	people are safe sad to get out of jail greedy gets shot at to save the people to have a hostage happy to get back to their homes	Lean Right
The History Of Humankind Proves Masculinity Is A Powerful Positive Good	people are more informed impressed to be like him influential gets praised to prove his / her own worth to have a lot of knowledge proud to make people understand	Right
UN envoy arrives in Syria amid violent clashes in the north	people are killed angry to avoid him aggressive gets attacked to be in the south to be in the south of the country nervous to fight	Center
Top Mueller probe prosecutor Andrew Weissmann reportedly inks book deal	to be correct angry to win smart gets paid to be a lawyer to be a lawyer satisfied to get their money	Right
3500 Migrants Apprehended over 3 Days in One Texas Border Sector	people are killed annoyed to get rid of him unlucky gets arrested to be in a better situation to have a reason to do it sad to go home	Right
Democrats unite to condemn Trump tweet linking Ilhan Omar and 9/11	none angry to be a better people racist to be honest to be patriotic to be a racist happy to be a leader	Lean Left
Chart of the Day: Health Insurance Inflation Hits 5-Year High	they get paid happy to help him responsible gets a check up to be healthy to have the flu happy to be successful	Lean Right
Un agente de la Patrulla Fronteriza revela la realidad de ser guardia de niños migrantes	none none none none none none none none none	Center
Golf: Bethpage Black turns into beast in windy final round at PGA	gets hurt scared to run away brave gets hurt to be feared to have a lot of fun sad to be feared	Right
Millions of Voters Are Missing in India	people lose their homes happy to get rid of him indecisive gets a raise to get rid of the bad people to be in the presence of a politician sad to get a better deal	Lean Right
Trump announces US ambassador to run for Tennessee Senate	people vote nervous to get away powerful gets nervous to run for office to be in charge nervous to get a vote	Lean Right
'Brexit Express' steam train runs more than 20 minutes behind	gets stressed annoyed to get to the destination faster slow gets sweaty to be faster to be running late tired to get to the finish line	Lean Right
President Trump Surprised by Meghan Markle's 'Nasty' Comments About Him	gets fired annoyed to get even shocked gets scolded to be a jerk to be in a meeting surprised to make a point	Lean Left
People Are So Floored By Blue Ivy’s Singing on Beyonce’s Surprise Album Homecoming They’re Joining the Ivy League	none none none none none none none none none	Center
House Dems set to subpoena Kushner Sessions and 10 other Mueller witnesses	gets caught angry to be left alone determined to be honest to be in charge to have a case nervous to make sure they get their point across	Center
Voting Rights: Census Bureau Puts Out New Estimate Of Cost Of Citizenship Question	people are forced into cages happy to protest smart gets a raise to be a good citizen to have a reason to do so good about themselves to make sure the people are safe	Lean Left
Biden’s Ridiculous Anita Hill Apology Tour	gets into trouble annoyed to thank person x mean gets yelled at to be heard to have a bad experience guilty to make up excuses	Lean Right
Warren Rolls Out $7 Billion Plan to Boost Minority Entrepreneurs	people lose money annoyed to thank personx generous gets a raise to be rich to be a leader happy to be successful	Lean Right
Megan Rapinoe shares a great idea for boosting women’s pay and it involves capitalism	none none none none none none none none none	Right
Facebook will never strip away Mark Zuckerberg’s power	they are disappointed annoyed to get away determined gets arrested to not be scared to have power powerful to be successful	Lean Left
Julian Castro spotlights housing homelessness at labor forum for 2020 candidates	people are saved happy to get paid responsible gets a raise to be a good citizen to be a racist happy to make a difference	Lean Left
Activists debunk Republicans’ misinformation at House hearing on abortion bans	people are discriminated angry to protest racist gets arrested to be a racist to be a racist justified to be right	Lean Left
Indian farmers shocked as suspected meteorite crashes into rice field	people are killed scared to run away scared get scared to be safe to be in the wrong place scared to get away from the scene	Lean Left
5 Years In What The Daily Signal Has Achieved	they get promoted happy to congratulate personx consistent gets promoted to be successful to work hard happy to be successful	Lean Left
Rush Limbaugh: We Have this Never-Trumper Problem Which is Like a Fly on an Elephant’s Ass	none none none none none none none none none	Right
Trump Calls Squad ‘Nightmare for America’	they get fired annoyed to get rid of him mean gets fired to be in control to have an issue scared to make a deal	Right
Ethics expert details the scandals in the White House’s new list of staff salaries	gets fired annoyed to get paid smart gets paid to make a good impression to be a manager satisfied to get paid	Left
Mexican Government Official Says MS-13 Infiltrated Caravans Headed For US: Reports	people are betrayed bad to get away corrupt gets caught to be a good leader to have information happy to make sure the people are following orders	Right
Hallstatt: A town of 800 people that gets a million tourists a year	people are asked for autographs happy to enjoy rich gets a lot of money to have fun in the country to go to the place happy to go to the airport	Center
The Mysterious Case of the Disappearing China Sanctions	people are shocked and angry surprised to get the case curious gets arrested to solve a crime to be a detective nervous to get the money back	Lean Right
Netflix Claps Back at Brie Larson Troll Who Criticized Her Directorial Debut and You Might Need a Minute	none none none none none none none none none	Center
The disturbing reason Republicans deny science and embrace measles epidemic	people are offended angry to listen to the information racist gets called a freak to be right to be a scientist justified to make people believe in the theory	Left
Braised Black Beans That Will Make You Forget Meat	eats beans annoyed to eat hungry eats beans to be a good cook to eat satisfied to eat	Left
Boeing 737 Max: company unveils new safety fixes	people lose their jobs happy to help him responsible gets paid to be safe to have a job safe to be safe	Lean Left
Star Trek actress Marina Sirtis reveals she was molested by her babysitter's teenage sons	gets scared annoyed to get away from him mean gets yelled at to be alone to be in the presence of the kids sad to get out of trouble	Lean Right
Plane with the largest wingspan in the world takes flight	people are surprised impressed to get a good seat daring gets into trouble to be in the sky to buy a ticket happy to fly	Center
Some Mad Bad News: Big Oil Is Actively Involved in Climate Talks	people are affected by the oil upset to avoid the oil careless gets stressed out to be a success to be in the company of a company that is promoting oil companies upset to get rid of the oil	Lean Left
Bronx man suspected of wanting to join Taliban pulled from Middle East-bound plane at JFK	they are arrested angry to go to the border scared gets nervous about the situation to go to iraq to have been asked to join the military nervous to go to the airport	Right
Baton Rouge man arrested in child pornography probe; 100-plus images found officials say	they are accused of trafficking angry to be safe immoral """ no """ to be correct to be caught guilty to be arrested	Left
POLITICO Playbook: How will Trump’s race drumbeat play in 2020	they are defeated happy to win race competitive is praised to be a success to have the time happy to win the race	Center
Johnson heads Tory leadership contest after first round	gets a prize disappointed to win determined gets a prize to win to be in charge happy to win the contest	Center
Buttigieg: 'Polite' people can still advance policies that hurt 'you and your family'	gets hurt grateful to thank personx powerful is respected to be a good person to have the means to do so happy  to be a good citizen	Lean Right
Fifteen-year-old Nigerian builds small scale construction machines	people are affected by the machines annoyed to get paid smart gets dirty to make money to buy the equipment happy to make a profit	Center
HUD charges Facebook with housing discrimination	gets sued angry to get their stuff back mean gets arrested to be a racist to have access to a website guilty to get a lawyer	Lean Left
Idiot busted posing as officer after pulling over undercover cop	gets arrested for assault annoyed to get a reward criminal gets arrested to be a cop to be in a car nervous to go home	Lean Right
Two more Camp Pendleton Marines and a sailor arrested in human smuggling drug probe	gets arrested cheated to go home immoral gets caught to be a cop to go to the border guilty to get away from the scene	Lean Left
Burning Russian plane makes emergency landing	people are hurt happy to greet personx responsible gets hurt to be safe to buy plane nervous to get off the plane	Center
Men in Black: International is charming and fun but squanders the chance to tell a richer story	none none none none none none none none none	Lean Left
Chinese Film Studios Are Blacklisting Americans	people lose money annoyed to get paid untrustworthy gets a bad reputation to make money to have film film sad to make a film	Lean Right
Grisly details emerge in Utah couple’s execution-style murders	people are killed scared to get away violent gets arrested to be a victim to be in the wrong place satisfied to be a hero	Lean Right
Leaders In Baltimore And Maryland Denounce Trump Tweets Attacking Elijah Cummings	people are killed angry to get out of the country safely racist gets arrested to win to be a politician justified to win the election	Center
My Time Covering the Story of Charlene Downes the Teenager 'Who Ended Up in a Kebab'	none none none none none none none none none	Lean Left
Scottish fans and media blast team after horror show in Kazakhstan	people get sick scared to win brave gets ridiculed to be a comedian to have a good time happy to get a drink	Lean Left
Netanyahu Orders Continued Pounding In Gaza As 600 Rockets Fired Into Israel	people lose money scared to go home aggressive gets arrested for assault to kill to have a gun happy to kill the terrorists	Center
Fear of immigration raids looms as plans for ICE ‘family operation’ move forward	people lose money nervous to get away determined gets stressed out to get rid of the bad people to be a border agent nervous to make sure they have enough food	Lean Left
The Dying Howls of British Politics	people are affected by the death annoyed to listen to them ignorant gets ridiculed to show his views to have lost their job sad to get away from the situation	Lean Left
Capital One and GitHub are being sued over allegations of not doing enough to protect customers after a massive data breach that affected over 100 million people	none none none none none none none none none	Center
Immigrants are being denied US citizenship for smoking legal pot	people smoke pot angry to make sure they are not smoking irresponsible gets cancer to be a vegan to have been smoking sad to get out of the country	Center
Sanders Campaign Pays $60000 to Embezzler’s Consulting Firm	gets a raise cheated to get paid greedy gets a raise to be a good salesman to have a job happy to make money	Right
Ford and VW to share costs on electric and self-driving cars	they get their car back happy to thank him poor gets a ticket to be rich to have a car happy to get a good deal	Center
Mueller Report Proves Russian Collusion Claim Is a Hoax	they are surprised annoyed to tell their friends clever gets called a liar to prove something to have a report satisfied to tell everyone	Lean Left
Federal Judge Upholds Trump Short-Term Health Plan Expansion	people lose money happy to thank personx smart gets called a racist to be a better judge to have a good reason to do so satisfied to be successful	Right
Advice Columnist: Trump Raped Me In Mid-'90s; UPDATE: Trump Responds	none none none none none none none none none	Right
US tells Afghan president Qatar talks best chance for peace	people listen to personx happy to listen to personx wise gets a raise to be heard to be in a meeting good to get people's attention	Center
The Paris Air Show sold $15 billion in planes. A $4 million electric stole the show	people lose their money happy to get a new product rich gets a commission to be a success to buy a plane happy to buy a plane	Center
Europe’s Future Will Be Decided in North Africa	people are affected by the changes happy to get a good price brave gets a new job to be in control to have a plan happy to make sure the land is safe	Lean Right
Andrew Gillum Reiterates Call for Impeachment After Mueller Report	people listen to personx angry to listen to personx authoritative gets fired to inform to be a leader good to get a response	Right
Student who told teacher there are only 'two genders' now facing harsh punishment from school report says	cries sad to listen wise to be honest to punish someone to be in school sad to be a good teacher	Right
A migrant ship with a tragic history is at the Venice Biennale. A new migrant boat sinking shows it’s more than a relic.	none none none none none none none none none	Lean Left
Jones Raises Only 12 Percent From Alabama Residents In First Quarter	people get more money happy to give a discount skilled gets a raise to be the best to be a senator happy to get a raise	Right
Delingpole: 'Stupid Guy' Ambassador Resigns. Great News for Trump Boris Britain and Brexit	none none none none none none none none none	Lean Left
Horror as climber in his 50s plunges to his death while scaling the highest mountain in Ireland	they are killed sad to kill him daring gets arrested to be a mountain climber to climb accomplished to be successful	Lean Right
The Supreme Court Must Rule That Juries Can’t Sentence a Man to Death Because He’s Gay	none none none none none none none none none	Left
Trump's Detention of Children Is a National Disgrace	children cry sad to get away from personx mean is scolded to be a parent to have been arrested ashamed to be a better person	Left
Biden Launches 2020 Campaign As Rescue Mission For America's 'Soul'	people are saved grateful to thank personx brave gets arrested to help people to be a leader in the military happy to help people	Center
Klobuchar fundraises for McConnell challenger: 'Two Amys are better than one'	they are inferior annoyed to be a good example smart none to be a good example to be a leader happy to be successful	Lean Right
Five banks face civil lawsuit in London over forex dealing	loses money angry to win the lawsuit powerful gets sued to be in power to have a lawsuit satisfied to win	Center
Pentagon: U.S. Military Operations Killed 120 Civilians in 2018	people died dead to get medical help brave gets shot down to be safe to have a weapon sad to kill the enemy	Lean Right
What’s Fact and What’s Fiction in Fosse/Verdon Episode 3	learns something new happy to learn more smart gets called a liar to be a good reader to be a teacher satisfied to be correct	Left
Bernie Sanders wins latest Daily Kos Straw Poll in what has become a five-candidate race	they get a trophy happy to win the race talented the most popular person in the race to be successful to have a good job happy to win the race	Right
John Carlos Frey: America's Deadly Stealth War on the Mexico Border Is Approaching Genocide	to be safe scared to get away dangerous gets killed to be a dictator to be a businessman nervous to get away	Lean Left
30 dead 200 missing after boat sinking on Congo lake	people mourn sad to go to the funeral dead gets killed by a boat to get away to have a boat sad to go to the airport	Right
Here’s What’s New on Amazon Prime Video in August 2019	people lose money interested to get their product curious gets called out to be entertained to be on amazon happy to be a success	Center
Leading national security figures avoid briefing Trump for fear he’ll leak to Russians — report	people lose their jobs nervous to be safe cautious is criticized to be safe to be in charge nervous to be safe	Lean Left
We’re Having the Wrong Debate About a $15 Minimum Wage	they are frustrated annoyed to argue with person x frustrated gets yelled at to be right to be a bad student frustrated to get a better job	Lean Left
New Documents Raise Ethical and Billing Concerns about the NRA’s Outside Counsel	people lose clients grateful to listen to personx smart gets a raise to be a good citizen to have a problem with the law good to make sure they are respected	Center
May warned indicative votes will leave UK with 'Auf Wiedersehen Pet' Brexit that 'no one wants'	none none none none none none none none none	Lean Right
In poor countries technology can make big improvements to education	people get better grades happy to learn smart gets praised to be rich to be a scientist happy to be a good citizen	Center
At least 11 people have died while climbing Mount Everest this year	people mourn sad to mourn brave gets killed to be a hero to have a funeral sad to be successful	Lean Left
Waters: The Public Will 'Push on' Congress to Impeach Trump and 'We're Going to Have to Do It'	none none none none none none none none none	Right
Trump says Russia would 'much rather' have Clinton as president	they vote annoyed to vote confident gets criticized to be a dictator to have the right information like a fool to be right	Lean Right
Tear gas fired as Indonesia protest turns violent	people lose money angry to get out of the situation aggressive gets arrested for assault with gun to be a threat to have a gun angry to make sure they are ok	Center
India’s oldest e-commerce firm’s IPO is a rare way out for investors	clients lose clients happy to get a good deal successful gets a good deal to make money to have a lot of money happy to get a raise	Center
Poland’s Government Is Systematically Silencing Opposition Voices	people lose their homes angry to protest authoritative gets arrested to be in control to have a lot of money satisfied to get rid of the opposition	Lean Right
U.S. Women's Soccer Team Wins World Cup Criticizing Pay Discrimination and President Trump	they get a new team sad to win competitive gets a trophy to be the best to practice happy to be a winner	Lean Left
Michael Avenatti Seeks Vengeance On Jacob Wohl	gets killed angry to get revenge vengeful gets caught to be revengeful to be in trouble angry to get revenge	Right
Utah Family Sues After Son With Diabetes Is Kept From School	gets caught sad to cry mean gets arrested to be a bad influence on children to have a case guilty to get a lawyer	Center
GOP whip says Democrats are obsessed with Mueller forgets he called for more investigations himself	gets called out annoyed to get even with personx annoyed gets called out to be right to have a conversation with a politician annoyed to get more information	Lean Left
Democrats Ponder How to Avoid a Climate Debate	they are asked to vote for them annoyed to protest intelligent gets a headache to be a better citizen to debate smart to change their ways	Left
Joshua Schulte alleged CIA leaker made 'catastrophic' impact with WikiLeaks disclosures: DOJ	none none none none none none none none none	Lean Right
Booker Supporters Criticize Record as Newark Mayor	people lose money angry to win racist gets a complaint to make money to have a reason to be racist happy to get a good deal	Right
Watch cellist Yo-Yo Ma play for harmony at the US-Mexico border	people are affected by the mexican culture happy to thank personx outgoing gets caught to be a leader to get a guitar happy to be a good leader	Center
Claiming Racism Illinois Democrat Cancels Local Civil War Re-Enactment	people vote sad to protest racist gets a bill to change to have a racist party happy to make a change	Right
August gold gains $3.20 or 0.2% to settle at $1400.10/oz	loses money happy to win the competition rich 001 % to be safe to win to have a good job happy to win the race	Center
I Make $1000 a Week Writing Essays for Lazy Students	students are inspired annoyed to get better grades lazy gets a grade to be lazy to have a lot of time to spare proud to teach the students	Lean Left
Volvo warns on ‘irresponsible’ self-driving roll-out	gets into a wreck annoyed to listen to personx careless gets yelled at to be correct to be a driver annoyed to get a car	Center
Medicare for 64-Year-Olds Is a Step Toward Medicare for All	they are treated better sad to help him out young gets sick to be a good person to be a child sad to be successful	Left
Police Charge Suspected Christchurch Mosque Gunman With Engaging In Terrorism	people are killed angry to protest against the actions righteous gets arrested to be a hero to be a minister in islam justified to get rid of people	Left
Kamala Harris Says Trump’s Attempt To Help Black Rapper Trapped In Sweden Is ‘Misuse Of Power’	none none none none none none none none none	Right
Utah man pleads not guilty in slayings of deputy at Jack in the Box and Russian snowboard champ in L.A.	none none none none none none none none none	Lean Left
Trump’s VA Firing Spree Falters in Court	people are injured angry to win untrustworthy gets arrested to win to be a criminal sad to win	Center
People Tell Us How QAnon Destroyed Their Relationships	they cry sad to get away mean gets yelled at to be informative to have an opinion relieved to make amends	Lean Left
The Clean Slate Act's Record-Sealing Provisions Go Further Than Cory Booker's Marijuana Justice Act	gets arrested angry to get away from him responsible to be honest to be a good citizen to have a bad reputation satisfied to be successful	Lean Right
Flybe is accused of keeping passengers in the dark about their rights to compensation	they are reprimanded angry to get out of trouble smart gets scolded to be a tattletale to be a cop guilty to be a good example	Lean Right
Here’s What’s New on (and Leaving) Netflix in May 2019	people lose their jobs happy to get the best deal curious personx gets the news to be left alone to be a journalist happy to go home	Center
Michael Avenatti Arrested Charged With Bank Wire Fraud For Alleged Attempt To Extort Nike	gets caught angry to get money criminal none to get money to have a criminal angry to get money	Right
Melbourne will be first city outside US to get Uber's flying taxis	people get into taxi happy to get paid rich gets a taxi to travel to get in the taxi excited to get a taxi	Lean Left
Stossel: Moral Panic Over Sex Work	gets a bad review annoyed to avoid personx unintelligent gets yelled at by coworkers to be a better person to have a relationship with someone guilty to be more careful	Lean Right
Senate passes $4.5 billion border bill setting up fight with House	people lose their homes angry to win the race powerful gets arrested to be a winner to be a government official happy to win	Lean Right
10-year yield at 2.473%; 2-year yield at 2.319%; 30-year yield at 2.899%	none none none none none none none none none	Center
Poll: John Bel Edwards Vulnerable in Louisiana	people are killed scared to get away from him vulnerable gets killed to get away from the law to be a cop scared to be safe	Right
Twitter Is Now Banning Conservatives For Investigative Journalism About Big Tech’s Abortion Activism	people are criticized angry to be a journalist smart is asked to stop talking to be a good citizen to be a journalist satisfied to be a leader	Right
Supergroup Consisting of Da Candy x Justin Prime x Onderkoffer featuring Jackie's Boy & Lil Eddie Releases Fever June 14th 2019	none none none none none none none none none	Center
One Woman’s Harrowing Journey from Aspiring Olympian to NXIVM Sex 'Slave'	gets raped sad to be left alone greedy gets raped by slave to be in power to be a slave owner happy to get a good name	Lean Left
F1: Mick Schumacher ‘honoured’ to be compared to his father Michael	father is proud proud to be acknowledged respectful is praised to show respect to be in the right class happy to be acknowledged	Lean Left
Congressional Leaders to Start Budget Talks with White House Next Week: Report	gain knowledge interested to listen smart get a good grade to be a good leader to have the authority good to get a good grade	Lean Right
Truck slams into crowd on highway in Guatemala; 30 dead	gets hurt angry to get away reckless gets a ticket to be a hero to drive scared to get to their destination	Right
Kids Recreating the Game of Thrones Opening Credits With Arts and Crafts Confirms the Young People Will Save Us	none none none none none none none none none	Center
ISIS Lost Its Home But Economic Empire Stands	loses money sad to invest poor loses money to be rich to have a lot of money sad to buy a new house	Left
Detention centres 'will shock the conscience of this country'	people lose money shocked  to listen to personx influential gets arrested to be a hero to be a minister guilty to be a good citizen	Center
Don’t Compare the Situation on the Border to the Holocaust	people are killed sad to thank personx ignorant gets called racist to be a racist to have seen the situation on the border sad to be a better person	Lean Right
The U.S. put nuclear waste under a dome on a Pacific island. Now it’s cracking open.	people lose money angry to get rid of the waste irresponsible people are dead to eat to be in the presence of the japanese happy to clean up	Lean Left
July WTI oil trades at $58.33/bbl vs. $58.26 before the rig data	none none none none none none none none none	Center
Malaysia orders tonnes of imported waste to be returned	they lose money annoyed to get rid of him greedy gets a lot of bad reviews to be rich to have a reason to buy waste satisfied to get rid of waste	Center
Trump Slams India’s Tariffs On American Products Says Country Has Been Having A ‘Field Day’	people lose money angry to get their product rude is yelled at to make money to have a problem with the product angry to get rid of all the products	Right
F1: Williams drivers George Russell and Robert Kubica prepare for long-term recovery	they are impressed happy to drive prepared fast to drive to be a driver happy to drive	Lean Left
Lawyer alleges Ecuador spread lies about WikiLeaks founder	people are deceived angry to argue arrogant gets arrested to be heard to have a reason justified to be right	Lean Right
NASA says India’s anti-satellite strike endangered the International Space Station	people are endangered angry to protest mean is criticized to be a good citizen to have a problem with the company happy to make sure the birds are safe	Center
Daily Kos Democratic Straw Poll: May 14 edition	people are affected by the new laws happy to listen to the information smart gets into trouble to be a leader to have the right information happy to make a speech	Right
'High Life' Is A Stunning Space Odyssey — With A Baby On Board	gets stressed out happy to enjoy the trip rich gets a raise to be a good listener to be a baby sitter happy to be successful	Center
The Latest: Iraq to try help end crisis between US and Iran	people are saved grateful to thank personx brave gets stressed to be a good leader to have a problem good about themselves to be a leader	Lean Right
Congressional Democrats Hold Barr In Contempt. Trump Declares Executive Privilege. Here's Everything You Need To Know.	people are offended annoyed to listen to personx authoritative to be correct to be a good citizen to have a reason to do so happy to be right	Right
Huawei founder says revenue will be $30 billion below forecast	people lose money happy to get paid ambitious gets money to be successful to be a manager happy to make a profit	Center
Vice President Pence Tours Border Patrol Facility With Almost 400 Men in ‘Crowded’ Cages ‘Horrendous Stench’	people get sick disgusted to get out smelly smells like animals to be a rat to be in a cage disgusted to be a leader	Left
Comedian Tim Conway of 'The Carol Burnett Show' Dies at 85	the other people sad to cry dead is applauded to die to have a funeral sad to be a good actor	Left
Video of Cocaine Bust at Sea Shows Importance of Coast Guard Funding	people get sick of drugs annoyed to get rid of him careless gets arrested to be rich to be in the wrong place satisfied to make a report	Lean Left
New York Activists Are Leading the Charge on Sex Work Decriminalization	people are discriminated against angry to protest aggressive gets arrested to make a profit to be a racist happy to make sure the people are safe	Left
Nasdaq advances 98 points or 1.3% to 7827	they are competitive disappointed to win the competition competitive gets the best score to be the best to be in the race happy to win	Center
A Green New Deal Needs to Fight US Militarism	people are attacked angry to get away aggressive gets arrested to be a good person to have the authority good to get rid of us	Left
Nearly half of GPs have taken early retirement or slashed their hours over pensions row	loses money sad to get personx's money back irresponsible loses money to save time to have a job sad to get a new car	Lean Right
Truck Plows Into Crowd On Guatemala Highway Killing At Least 18	people get killed angry to go to the airport reckless 000 feet to be a bad driver to drive to the airport guilty to get out of the car	Left
U.N. waters down resolution on sexual violence after threat of U.S. veto	people get killed scared to get away with it violent gets arrested to be in control to be in a bad mood satisfied to make sure they are ok	Lean Left
Rep. Doug Collins Releases Nellie Ohr Testimony Transcript Before House Judiciary Committee — Contributing ‘Author’ of Phony Dossier	none none none none none none none none none	Right
‘We don’t fear you’: Nikita Parris and England are ready for World Cup holders USA	none none none none none none none none none	Lean Left
Truck explodes at Burger King drive-thru in Arkansas	people are hurt angry to eat reckless gets arrested to be a jerk to be hungry hungry to eat	Lean Right
Trump sold property to a ‘mysterious shell company’ tied to one of Maduro’s top allies in 2015	none none none none none none none none none	Left
Heavy rains in Japan cause deadly landslides and floods	people are affected by the rain scared to avoid death dangerous gets burned to be safe to have a lot of people in japan sad to stay dry	Center
Booker: Trump 'Is Worse Than a Racist' -- Similar to George Wallace	people get into trouble annoyed to get rid of him racist is a racist to be racist to be racist like a racist to get away with racist things	Right
The Labour Party’s Role in the Brexit Crisis	people lose their homes angry to thank personx responsible gets fired to be involved to have a job happy to make sure the situation is under control	Lean Left
The breakthrough battery technology investors are betting millions on	they get their money happy to win smart gets money to invest to have a company happy to invest	Center
Six dead 200 injured in protests over Indonesia's election result	people lose money angry to protest angry gets arrested to be heard to have been arrested sad to protest	Lean Left
Charges Dropped for U. of Arizona Students Who Called Border Patrol Murder Patrol at Campus Event	gets arrested angry to get out of the car mean gets arrested to be a cop to be in the wrong place at the wrong time guilty to get away from the scene	Lean Left
The Ice Bucket Challenge and the promise — and the pitfalls — of viral charity	people get hurt happy to win brave gets a raise to win the contest to be a good person happy to win the competition	Lean Left
Scientists detect the earliest Big Bang molecule in space	people get a virus interested to see what they did intelligent gets a good grade to be careful to be a scientist curious to make a report	Lean Left
Couple Dies Of Bubonic Plague After Eating Raw Marmot Meat	people mourn sad to get rid of him sick gets poisoned to be dead to eat meat dead to be dead	Left
Judge gives Missouri's last abortion clinic a few more days to resolve dispute over state license	people are saved grateful to get a lawyer fair none to be fair and just to have the authority relieved to get rid of the fetus	Right
A New Nuclear Arms Race: As NATO Marks 70th Anniversary Threat of Nuclear Confrontation Grows	people are dead nervous to get away aggressive is feared to be a threat to have a nuclear attack happy to kill everyone	Lean Left
Ethiopia AU float proposal for peace in Sudan	people are grateful to personx happy to thank personx brave gets paid to be a good citizen to have the authority happy to make a deal	Center
Top Iran Commander Invokes 9/11 To Say US Is Frail; A Full Intelligence War Is On	none none none none none none none none none	Right
Man Arrested After Filling Hotel Bath with Potatoes During Five-Day MDMA Binge	they are arrested annoyed to punish personx irresponsible gets dirty to have a good time to have been arrested for being a liar guilty to get out of the tub	Lean Left
A Man Told His Girlfriend To Run As He Was Murdered. It Lead To An International Manhunt That Put Her Behind Bars	none none none none none none none none none	Right
'NCIS' renewed for Season 17 by CBS	they get a new job happy to win the competition determined gets dirty to win to have a reason to do it happy to win the competition	Right
Boeing CEO admits 'mistake' with 737 Max ahead of Paris Air Show as analysts note 'ominous dark cloud' hanging over the entire industry	none none none none none none none none none	Center
Antisemitic Incidents Surge in Berlin with over 1000 Cases in 2018	people are affected by the deaths of german soldiers sad to get out aggressive gets a virus to be a part of the german military to be a german citizen sad to make a difference	Lean Left
The Latest: Bahrain FM gives interview to Israeli TV channel	gets interviewed happy to thank personx curious gets interviewed by tv to be a good host to have a reason nervous to get paid	Center
Cruelty Is the Point: Communities Fight Back as Threat of ICE Raids Terrorize Immigrant Families	people are attacked scared  to be safe aggressive become a politician to be in control to have a gun powerful to keep their children safe	Lean Left
OH NOEZ! Alyssa Milano just totally doomed Amy McGrath’s entire campaign and all it took was ONE WORD	none none none none none none none none none	Right
Intelligence scholar sues Cambridge academic U.S. news outlets over reports on Flynn links	gets caught angry to get their money smart gets a good grade to be in charge to be a student satisfied to make a settlement	Center
Only Biden Can Save the Democrats from Total Embarrassment	vote grateful to thank personx smart is thanked by the democrats to be a hero to be a politician proud to make sure the democrats are ok	Lean Right
With Jailed Asylum-Seekers on the Rise Detention Contractors Reap Profits	they are punished angry to punish personx rich gets arrested to make money to be in trouble guilty to make a profit	Left
Democratic leaders 'unlikely' to allow vote on reversing Hyde Amendment	vote for different people sad to vote racist is voted in to change to be a racist happy to be right	Lean Right
UCLA professor faces 219 years in prison for conspiring to send U.S. missile chips to China	they get into a fight with person x sad to be safe a result none to get money to be a racist sad to get away with it	Lean Left
'The Farewell' Makes the Asian American Immigrant Experience Feel Universal	they get into trouble happy to express gratitude influential gets a new experience to be a part of a culture to talk to the afriad happy to be understood	Lean Left
Pro-Brexit troll threatened to send Tory MP Nicky Morgan to the burns unit	gets burned angry to get revenge mean gets burned to be mean to be a threat angry to get rid of him	Lean Right
Protesters Target Joe Biden on Deportation and Bill De Blasio on Eric Garner During Democratic Debate	none none none none none none none none none	Left
Eiffel Tower closed after man tries to climb Paris landmark	man gets into trouble with police annoyed to thank him for it adventurous gets hurt to get out of the city to go to the museum accomplished to get a better view	Lean Left
Prices for Top-Selling Drugs Soared Over 6 Years Study Finds	they get a good deal happy to get a high grade successful gets a raise to get a good deal to have the right drugs happy to be successful	Lean Right
Alex Rodriguez is accused of cheating on Jennifer Lopez AGAIN by sexting a British Playboy model	gets in trouble angry to cry immoral gets in trouble to be a cheater to have sex with a woman upset to be left alone	Lean Right
Ted Cruz and Alexandria Ocasio-Cortez Join Push for Over-the-Counter Birth Control	people are sick happy to get rid of him irresponsible gets arrested to have a healthy baby to have the money happy to get a high blood sugar	Lean Right
Nucor downgraded to hold from buy at CFRA	they gain a better product happy to thank personx smart gets a receipt to increase the market to have the money happy to make sure the market is good	Center
Former executives of a French telecom have been brought to trial over employee suicides	lose money angry to get their money back aggressive gets a promotion to win to have a case justified to win the case	Center
Baltimore Residents: Trump's Attacks on the City Are Rooted in Racism and White Supremacy	people are oppressed angry to stay in power racist and people are persecuted to be a racist to be racist happy to be a good example	Lean Left
Bernie Sanders Is Not Apologizing For His Wealth	gets angry annoyed to thank personx humble gets yelled at to be polite to have lost their job ashamed to get a new job	Left
Trump’s disturbing answer about how he could ‘unite’ the country echoes his maniacal demand for loyalty	people listen to personx annoyed to listen to the orders aggressive to be honest to be a good citizen to have a reason satisfied loyalty	Left
Trump's racist attacks are catnip to the Republican base but that doesn't make them a 2020 winner	none none none none none none none none none	Right
Justice Gorsuch Wages War for the Constitutional Order	people lose respect angry to get away with it righteous gets arrested to be in charge to be a minister in government justified to be in power	Lean Right
Rosie O'Donnell makes bizarre 'concentration camps' comment says facilities meet the definition	people are offended annoyed to get a good grade smart gets yelled at to be understood to have a reason happy to make people laugh	Right
Public options key to reviving US middle class	people are grateful grateful to thank person x helpful gets a raise to be helpful to have a good reason to change happy to get a good deal	Center
Northern Ireland Mourns Lyra McKee Journalist and LGBT Activist Shot at Nationalist Riot	none none none none none none none none none	Left
Street Clashes Erupt As Venezuela's Guaido Urges Uprising	people are hurt angry to avoid him aggressive gets hurt to be a part of something to be a racist angry to get rid of the unwanted people	Left
US Investigated The President Of Honduras For Drug-Trafficking Documents Show	gets arrested angry to get rid of him criminal gets arrested to find out the truth to be a spy nervous to get a report	Right
Maximum Security owner calls Kentucky Derby disqualification 'egregious' contemplates appeal	the judge annoyed to get their money back dominant gets called a racist to be correct to be in the presence of the owner satisfied to get the correct response	Center
Spice Girls fans are left furious and demand refund after Cardiff reunion concert	gets yelled at upset to get away from the fans angry gets yelled at to be left alone to have a reason to be angry upset to get back to work	Lean Right
‘Final Fantasy VII’ Remake Might Not Just Ignore SJW Complaints But Spite Them	gets into trouble annoyed to be right mean none to be right to be a bad person happy to be a good person	Right
If We Cancel Kate Smith We Must Cancel The New York Yankees	gets yelled at upset to protest irresponsible gets yelled at by the manager to be a better team to have a meeting with the boss sad to reschedule	Right
Gun control could finally have its moment in Virginia	they have fun happy to have fun brave gets a lot of compliments to be happy to have a reason to do it happy to relax	Lean Left
Jake Tapper laughs in Pence’s face: ‘We don’t have the cleanest air and water in the world’	none none none none none none none none none	Left
NYT: New Details Emerge About Connection Of Bidens To Ukrainian Corruption Scandal	people get into trouble with personx happy to be successful smart gets called a fraud to be a good citizen to have information happy to make sure the information is accurate	Right
Ten U.S. states sue to stop Sprint-T-Mobile deal saying consumers will be hurt	people lose their homes angry to listen dominant to be honest to be correct to be a racist justified to stop smoking	Right
UN says thousands flee Congo violence seek asylum in Uganda	people are killed scared to escape brave gets arrested to be safe to be in a jungle scared to go home	Center
Trump calls secretary of state he hired ‘dumb as a rock’ after criticism	gets fired annoyed to get a job arrogant gets fired to get a raise to get the job satisfied to tell the truth	Lean Left
Developing: Financial Documents Show Elijah Cummings’s Wife Used Charity to Enrich Her For Profit Company	none none none none none none none none none	Right
Romney to vote against budget deal: Agreement 'perpetuates fiscal recklessness'	people lose money annoyed to protest smart gets accused of fraud to be in control to have a budget good to get a new job	Lean Right
Iran Afghanistan Ink Pact to Boost Nuke Production	people lose jobs annoyed to buy a new one smart gets a bad name to be a better person to have a reason to do it happy to get a new job	Right
A traffic stop turned into a police chase when a 65-year-old woman refused to sign for an $80 ticket	none none none none none none none none none	Right
Journalist 29 Shot Dead In Northern Ireland In 'Terrorist Incident’	people died sad to cry dangerous gets killed to kill someone to have been shot sad to be a hero	Left
These scientists tracked South Africa’s sardine run over 66 years	they get a good grade happy to get a good grade intelligent gets a promotion to learn something to have a microscope happy to get a good grade	Center
David Beckham gets six-month driving ban for using phone at wheel	gets called a freak annoyed to get a new car irresponsible gets into trouble to be able to drive to have a phone guilty to get out of trouble	Lean Left
STUNNING: Boeing’s 737 Max Software Outsourced to $9-an-Hour Engineers from Indian Software Developer	none none none none none none none none none	Right
Migrants fearful after hundreds arrested in Mexico raid	people lose their homes scared to get away scared gets arrested to be safe to have been caught by the police scared to run away	Right
Gunman Out On Parole Kills 4 In Australian City Of Darwin	gets killed sad to get away mean gets killed to kill people to get a knife guilty to get away	Left
Saudi Arabia Detains 2 U.S. Citizens In First Sweep Of Activist Arrests Since Jamal Khashoggi Killing	none none none none none none none none none	Left
1600 Hotel Guests In South Korea Were Secretly Livestreamed On The Internet	they get sick sad to have fun uninformed personx gets a tip to have a good time to have been cheated by their parents sad to get a drink	Left
Japanese volunteers curb suicide with kindness and pancakes	people are saved grateful to thank personx generous gets dirty to be helpful to have a recipe happy to be a hero	Center
900 Migrants Apprehended in 2 Days After Crossing Remote AZ Border Area	people are attacked annoyed to get a good deal unlucky gets a new job to be safe to have been caught in the middle of a tornado by the border sad to get a new home	Right
Trump And Xi Agree To A Potential Trade Truce — With Conditions	agree happy to make a deal agreeable agrees to a deal to be agreeable to have agreed to a trade deal satisfied to make a deal	Right
Republican congressman suggests GOP spent 8 years saving their health care plan for 2019	they get sick grateful to thank personx smart gets a medal to be healthy to be a senator in the first place happy to be a good citizen	Lean Left
Florida Man Killed by World’s Most Dangerous Bird	people are dead sad to kill personx dangerous gets killed to be dangerous to have an affinity for birds sad to get a new pet	Lean Left
Sanders: I Spent My Whole Life Fighting Against Authoritarianism Like the Soviet Union	people are offended annoyed to get rid of him racist gets into trouble to be a good person to be a communist justified to get out	Right
What Western Media Got Wrong About China’s Blockbuster ‘The Wandering Earth’	people are confused about the matter confused to get away from personx ignorant gets fired to be misunderstood to be a racist sad to make a documentary	Lean Left
Video shows fiery aftermath of suspected attack on tanker	people died angry to get away from the scene angry gets arrested to be a hero to have a weapon angry to make sure everyone is safe	Lean Left
900-lb. man pleads guilty in drug case while in ambulance	gets arrested sad to file appeal guilty gets arrested to get out of jail to be arrested guilty to get out of jail	Right
Jordan Klepper Wyatt Cenac and the Citizen Journalism of Class Clowns Made Good	students are reprimanded annoyed to listen to the teacher smart is applauded to be a good example to be a teacher satisfied to be a leader	Lean Left
Congress Is Failing Hurricane Michael’s Victims	people lose their homes sad to get a new job unlucky gets stressed to be a better swimmer to be a scientist sad to avoid storms	Lean Left
‘Girl bye!’: Watch CNN’s April Ryan tell Sarah Sanders off and mock her farewell party	she cries sad to cry mean none to be mean to have a party happy to go home	Left
House Democrats Are Shortchanging the Military	they are more productive happy to protest the policy patriotic gets demoted to change to have a policy good to change their ways	Lean Left
Sudan protests: Outrage as troops open fire on protesters	people are killed angry to get their attention aggressive gets arrested to be in control to have a gun justified to get rid of the people	Center
For Women of Colour Family Shame Can Make Abortions Traumatic	people get sick disgusted to get away from personx racist gets sick from the smell to be racist to be a racist sad to be a racist	Lean Left
Verizon seeking vandal who has been damaging its equipment	gets fired angry to get revenge careless gets arrested to get even to be a thief upset to apologize	Right
U.S. Quietly Waters Down Another Communique on Gender Equality	they get a raise happy to thank personx thoughtful gets scolded by superiors to be a leader to be in a meeting good to make sure the situation goes smoothly	Lean Right
Video Shows Migrants Abusing Children at Arizona Border Fence	children are harassed scared to run away racist gets scolded to be mean to be a pedophile happy to make a documentary	Right
The boundaries between politics and stand-up comedy are crumbling	people are laughing amused to laugh unintelligent gets ridiculed to be a comedian to have a bad experience sad to be successful	Center
Subtle Hints That It May Be Time to Clean Your Car	gets dirty grateful to thank personx helpful gets thanked to clean up the car to get the cleaning supplies ready helpful to get paid for cleaning	Lean Left
Strong Economic Growth in the First Quarter but the Devil's in the Details	people lose money happy to get their money back smart gets a promotion to be a success to have a problem satisfied to make sure the market stays good	Lean Right
America Falls Out of Love With Mitt Romney’s Foreign Policy	gets offended annoyed to get away from personx unintelligent gets hurt to be left alone to be a foreign speaker sad to get back up	Right
Nestle switches delivery model for some U.S. frozen foods cuts 4000 jobs	gets a bad review from the boss annoyed to get paid lazy gets a bad review to be a better person to have a job happy to make a profit	Right
Trump sounds reluctant to attack Iran. But he’s increasingly surrounded by hawks.	people lose money cautious to get away nervous gets shot to get away to be in a bad situation nervous to get away	Lean Left
Because Mueller Found No Collusion Trump Should Pardon Michael Flynn	gets into trouble sad to thank personx dumb gets yelled at to be left alone to be in the wrong place sad to apologize	Right
Feminist comedian Samantha Bee calls pro-life 'Unplanned' movie 'made up' propaganda edits trailer for her narrative on Planned Parenthood	none none none none none none none none none	Right
A Federal Judge Just Blocked Trump’s Latest Attempt to Turn Away Asylum Seekers	people are forced to listen to personx sad to get away from personx dominant gets called racist to be a good person to have lost their job justified to get a better deal	Left
Efforts to make buildings greener are not working	people get burned happy to get a new job creative gets sweaty to be a better worker to plant a garden happy to make more money	Center
Wayfair workers supporters protest furniture sale to U.S. immigrant camp	people get tired happy to get their money racist gets arrested to make money to be a racist happy to make a difference	Right
Beating hate with love: Cory Booker’s unorthodox approach to defeating Trump in 2020	people get hurt sad to win the game racist gets into trouble to be a better person to have a bad experience happy to win the race	Lean Left
Hope Hicks tells House that Trump is serious about accepting foreign help as conservative lawyer argues doing so could violate presidential oath	none none none none none none none none none	Left
Peggy Lipton star of ‘The Mod Squad’ and ‘Twin Peaks’ dies at 72	dead sad to cry dead gets arrested to die to have a lot of practice dead to get a new career	Lean Left
Ratio alert! KC paper’s spin for attack on Daily Wire’s Michael Knowles takes victim-blaming to the next level	none none none none none none none none none	Right
Solitary Confinement Can Lead to a Life Sentence in Prison	gets a lawyer sad to get out criminal gets caught to be free to commit a crime guilty to get out of jail	Left
Barr: I Was Surprised by Mueller Decision	they get thanked surprised to thank personx for their help surprised gets a raise to be surprised to have heard about it surprised to make a decision	Left
Alabama Legislature Passes Bill Requiring Chemical Castration For Child Sex Offenders	get arrested annoyed to get a good deal immoral gets scolded to make sure the children are safe to be a politician justified to be a good citizen	Right
Elections in the World’s Largest Democracy Are Being Boycotted in One Embattled Province	people are affected by the change sad  to win the election poor is voted out to make a change to be a racist happy to get away from the country	Left
Ady Barkan Is Making What Is Likely His Last Long Journey — and It’s to Testify in Support of Medicare for All	none none none none none none none none none	Left
Jeffrey Epstein Pleads Not Guilty to Sex Trafficking Charges	they are acquitted angry to thank person x guilty gets arrested to be a better person to have been arrested by the police relieved to be free of all charges	Left
Instagrammers told not to swim in idyllic lake	they swim in the lake happy to have fun adventurous gets wet to be a fisherman to be in lake happy to swim	Lean Left
Dominican resort claims US tourist went public with assault allegation after it refused her demand for $2.2 million	none none none none none none none none none	Right
AMD's stock extends slide tumbles 9.8% after Q2 results	they get a new employee happy to win the game successful gets a raise to be successful to be a success happy to be successful	Center
Third House Republican Blocks $19.1 Billion Disaster Aid Bill	people lose money sad to thank personx for the help greedy gets a raise to be a good citizen to be a republican sad to get rid of the corrupt politicians	Lean Right
LIKE IT NEVER HAPPENED: Jussie Smollett Case ‘Wiped’ From Cook County Clerk’s Database	gets a new case angry to get a new case careless gets arrested to be a bad influence to be a cop sad to get out of jail	Right
Oversight Okays Subpoena To Former White House Security Clearance Official	they are forced to do more research annoyed to get their money back powerful gets fired to get rid of a bad employee to have authority relieved to get the paperwork over with	Lean Left
Please Enjoy All the Newscasters Totally Incapable of Believing That August Has Arrived	people lose money happy to give up ignorant gets stressed to be successful to be in a meeting happy to be successful	Center
Grandmother 72 died from sepsis after playing with guide dog	cries sad to mourn unlucky gets buried to be a good pet owner to be a dog trainer sad to be buried	Lean Right
Donald Trump is even more racist than you thought: Part II	people get into a fight offended to avoid personx racist gets into trouble to be racist to have heard about racist traits like he is right to be right	Left
Pelosi and Schumer Hate BDS More Than Ultranationalism	they get a bad reputation annoyed to get away from him mean gets into trouble with others to be mean to be a politician angry to be a better person	Left
Last Night’s Debate Was a Throwback to a Darker Time	people are confused about the topic annoyed to argue reflective personx is misunderstood to be a better person to have a different perspective sad to be heard	Left
Filipina Journalist Maria Ressa Helped Expose Duterte's Deadly Drug War; He's Now Trying to Jail Her	none none none none none none none none none	Lean Left
Royal first as Queen appoints her first female as Dean of Chapels	they get promoted happy to be in charge powerful gets promoted to be a good example of his position to be in charge of the first rank powerful to make sure they do not lose their position	Lean Right
The Sonic the Hedgehog movie promises pure 1990s Jim Carrey nostalgia	people laugh happy to thank personx smart gets a good grade to be honest to have a reason to do so happy to be successful	Center
Carolyn Hax: Telling someone their kid’s name is dumb. There’s a name for that.	they get yelled at annoyed to cry mean is yelled at to be mean to be a teacher bad to get their attention	Lean Left
4 Myths Fueling the Fight Over NYC’s Exclusive High Schools	get into fight annoyed to get away from him arrogant gets yelled at to get even to be a racist powerful to be respected	Lean Left
Arsenal transfer news: Torreira Carrasco Pellegrini Cillessen	people lose their jobs sad to get a new employee helpful to be honest to the other people to be a doctor happy to be thanked	Lean Left
A Political Stalemate Over Puerto Rico Is Leaving US Disaster Funding in Limbo	loses their money angry to win lazy loses money to be a failure to be in the wrong place sad to get a new job	Left
'No more old men in uniform': on the ground with Sudan's protesters	they are offended annoyed to get away from him patriotic gets arrested to be patriotic to be a policeman sad to go to the police	Lean Left
Justin Amash on Quitting the Republican Party: 'It's Nice to Be Happy and Free'	people are better happy to thank personx happy but it's not good to be free to have a good attitude happy to be free	Lean Right
Sen. Tom Cotton Calls for IRS Investigation into Political Hate Group Southern Poverty Law Center	people are harassed angry to get rid of him smart gets arrested to be a good citizen to have a reason nervous to get rid of the corrupt people in the area	Right
Venezuelan President Nicolás Maduro’s Enemies Took Their Best Shot. They Missed.	loses money disappointed to get revenge on them careless gets a medal to be successful to have a gun sad to get away with it	Left
A Dutch Doctor Has Been Mailing Abortion Pills to Women in the US. Now the FDA Is Going After Her.	none none none none none none none none none	Left
The Big Drop in Corporate Tax Rates and Revenues	they get a raise sad to get a raise greedy gets a big tip to be a success to have a budget to invest happy to make more money	Lean Right
Commander-in-Chief Picks Flatterer-in-Chief for Fed Board	gets fired annoyed to thank personx dominant gets yelled at to get a job to have authority satisfied to be respected	Left
Open thread for night owls: Adam Gopnik takes another look at impeachment of you-know-who	none none none none none none none none none	Right
Top Dem strategists launch secret-money group to rebrand party	people get excited happy to thank personx smart gets a raise to be a success to be in a group happy to get a new job	Center
Micron stock price target raised to $36 from $32 at CFRA	they sell the product happy to win the competition determined gets money to be successful to make a decision happy to make a profit	Center
I'm a Celebrity queen Georgia Toffolo 'dating' shamed banker and ex-Farage aide	none none none none none none none none none	Lean Right
Trump’s interest in stirring Ukraine investigations sows confusion in Kiev	people are questioned confused to find out why curious gets arrested to be a criminal to have a lot of people confused to make a profit	Lean Left
The Post-War Temptation Towards Anger and Guns	gets hurt hurt to avoid him violent gets hurt to be dangerous to be in a bad mood angry to be in control	Right
Angiogenesis Foundation President And CEO Dr. William Li's EAT TO BEAT DISEASE Achieves New York Times Bestseller Status	none none none none none none none none none	Center
‘Winner by KO’! Rick Scott fires back at AOC for her ’embarrassing’ attempt to shame him	gets hurt embarrassed to cry mean none to show his skills to be a bad student ashamed to apologize	Right
THREAD==> Byron York explains how Robert Mueller ‘exposed fatal flaw of Trump-Russia affair’	none none none none none none none none none	Right
Fake Police Officers Steal $40M Gold From Brazilian Airport	loses money cheated to get their money back criminal gets arrested to be rich to have stolen it happy to get a passport	Right
New Zealand marks one week since mosque attack with prayers scarves	people are saved happy to thank him religious gets a receipt to be religious to go there happy to repent for their sins	Right
Huge alligator strolls across South Carolina golf course: He's 'running late for his tee time'	he gets yelled at by his wife annoyed to scold him irresponsible gets sweaty to be late to drive his car guilty to apologize	Right
The Millennial Homeownership Rate Is About the Same as it was 25 Years Ago	they get a raise happy to buy the product old is asked to stop to be rich to be a member happy to get a new job	Left
Evicted man 53 jailed on $4000 bond and charged with animal cruelty for leaving pet FISH behind	none none none none none none none none none	Lean Right
Trump Hails African-American Contributions to America Amid Battle With Black Critics	people are offended annoyed to protest racist gets arrested to be racist to have an interest happy to win the war	Center
Florida trooper had sex with 14-year-old girl in the back of his car: authorities	none none none none none none none none none	Lean Right
U.S. Mercenaries Arrested in Haiti Were Part of a Half-Baked Scheme to Move $80 Million for Embattled President	none none none none none none none none none	Left
After letter from former undocumented employees Trump feigns ignorance	people are fooled betrayed to get their money deceitful gets fired to make people believe them to have read the letter from employees guilty to get away with it	Lean Left
Iran: US Pressure on Iran Venezuela Threatens Oil Market	people are affected by the oil prices angry to get their money aggressive gets a rash to be a threat to have a product to sell nervous to make money	Left
Robert Francis 'Beto' O’Rourke: El Paso Safe Because of Immigrants Asylum Seekers	none grateful to thank him smart is safe to help people to be a lawyer relieved to be safe	Lean Left
July WTI oil climbs 23 cents or 0.4% to settle at $52.51/bbl	none none none none none none none none none	Center
UN Human Rights Chief Condemns Saudi Arabia’s Execution Of 37 Expresses Concern Over ‘Sham Trials’	none none none none none none none none none	Right
Officials report 'multiple patients' after explosion at Florida shopping center	gets hurt grateful to get medical help helpful gets paid to be helpful to be a doctor helpful to make sure they are ok	Lean Right
Mark Meadows Erupts over Kellyanne Subpoena	people lose money angry to get away from him mean gets yelled at to be a hero to be a lawyer powerful to get a good name	Lean Left
Trump suddenly reverses course on Iran says there is ‘no indication’ of threats	people lose money worried to find out the truth naive gets nervous to be safe to have a reason nervous to make a change	Lean Left
I’m Still Mad About the Dark ‘Game of Thrones’ Lighting	they get tired annoyed to apologize angry gets tired to be entertained to be angry angry to be left alone	Left
Alabama Prosecutors Dismiss Charge Against Woman Indicted In Death Of Her Own Fetus	gets a new lawyer sad to be saved from the same fate as their baby angry gets a settlement to be a judge to have a baby sad to file a motion for the case	Center
Ocasio-Cortez Blames Anonymous Staffer for Widely-Mocked Green New Deal FAQ Rollout	none none none none none none none none none	Right
Former DCCC Chair Distances From Controversial New Policy: Different Leaders Have Different Approaches	people are more informed annoyed to be heard intelligent different opinions  to be a better person to be in charge good to be a better leader	Left
Al menos 3 muertos 15 heridos en un tiroteo al norte de California	none none none none none none none none none	Lean Left
Chicago’s Inspector General Finds the City’s Gang Database Is Riddled With Errors	gets yelled at annoyed to find the culprit careless gets called a snitch to be correct to be in a bad situation frustrated to fix the problem	Center
Tariff Temper Tantrum: Trump Created a Fake Crisis & Has Announced a Fake Solution with Mexico	people are annoyed annoyed to listen to personx's explanation mean persony to make the situation worse to have something to do relieved to make people laugh	Lean Left
Ilene Chaiken: We’re Proclaiming Ourselves on ‘The L Word.’ That’s a Huge Part of Our Struggle and Celebration	none none none none none none none none none	Left
Ukraine language law debate spills into UN Security Council	people lose respect for personx annoyed to get out of the situation untrustworthy gets arrested to be heard to have been caught smoking guilty to get out of trouble	Lean Right
Busy Philipps on abortion: ‘Women have held on to a lot of this shame’	people are saved sad to thank personx immoral gets arrested to be a good citizen to have a baby good to be safe	Lean Left
Former Thai Prime Minister Prem Tinsulanonda Dies at 98	they get killed sad to thank personx dead gets poisoned to die in the end to have the authority sad to get rid of him	Left
Live Briefing: Sri Lanka Bombings Live Updates: ISIS Claims Responsibility and President Pledges Security Shake-Up	none none none none none none none none none	Center
The Rundown: Updates on NFIP online sales tax collections Medicaid and more Louisiana politics news	none none none none none none none none none	Left
Woman in Viral Video Who Licked Carton of Ice Cream and Put It Back Could Go to Jail	they are hungry happy to eat it later hungry gets dirty to eat to be hungry happy to be a good sport	Lean Left
Fired Harvard Dean Ronald Sullivan: 'Unchecked Emotion Has Replaced Thoughtful Reasoning on Campus'	students are confused annoyed to listen to personx mean gets into trouble to be heard to have been asked to leave satisfied to be heard	Lean Right
Refugees in Desperate Need of Help in Airports Across the United States	people are affected by the loss helpful to give personx a raise desperate gets stressed to be saved from the holocaust to get into trouble desperate to get help	Left
Immigration Facility Volunteer: ‘Prison-Like’ And ‘Concentration Camp’ Claims Are Flat-Out False	people are punished sad to get a better job untrustworthy and are not guilty to be truthful to have been arrested guilty to get a new job	Right
There’s a Simple Reason Why So Many People Seem to Have the Same Freckle	people are confused confused to listen to personx intelligent is asked to explain it to them to be right to have a similar trait good to explain it to others	Center
Theresa May is accused of trying to tie her likely successor Boris Johnson's hands with £27bn plan	none none none none none none none none none	Lean Right
Jason Rantz Guest Hosting: Antifa Takes over Portland Blue Checkmarks Cheer	people get nervous happy to have fun at the party mean to be a good host to have fun to be a manager happy to have a party	Right
We’ve Got People: Ryan Grim on the Democratic Party Nancy Pelosi and 2020 Campaign	people get killed happy to get rid of the people influential none to get rid of the corrupt people to be a leader happy to make sure everyone is safe	Left
Mission Accomplished: A$AP Rocky Returning To United States	they have to pay them happy to thank personx successful gets a raise to get a promotion to be a pilot happy to relax	Right
Mueller: Report did not exonerate Trump	gets fired angry to thank personx smart gets arrested to be correct to have a reason to do it relieved to be a good leader	Right
Valerie Jarrett Looks Back on the Obama White House	people are killed angry to get away cautious gets arrested to be a racist to be in the wrong place at the right time sad to see if the people are ok with the incident	Lean Left
A Deadly Blaze in the Alps Made a Biker a Hero and Tunnels Safer for All	people die safe to avoid danger brave is respected to be safe to be a biker happy to make more money	Center
‘Holy hell’: The twisted tale of Jessica Yaniv ‘gets worse than you could ever imagine’	gets into trouble angry to get away from personx unintelligent gets yelled at to be a jerk to be a preacher bad to be right	Right
Coalition Airstrikes in Raqqa Killed at Least 1600 Civilians More Than 10 Times U.S. Tally Report Finds	none none none none none none none none none	Left
Powell says don't play too much attention to the dot plot	gets confused annoyed to ignore personx careless gets yelled at to be left alone to have a plot happy to get away with it	Center
#KuToo Is The Japanese Movement Against Wearing High Heels	people are offended annoyed to get away trendy gets criticized to look trendy to have a good sense of fashion happy to look good	Lean Left
Sanders to Ryan on Medicare for All: 'I wrote the damn bill'	gets a receipt grateful to pay them responsible gets a receipt to be a good citizen to write the letter good about himself to be a good citizen	Center
Gaza Militants Escalate Rocket Attacks On Israel Multiple People Killed	people die sad to get away aggressive gets arrested to be a hero to be in charge of the military angry to kill everyone	Left
The Juicy Joyous Work of Frans Hals	people are surprised happy to thank personx for their work talented gets a promotion to be productive to be a politician happy to be praised	Lean Right
A Journalism Instructor Compares a Conservative Student Group to the KKK	gets into trouble annoyed to listen to personx racist gets asked questions to be a better teacher to be a student in the same class as them satisfied to teach them a lesson	Lean Right
After 13 straight days of devastating tornadoes 39 million under severe weather threat	people lose their homes worried about the outcome to avoid him unlucky gets stressed to be safe to be in a tornado sad to get better	Lean Left
Greek police arrest suspect in Greek-Australian's murder	gets arrested angry to get their money back angry gets arrested to be right to have a murder weapon angry to get a lawyer	Center
Wear It Loud Wear It Proud: How Logomania Got Back in Fashion	people look at personx happy to tell personx how they did it proud gets yelled at to be proud to have a good memory proud to be recognized	Left
Eurovision faces backlash as musical kitschfest hits Israel	the people who are in the same room as personx get into an accident are hurt sad to get away from him ignorant gets arrested to be entertained to be a musician sad to get out	Lean Left
The solar-power charged electric cars making money	they have power happy to pay personx rich gets a lot done to be able to pay bills to have electricity happy to pay their bills	Center
Archbishop Says Christians Slaughtered ‘Like Chickens’ in Nigeria	people die disgusted to go home racist is accused of cannibalism to be a christian to have a reason satisfied to be right	Lean Left
Trump: 2 years of my term were ‘stollen’	i have to pay them for it happy to be a good employee responsible is a good employee to have a good life to be a student happy to get a promotion	Center
Trump Purges DHS Leadership Threatening to Make Immigration Policies Even More Draconian	people lose their homes annoyed to protest aggressive is looked up to to be a better leader to have a reason to do so powerful to make a difference	Lean Left
Christians revolt: Students at this top evangelical university are demanding Pence step down as commencement speaker — and suggesting Buttigieg deliver the address instead	none none none none none none none none none	Left
Dear Parents: The Internet Never Forgets	parents are grateful happy to thank personx smart gets called to be informed to have a computer happy to keep the information in a safe place	Lean Left
Climate Change Is Finally Getting the Attention It Deserved 20 Years Ago	gets engaged happy to get to know personx proud gets promoted to get attention to be in trouble with the boss happy to be noticed	Lean Left
The City where you can change your gender... at the click of a single button	gets a new job happy to get to know personx smart gets called a pervert to change their ways to have a reason happy to change their ways	Lean Right
Mom arrested after son’s pal scalded in ‘Hot Water Challenge’ at sleepover	gets burned angry to get away mean gets scolded to be mean to have been caught smoking guilty to get out of trouble	Lean Right
Japan-South Korea feud threatening global chip supply	people are affected by the loss of their wealth annoyed to avoid the situation aggressive gets a bad reputation to be a bad influence on the customers to have a bad reputation angry to get rid of the japanese	Lean Left
Protesters belt out Les Miserables song in front of police headquarters	police officers are called upon annoyed to punish personx mean gets arrested to be a hero to be in a bad mood guilty to be a hero	Lean Left
Dear Wives: Publicly Criticizing Your Husband Makes You Look Horrible	gets offended sad to get away from him mean gets yelled at by persony to be mean to have seen you satisfied to make you look bad	Right
Tanden’s CAP Takes Facebook Money Despite Personal Criticism	gets a bad reputation annoyed to get their money back greedy gets yelled at to be rich to be in a relationship guilty to get a new job	Right
The GOP feud between Donald Trump and Roy Moore gets even uglier	loses money annoyed to win mean gets yelled at to be a jerk to be a racist angry to get away with it	Left
Puerto Rico is targeting 100% renewable energy. The Trump administration has other ideas.	people lose their jobs angry to protest smart is asked to stop to be correct to be a manager happy to make more money	Lean Left
Stuck on the sidelines: A transgender powerlifter fights for the right to compete	they lose happy to win brave wins the game to win the game to be in a contest proud to win the game	Center
Kids In Philadelphia Muslim Society: ‘We Will Chop Off Their Heads’ For Allah	people die angry to get rid of them religious is arrested to be a racist to have killed people like they have been cheated by the world to be a christian	Right
While Trump Practices Benign Neglect Mulvaney Hammers Cabinet Members	they get fired annoyed to get rid of him unintelligent gets fired to be the best to have the ability to do so like a failure to get a better deal	Lean Left
Horseman Capital suffers big losses as stocks rally	loses money sad to win the race unlucky loses money to be successful to have lost their money sad to get a raise	Center
Getting Poorer While Working Harder: The Cliff Effect	they are envious of personx envious to give personx a reward poor gets a raise to be richer to have a hard time sad to get a raise	Left
The State That Liberal Dreams Are Made Of	they get into a fight sad to be a better people mean gets arrested to be right to be a politician happy to be successful	Lean Left
Sudan’s Military Overthrows President Omar al-Bashir	people lose respect for the president angry to protest the decision powerful gets arrested to be a leader to be a leader powerful to make sure everyone is safe	Left
Charts of the Day: The High Cost of Hospital Care	gets treatment grateful to pay personx responsible gets a receipt to be helpful to have a job happy to get better	Lean Right
California man who kept runaway teen in metal box at pot farm sentenced to 31 years in prison	gets caught sad to be a good citizen responsible gets arrested to be a criminal to be a cop sad to be a good citizen	Lean Left
The self-styled Libyan National Army has launched airstrikes on Tripoli	people lose their homes angry to get rid of him aggressive gets arrested to be a leader to be in military powerful to take a break	Center
Steyer Presidential Campaign Ad Pressures Pelosi By Name	people are affected annoyed to vote aggressive gets a lot of money to be a good leader to be a senator powerful to get a good name	Right
Undercover with the eco-activist group Extinction Rebellion	people are killed angry to get rid of him aggressive gets attacked by a riot to be a part of society to have a group happy to get rid of the rejects	Lean Right
Atheist group complains 'God bless America' is said at elementary school after daily pledge. District quickly falls in line.	none none none none none none none none none	Right
The Right Opens Up a New Front in the Census War: Criminal Records	people lose money angry to get rid of him criminal gets arrested to be a bad person to be a bad person guilty  to get rid of the criminal	Left
Media Threatens to Dox Microsoft Employee Who Said Execs Are ‘Awarded’ For Discriminating Against White & Asian Men	none none none none none none none none none	Right
William and Kate’s Police Convoy Hits Woman 83 Who Is Hospitalized in Serious Condition	bleeds sad to go home dangerous gets hurt to be a hero to get into an accident sad to be safe	Left
Democrats Are Maaaaaaybe Starting to Find the Right Balance on the Tricky Politics of Impeachment	none none none none none none none none none	Left
Baltimore struggling after ransomware cyberhack cripple Baltimore's government computer network	people lose their computers angry to punish him poor gets arrested to get money to have a computer that works sad to be free	Lean Right
Donald Trump Jr joined an army of dubious social media trolls to target Kamala Harris with a racist smear	none none none none none none none none none	Left
International Relations Theory Doesn’t Understand Culture	people are confused confused to ask personx questions ignorant gets into trouble to understand to learn culture confused to understand	Lean Right
The Voraciousness and Oddity of Dora Maar’s Pictures	people look at them in disgust annoyed to be left alone unimaginative gets ridiculed to be entertained to have a lot of money satisfied to show off their collection	Lean Left
Nationwide Demonstrations Announced to Protest Immigrant Detention Centers	people are sent to camps angry to get away from him willful gets accused of racist act to be a leader to have the authority justified to make sure the protest is heeded	Left
Five beached whales in Florida saved by strangers	people get killed grateful to thank them brave gets a new home to be saved from drowning to have a boat happy to go home	Center
KNOWLES: Crushing The Left's Opposition To The New Pro-Life Law	they are defeated happy to win determined gets arrested to be a winner to be in a political party happy to be a winner	Right
Trump Organization Sues House Oversight Chair Elijah Cummings to Block Subpoena	gets a lawsuit angry to get a new client mean gets a lawsuit to get a good deal to be a judge satisfied to get a new job	Lean Left
COMING SOON: Samantha Power’s Unmasking Campaign Linked to Obama’s Deep Hatred of Israel	people get hurt by the racist racist angry to be safe racist gets arrested bad to have been betrayed angry to be a racist	Right
Fact checking Robert Mueller's congressional hearing	gets accused angry to get a good hearing curious gets called out to be a judge to have access to the information satisfied to tell others	Center
Asylum officers ask court to block Trump program that's 'contrary to the moral fabric of our Nation'	they are offended angry to listen to personx righteous is asked questions to be a good person to be a racist justified to make sure that the policy does not change	Right
Hillary Clinton Wins Fight for $12 Minimum Wage	people lose their money sad to congratulate personx on winning the fight lucky gets a trophy to win to have the right equipment happy to get a trophy	Left
India election 2019: Oldest voter explains why it's important to vote	people are voting happy to protest smart gets a raise to be correct to have the right information good to make a difference	Center
The Most Unpopular Presidential Election Winner Ever Could Win Again in 2020	they are disappointed happy to congratulate personx successful gets a medal to win to be a winner happy to be a leader	Left
Saying goodbye to working mom guilt is the best way to celebrate Mother’s Day	mother has a good time happy to be thankful to personx caring is appreciated to be happy to be in a bad mood happy to go home	Center
Donald Trump Tells the Truth Today	people are surprised shocked to listen to personx honest gets a raise to be honest to have been arrested relieved to be honest	Left
Nearly 500000 people have signed up on Facebook for a proposed raid on Area 51 — vowing to ‘see them aliens’	none none none none none none none none none	Left
Michigan Man Allegedly Shot Two Men ‘Because They Were Gay’: Prosecutors	people are shot hurt to sue mean gets arrested to get their point across to be a cop justified to make a settlement	Left
Government data are ever more important to economic research	they gain more knowledge interested to gain an advantage intelligent gets stressed to be more successful to have a good understanding happy to get a good deal	Center
Nevada Democrats pass bill to restore voting rights of 77000 people	people vote for the right grateful to vote for their rights powerful gets a bill for voting to be a good citizen to be a racist happy to make laws	Lean Left
Facebook Co-Founder Calls Its Cryptocurrency Plans ‘Frightening’	people get nervous scared to listen to personx mean gets called a racist to be feared to be a member of a group scared to be a leader	Left
Fossil Fuel Stooges Pence & Trump Deny Climate Crisis as Deadly Rains Slam Louisiana & South Asia	none none none none none none none none none	Lean Left
Yosemite to restore names to historic attractions under $12-million settlement	people are grateful happy to thank personx rich gets money to make a difference to have the right information happy to be a success	Lean Left
Ginni Thomas Plans New Conservative Supergroup to Protect President Trump	people get into a fight happy to thank personx smart gets yelled to be a good citizen to have a good reason happy to be successful	Left
What Happens When Your Girlfriend Finds Out You're into Trans Women	gets hurt sad to get to know personx better curious gets a restraining order to be a pervert to have a relationship sad to get away from persony	Lean Left
AP FACT CHECK: Trump distorts findings of Russia probe	they get a new employee angry to get the results smart gets arrested to be correct to have a report satisfied to make a report	Lean Right
Credit standards for leveraged loan to corporations has deteriorated Fed says	loses money cheated to help him greedy loses money to be richer to be a fraud sad to make more money	Center
Queen Elizabeth Learned To Shoot At 14 With Churchill’s Tommy Gun	they get hurt scared to teach them to shoot brave gets a black eye to be a gun enthusiast to practice nervous to shoot a gun	Right
Luis Alvarez Long-Time Advocate of 9/11 Responders Dies at 53	people get killed by the mafia grateful to get their money back smart gets a good deal to be helpful to have a lot of experience satisfied to be a leader	Left
Park is rendered ‘unusable for MONTHS’ after a ‘bin chicken’ invasion left it stinking of ibis poo	none none none none none none none none none	Lean Right
Raptors Exec Allegedly 'Pushed' and 'Struck' Sheriff's Deputy After Finals Game	gets into trouble annoyed to get away from him arrogant gets yelled at to get a better job to be in a car with a lot of people smug to get even	Right
‘Wow’ factor puts Trent Alexander-Arnold centre stage for Liverpool	people are watching nervous about the situation to listen to the music influential gets a raise to show off to be a performer happy to make a difference	Lean Left
This Medical School in Japan Uses Facial Recognition for Attendance	they get paid happy to teach personx studious gets a diploma to get an education to sign up proud to apply for a job	Lean Left
Growing number of Latinos broaden labor's mission political power	gain more power happy to protest powerful gets promoted to be in charge to be in charge happy to gain influence over others	Center
EU Tells Iran To Reverse Uranium Enrichment	they get a bad grade angry to get rid of him smart gets a receipt to be correct to know how to do it smart to get rid of the waste	Right
Trump Throws Gauntlet Down To Media: I Want You To See Detention Centers	people get hurt upset to listen to personx mean gets scolded to be a leader to have a gauntlet satisfied to make sure they are safe	Right
Angels Rangers to play Tuesday; Skaggs autopsy set	people are dead nervous to get paid skilled gets called a freak to be a cop to be a detective satisfied to get the truth out	Right
Elizabeth Warren’s Plan To Cancel College Debt Is a Giveaway to the Well-Off and Well-Connected	none none none none none none none none none	Lean Right
‘The Worst Nightmare for a Parent’: U.S. Family Accuses Kenya of Using Mob to Kidnap 3-Year-Old Son	none none none none none none none none none	Right
In 2018 55 U.S. Law Enforcement Officers Were Killed by Attackers	people died sad to get rid of him dead is shot to protect the people to have been shot dead to surrender	Lean Right
Alexis Tsipras: leader won respect abroad but lost support at home	people respect person x happy to support him untrustworthy is criticized by others to be a good leader to have lost their job sad to get a raise	Lean Left
Trump: Illegal immigrants in sanctuary cities would make ‘Radical Left’ happy	people are affected by the new laws annoyed to listen aggressive to be bold to be successful to be in the presence of people who have a sense of justice happy to be a better person	Lean Right
Grand Theft Auto 6 rumours: setting next-gen console launch and more	people are robbed angry to get their money back criminal gets arrested to be a thief to be a criminal happy to get a new car	Lean Left
Cassidy Sinema Release Family Leave Plan	gets yelled at upset to thank personx responsible gets thanked to be alone to be in the wrong place relieved to be alone	Right
Pelosi AOC Clash over Reach of Progressives’ Influence	people are affected happy to thank him influential gets into trouble to be in control of his life to have influence happy to be successful	Lean Right
Federal Agents Storm Venezuelan Embassy Arrest Protesters	get caught by police police officers to get away aggressive get caught to be a bad influence on people to get in the car bad to make sure the people are ok with the situation	Right
Ocasio-Cortez calls out Steve King Liz Cheney amid controversy over concentration camp remarks	is ignored none none rude is yelled at none to be a racist angry to get the right information	Lean Right
Trump Yarmulkas cause a mini-outrage reminders go out how Democrat versions were warmly embraced	none none none none none none none none none	Right
Portland and Denver’s Four-Overtime Game Revealed the Six Stages of Exhaustion	they are disappointed annoyed to win exhausted gets tired to be a good sport to have played a game tired to sleep	Left
Japan’s New Emperor Marks a New Era	people listen to personx annoyed to listen to personx smart gets called a fool to be a leader to be in charge of a group happy to be a leader	Lean Left
Money launderer 67 convicted of £10million Jewish charities scam after going on the run	loses money sad to win the race greedy gets arrested to get away with murder to be a fraud sad to get a new job	Lean Right
Donald Trump has crazed meltdown in White House driveway	gets scared annoyed to avoid him crazy gets arrested to be crazy to be in the car frustrated to calm down	Left
Ocasio-Cortez Promotes Unsubstantiated Conspiracy Theory About Trump	people are offended annoyed to listen to personx smart gets accused to prove his innocence to be a racist happy to be a good example	Right
Federal Reserve Chairman Jerome Powell isn’t taking any of Donald Trump’s crap	gets into trouble annoyed to get a raise stubborn gets fired to be a better person to have the right equipment superior to be successful	Left
Meet the trainer to royals rulers and billionaires	gets paid annoyed to win rich gets praised to be a good trainer to be a trainer happy to get a raise	Lean Left
The Electoral College Was Not a Pro-Slavery Ploy	they get a better job disappointed to win untrustworthy personx gets a job to be a good citizen to have a lot of money happy to win	Center
‘I’m Just Over the Moon.’ Prince Harry Can’t Stop Beaming About His New Royal Baby Boy With Meghan Markle	none none none none none none none none none	Center
Right-Wing Supreme Court Gives Green Light to Partisan Gerrymandering	people lose their jobs angry to protest powerful gets yelled at to make people understand to have a reason to do so happy to be heard	Left
Mexico to issue limited humanitarian visas to migrants	people are affected by the disease grateful to thank personx for their service generous gets thanked to help to have the authority happy to help the poor	Center
Mike Pompeo urges China to immediately halt detention of Uighurs in Xinjiang	none none none none none none none none none	Lean Left
Electric carmakers gear up for market charge	they sell the equipment happy to sell the product prepared gets paid to make money to get the gear ready for market happy to sell the product	Center
NYPD investigating Megan Rapinoe posters vandalized with homophobic slurs	people are arrested for assault none to be correct rude gets arrested none to have a reason bad to get a new case	Lean Right
China’s Supply of Minerals for iPhones and Missiles Could Be a Risky Trade Weapon	people lose their jobs angry to buy more stuff risky get caught to be a bad influence to have the resources to make a product happy to be successful	Center
The Pentagon’s Top Ranks Have Been Empty for a Long Time. Now 1581 Problems Are Waiting to Be Solved.	none none none none none none none none none	Left
Duterte threatens 'suicide mission' if Beijing oversteps in South China Sea	people lose their jobs scared to avoid the chinese aggressive gets arrested to get rid of the chinese to be a spy powerful to get away with it	Lean Left
'Don't mess with us': the spirit of rebellion spreads in Hong Kong	people get hurt annoyed to get back at personx mean gets arrested to be mean to have a sense of humor happy to make a change	Lean Left
The Blob Lashes Out At Critics of Endless War	people lose money annoyed to get even with personx aggressive gets hurt to show off his skills to be a journalist justified to be famous	Right
Figure linked to Trump transition charged with transporting child pornography	people lose money cheated to get rid of personx greedy gets arrested to be rich to be a broker of illegal products happy to get a good deal	Lean Left
Quarter of Brits lose sleep over debt	loses money sad to help him lazy gets a loan to get a better deal to have a job sad to get a new job	Lean Left
Carolyn Hax: Husband’s abusive mom isn’t the only one who owes him an apology	gets yelled at sad to get away with it responsible is punished to make sure she does not get into trouble to have been wronged guilty to apologize	Lean Left
Jalen Rose Has a Problem with Basketball Analytics	they are disappointed annoyed to win unintelligent gets into trouble to be a better basketball player to have a problem frustrated to get better at basketball	Lean Left
Joe Biden’s Union Schtick Is All Performance. His Pollster Just Signed Up to Lobby Against Labor for Trump’s NAFTA 2.0.	none none none none none none none none none	Left
Democratic congressman believes 'the greatest threat to the Second Amendment is to do nothing'	people are saved happy to protest naive gets a raise to be patriotic to be a racist satisfied to do nothing	Right
Beto Slams Warren’s ‘Mistaken’ Call to Decriminalize Border Crossings	people get hurt angry to get away from him mean gets caught to be correct to have heard rumors about border crossing justified to get away with something	Lean Right
Mexican chef Ricardo Munoz Zurita posts a video of a fish with plastic inside its gut	none none none none none none none none none	Lean Right
Uber Drivers Strike Before Owners’ Big Payday	people lose their cars angry to get the money careless gets arrested to be a success to get into a car accident sad to get a raise	Lean Left
10-year-old girl died from excitement while halfway down a 270-foot water slide	none none none none none none none none none	Lean Right
Toy Story 2 Cuts Fake Blooper Scene in Wake of #MeToo	laughs happy to laugh careless gets yelled at to make people laugh to be a good actor happy to be a hero	Right
Mexican authorities rescue boy 8 whose parents 'wrapped his legs with a chain'	gets hurt scared to help him brave is arrested to save his own life to get the item scared to run away	Lean Right
There’s No End to Jimmy Kimmel’s Torment of Matt Damon and He Just Upped the Ante	none none none mean none none none none the truth	Center
Scouted: You Can Get SodaStream’s Soda Maker Today on Amazon for Less Than $60	001 happy 50 irresponsible 000 dollars to have a drink to go to the store happy a good price	Left
Giant jellyfish the size of a human spotted by divers	they get paid surprised to get paid for their services dumb gets called a freak to be a fish to be in a boat happy to be a fish	Lean Left
Trump approval rating dips to 44 percent: poll	they get promoted happy to give a raise ambitious gets promoted to be a success to have the authority happy to win	Lean Right
Opioid Users Call Kratom a Godsend. The F.D.A. Says It’s a Menace.	people get sick annoyed to get rid of him authoritative to be safe to be in control to have a problem powerful to get an answer	Center
Protester grabs Kamala Harris' microphone at San Francisco forum	gets yelled at by personx annoyed to get a drink aggressive gets yelled at to be heard to get a microphone happy to get a drink	Center
Help! My Children Are Furious I’m Having Sex With Their Half-Brother.	gets a headache angry to get away from him mean gets yelled at to have sex with them to have sex angry to get away from the situation	Left
Police said he licked ice cream and put it back. Video he claims doesn’t show the whole story.	none none none none none none none none none	Lean Left
Bernie Sanders Forced To Admit He Would Raise Taxes On The Middle Class	they get a raise annoyed to protest the decision mean gets yelled at to be fair to be a teacher justified to make sure the class is safe	Right
With his North Korea trip Trump revealed the US government is a one-man operation	people are affected by the event surprised to get out of the country brave gets arrested to save money to have the authority to do so happy to get away with it	Lean Left
An Australian Toddler Reportedly Stuck A Used Condom Found At McDonald’s In Her Mouth	they are surprised disgusted to eat careless chews to be a good cook to be at mcdonalds embarrassed to clean it up	Right
The Oberlin Trial Is a Blueprint for Fighting Back	they are defeated angry to win aggressive gets arrested to win to have a reason justified to win the case	Lean Right
The Scrambled Logic of Trump’s New Attempt to Kill Obamacare	they get killed angry to get away from him smart gets killed to be a hero to have a reason happy to make a plan	Lean Left
2016 Lies All Over Again! Biden Launches Campaign With Fake Polls Showing Him 8 Points Ahead Against Trump	none none none none none none none none none	Right
Bangladesh keep hopes alive as Shakib Al Hasan sinks Afghanistan	people die in iraq grateful to thank him religious gets killed to save people to have a religion happy to make sure everyone is dead	Lean Left
Kindergarten Cop actor is arrested for public intoxication in Alabama	gets arrested angry to punish personx criminal gets arrested to be a cop to be arrested ashamed to be arrested	Lean Right
New Hampshire Lawmakers Just Overrode the Republican Governor’s Veto and Abolished the Death Penalty	people are killed good to enforce the law powerful is looked down on to be a better country to be a politician justified to enforce the law	Left
Column: At L.A. City Hall incompetence and corruption are close cousins	people are cheated annoyed to get away from personx corrupt gets fired to be a bad influence to have a bad reputation bad to get even	Lean Left
Clinton Albright Urge Political Action to Defy Threat of Fascism	people get into trouble annoyed to protest aggressive gets protested to be a leader to have the power to do it justified to be a leader	Left
Democrats renew attacks on Trump attorney general	people lose their homes angry to win aggressive gets arrested to win the case to be a racist satisfied to win	Lean Right
Werner Herzog's New Film Is About an Old Dead Friend	cries sad to see the film curious gets a film review to have fun to write a book about the old friend sad to write a book	Lean Left
Devin Nunes’s Ridiculous Lawsuit Is a Masterpiece of Republican Grievance	people are insulted annoyed to get away from personx racist gets yelled at to get away with something to have a lot of people in a political party justified to win	Lean Left
The surprising thing about America's migrant past	people are surprised surprised to learn more about it curious gets a compliment to be a good citizen to have been born in a migrant race surprised to be a success	Center
Key swing district voters want candidates willing to take on Big Pharma: Americans are ‘tired of getting ripped off’	none none none none none none none none none	Left
The Right to a Stable Climate Is the Constitutional Question of the Twenty-first Century	people are asked questions happy to ask questions intelligent gets asked questions to be the right to a stable climate to be a politician happy to make sure people understand	Lean Left
Enbridge Is Behind This Front Group Pushing the Company’s Line 3 Oil Pipeline	gets into trouble angry to get a good deal greedy gets a promotion to be in charge to have a reason happy to be a success	Left
Oh HONEY good luck with that! Nancy Pelosi’s rant about ‘not accepting a 2nd Trump term’ belongs in Butthurt Hall of Fame	none none none none none none none none none	Right
‘Talk about taking foreign help’! Rep. Jim Jordan reminds Dems what happened in 2016 (and the Resistance does NOT like it)	none none none none none none none none none	Right
China toddler: Three-year-old falls six storeys and survives	they are scolded happy to make sure they are ok young gets scolded by his parents to not be a burden to be born happy to get up	Center
Fox News’ Chris Wallace Sets Record Straight: Russia Investigation Did Not Start With Trump Dossier	they get fired angry to get their money thorough is fired to be accurate to have information satisfied to be right	Left
Serial hot-take-haver Pardes Seleh is totally cringing at all you housewives ‘who haven’t worked a day in their life’	none none none none none none none none none	Right
Northern Ireland Police Arrest 2 Men In Shooting Death Of Journalist	gets arrested sad to get away violent gets arrested to be a police officer to be a policeman angry to get a lawyer	Center
Sanders: Biden 'Owes the Country an Apology' on 'Civility' Remarks	gets angry grateful to forgive respectful gets fired to be polite to have done something wrong relieved to make amends	Lean Left
Young Texas brothers killed in violent storms identified	people are killed scared to get revenge violent gets arrested to be safe to be in a violent environment scared to be safe	Lean Right
Sen. Steve Daines Proposes Resolution Condemning ‘Disastrous Policies’ Of Socialism	people lose respect for personx angry to protest wise gets yelled at to be a leader to have the information justified to be right	Right
POLICE PROTECT BLACK FEMALE TRUMP SUPPORTER From Violent White Antifa Terrorists in DC	people are protected protected to thank personx protective is arrested for kidnapping to protect the females to have the resources to defend against violent white terrorists proud to protect the women	Right
SICK. Nearly 50K People ‘Like’ Tweet About Running Over Seven-Year-Old Pro-Trump Child	none none none none none none none none none	Right
FedEx Sues U.S. Commerce Department Over Export Controls In Huawei Dispute	gets sued angry to get their money back aggressive gets sued to be a good citizen to have a reason satisfied to get a good deal	Center
Tensions worsen between LAPD and ICE over Trump immigration raids	people lose money annoyed to get away with something greedy gets arrested to be a success to be a politician bad to get away with it	Lean Left
Gold futures move up after earlier declines as U.S. stock indexes turn lower	they lose money disappointed to get a raise unskilled loses money to be a winner to be in competition sad to get a raise	Center
Five Charged in Texas Human Trafficking Sex Slavery Scheme	people are raped sad to get away immoral gets arrested to make money to have a reason to do it guilty to get a good deal	Lean Left
Explosions heard in Syrian capital apparent Israeli strikes	people lose their homes surprised to get away observant gets nervous to be aware of the outcome to have heard the reports surprised to make a report	Right
Dan Crenshaw RIPS into Google execs at hearing for labeling Ben Shapiro a Nazi	none none none none none none none none none	Right
Hong Kong Protesters Storm Legislature On Anniversary Of City's Return To Chinese Rule	people are affected by the event happy to celebrate the event powerful gets a medal to be in control to be a politician happy to celebrate the event	Left
Europe’s Dream: Escaping the Dictatorship of the Dollar	people lose money disappointed to win the game brave gets a new job to be free of debt to be a dreamer happy to be successful	Lean Right
Amlo makes economic mis-steps as Bolsonaro delivers reforms	people are affected annoyed to get a new office greedy gets stressed to be a good citizen to be in charge happy to be a success	Center
Donald Trump state visit: What happened on day one	people are shocked happy to go to the airport responsible gets yelled at to be a part of the event to have a meeting with his colleagues happy to go home	Center
DGAP-Adhoc: Allgeier successfully completes capital increase	they are grateful to him happy to congratulate personx smart gets praised to achieve something to work hard happy to be successful	Center
Airbnb’s Anti-West Bank Policy Shows Why Laws Against BDS Matter	people get caught angry to protest the policy wise gets arrested to make people safe to be a politician good to enforce the policy	Right
From embassy to prison: Assange settles in for legal battle	loses money sad to win the case willful gets arrested to win the war to have been arrested by the police justified to win	Lean Right
Freedom of Religion Doesn’t Cut It	people pray happy to listen to personx religious gets a headache to be religious to have faith religious to be religious	Lean Right
After INF Treaty’s Demise U.S. Seeks Funds for Missile Tests	people lose money angry to thank personx greedy gets arrested to get rid of something to have the resources to do so satisfied to make sure the people are safe	Right
The alternative to bad cops can be worse	gets arrested bad to be safe bad gets arrested to be better than bad cops to be a criminal bad to avoid bad cops	Center
Sunday Live! — New York Times Announces Plan To Ban All Conservatives From YouTube	people listen to person x annoyed to listen to the information smart is criticized to be a good citizen to be a politician happy to be a leader	Right
Man jailed for beating wife claims he was victim of anti-Semitic harassment	gets hurt angry to get out mean gets caught to defend himself / herself to be in trouble guilty to be a hero	Lean Right
Wheelchair basketball player Abdi Jama: I'm lucky to be alive	they play with me happy to win lucky gets a trophy to be healthy to be in a basketball game happy to be the best	Center
Mass Stabbing In Japan Leaves 17 Injured 3 Dead Including 11-Year-Old Girl	cries sad to cry dead is buried in a casket to die to have been shot by a gun sad to get medical help	Right
Mass. Judge Charged with Obstruction for Allegedly Helping Man Evade ICE	gets caught angry to thank personx mean gets arrested to be a cop to be judge angry to make a judgement call	Lean Right
Toddler miraculously survives fall down steep embankment in Arkansas	they are surprised sad to help them lucky gets hurt to be alive to be in a ditch lucky to be a good swimmer	Center
Michigan charges 5 former priests with sexual misconduct	gets arrested angry to get away from personx immoral gets arrested to be in control to have a bad reputation angry to make sure they are not caught	Lean Right
Judge Suspended Without Pay For 6 Months After Making Anti-Trump Remarks in Court and on Facebook	they are angry angry to file a motion guilty is arrested to be right to be a bad person guilty out	Right
Boris Johnson ‘will get UK match fit for no deal’	they are happy happy to get the money back determined gets a good deal to be fit to have a good deal happy to get the best deal	Lean Left
Georgia's Department of Public Health Is Going After a Charity That Feeds Hungry Kids for Using 'Uncertified' Kitchens	none none none none none none none none none	Lean Right
A Cross-Atlantic Plan to Break Capital’s Control	loses control annoyed to get away from personx careless gets arrested to win the game to have the information powerful to get away from people	Left
Exxon Mobil sues Cuba over property expropriated in 1960	people lose money angry to get their money back greedy gets arrested to be in power to have the authority satisfied to make money	Right
Black man asks appeals court to move case from Clinton courthouse with Confederate statue	they are sued angry to win the case desperate gets rejected to win the case to have a court date satisfied to win	Left
Trump was winner coming out of Mueller hearings Rep Steube says	they are disappointed disappointed to listen to personx successful gets praised to be the winner to have a lot of experience proud to win	Right
TriciaBiz Launches Online Business School for Entrepreneurs in Africa	people get a good name interested to get paid smart gets paid to make money to have a website happy to make money	Center
The Latest: Prosecutors want cruise ship captain arrested	gets arrested angry to make a settlement criminal gets arrested to get a good deal to have been arrested sad to get the captain arrested	Lean Right
Rand Paul Offers To Buy Ilhan Omar Ticket To Somalia So She ‘Might Come Back And Appreciate America More’	none none none none none none none none none	Right
US Navy SEAL acquitted of war crimes despite eyewitness testimony and photographic evidence	they are arrested sad to get a report honorable is arrested to be a hero to have a gun justified to prove the facts	Left
British Airways pilots' strike gets the go-ahead sparking fears of chaos at Heathrow	people lose their jobs worried to be safe brave gets a ticket to be a pilot to be in the air nervous to be successful	Lean Right
Document of the Week: U.N. Calls Out Syrian Propaganda Over Hospital Attacks	people are affected annoyed to get rid of personx mean gets called out to be in control to be in a hospital satisfied to get away with something	Lean Right
The Horrors of ICE’s ‘Trans Pod’	people get sick disgusted to avoid him scared gets sick to experience something to be a horror film film actor sad to get away	Lean Left
The Trade Secret: Firms That Promised High-Tech Ransomware Solutions Almost Always Just Pay the Hackers	none none none none none none none none none	Center
Watch Live: Big Tech Officially Announces Plan To Censor All Conservatives & Christians On A Planetary Scale	none none none none none none none none none	Right
‘MAGA bomber’: I didn’t know pipe bombs could hurt anyone	people die hurt to get hurt mean gets burned to be a bomb expert to have a bomb thrower sad to get rid of it	Lean Right
Trump honors D-Day anniversary by ranting about Nancy Pelosi	people get tired annoyed to get a good night's sleep annoying gets yelled to be a good host to have a lot of friends happy to be praised	Right
The global arms trade is booming. Buyers are spoiled for choice	people lose their homes happy to get their product greedy gets a lot of money to make more money to make a deal happy to make more products	Center
Best 5G smartphones 2019: Samsung Galaxy S10 5G OnePlus 7 Pro 5G and more	none none none none none none none none none	Lean Left
Donald Trump’s worsening obstruction of justice antics won’t end well for him	gets into trouble annoyed to get their way willful gets arrested to be in charge to have a reason to do so justified to get away with something	Left
Escape reality with these delightful old-time thrillers. You’ll forget 2020 is almost here.	happy happy to forget about it naive sad to forget to have been a good listener happy to change their ways	Lean Left
Legal experts ‘flabbergasted’ by AG Barr’s ‘deliberate political performance’: He’s ‘too far into the tank for’ Trump	none none none none none none none none none	Left
‘It Feels Like a Whole Century Was Cut Out.’ Chinese Censors Slice Six Minutes from Game of Thrones Premiere	none none none none none none none none none	Center
Justin Amash and the Libertarian Future	they are grateful happy to protest influential gets a new job to be a good citizen to be a racist happy to make sure everyone is happy	Lean Left
Trump's thrilled he's finally got an attorney general willing to sell out the American people	gets a good deal happy to thank him determined none to be a good lawyer to be a lawyer happy to get a good deal	Right
Thailand’s opposition forms alliance claims lower house majority	people are defeated angry to win powerful gets called a fraud to be in control to be in power happy to be in power	Right
Taliban Fighters Freed From Guantanamo Now Face U.S. in Peace Talks	people are safe happy to thank them for it brave gets shot to be safe to have the authority relieved to be a hero	Right
Governments could take decades to save species. Here’s what you can do now.	they get their money grateful to thank personx smart gets a promotion to save to be a scientist happy to get a good name	Lean Left
This Republican lawmaker actually just called out Trump’s racism	people are shocked happy to protest racist is ignored to be a good citizen to be a racist happy to get a vote	Left
Harrison Ford Thanks Trudeau For Fighting ‘World War III’ Climate Change	people lose money happy to thank personx patriotic gets a medal to be respectful to have been asked for a loan happy to get out of trouble	Right
Parents of South Australian girl killed when Lamborghini careered onto a footpath mourn	people lost their lives sad the girl sad personx is killed to be dead to be in the wrong place sad to be saved	Lean Right
Female footballers grab the world’s attention — finally	gets excited interested to listen to personx brave gets yelled at to be noticed to be a leader happy to be recognized	Center
The Death of America’s Frontier Vision	people are dead sad to be safe brave gets arrested to be a rebel to be in the wrong place satisfied to be successful	Lean Left
The great TRIGGERING begins: Tim Young asks ‘my body my choice’ crowd an INCONVENIENT question and they just lose it	none none none none none none none none none	Right
Military Duped Into Buying Fake Chinese-Made Military Gear	they get a fake chinese outfit impressed to get the product dishonest gets caught to be rich to have the money happy to buy something	Left
Shinano Kenshi Introduces New Corporate Brand	people are more knowledgeable interested to listen to the new information smart gets paid to be a good example to be a manager happy to make a presentation	Center
Delaney posts best online fundraising day of campaign after primary debate	people get a new job happy to win confident gets a good name to be successful to have a good time happy to win the debate	Lean Right
Thanks to Rush Limbaugh I Had a Friendship With Doris Day	they get called names happy to get away from him friendly gets called a jerk to be a good friend to have a good time happy to go to the movies	Lean Left
The US team just won the Women’s World Cup—and boosted its case for equal pay	they are grateful happy to win proud is praised to win the game to be a winner happy to win	Center
Lawmaker Aims To Curb Social Media Addiction With New Bill	people are more informed annoyed to be left alone mean gets arrested to be a better citizen to have a blog satisfied to get attention	Center
People Are Absolutely Reeling From Those Two Brutal Moments on Game of Thrones	loses money happy to win overwhelmed loses money to be entertained to be playing the game sad to win	Center
She Defended Her Land Against a Mine in Guatemala. Then She Fled in Fear for Her Life.	none none none none none none none none none	Left
Trump's campaign tries to clean up his foreign dirt comments a little but he's not helping	gets dirty annoyed to get even with personx mean is very happy to be rude to be able to stop the bad people satisfied to get away with it	Right
It's not a hate crime for a woman to feel uncomfortable waxing male genitalia | Arwa Mahdawi	none none none none none none none none none	Lean Left
Shocking image from Syria shows girl 5 clinging to sister's T-shirt at bombed building	people die disgusted to get away careless gets dirty to be seen as a freak to be a racist happy to be praised	Right
The Philippines' Anti-Drug Agency Wants to Ban a Rap Song it Thinks is About Weed	gets addicted annoyed to make sure they are not smoking weed addicted gets called a racist to be a better product to have a bad attitude happy to make sure it does not happen	Lean Left
Community outraged after high school boys in blackface post video of themselves disparaging black girls harassing McDonald's workers	none none none none none none none none none	Right
AP FACT CHECK: Trump Twists Facts Of A Migrant Girl's Death	gets killed sad to get away with it smart gets caught to be a good citizen to be in a car driving guilty to make sure she's dead	Lean Left
Jacinda Ardern Has Rewritten the Script for How a Nation Grieves After a Terrorist Attack	none none none none none none none none none	Lean Left
The Latest Balkans Breakdown is None of Washington’s Business	people lose respect for personx annoyed to get away ignorant gets yelled at to be left alone to be a journalist sad to be left alone	Right
Judge Orders Ethics Training For Michael Flynn’s Former Lawyers	gets fired nervous to win the case smart gets paid well to be in control to get the right information satisfied to get a new client	Right
This DIY Artist Transforms into Haunted House Icons in This Hilarious Series	gets a commission entertained to laugh creative gets called a freak to be entertained to be a member of a group happy to make a movie about it	Lean Left
Flashback: Ilhan Omar Begs Judge To Show Mercy To ISIS Terrorists	they listen to personx angry to listen to personx humble gets scolded to be a good citizen to be in court guilty to be a martyr	Right
New Yorkers are totally unfazed by an alien subway entertainer doing wacky performance	people get nervous annoyed to get rid of him ignorant is ignored to be a better person to have heard about the event annoyed to be left alone	Lean Right
Border Patrol Arrests 424 Migrants in Largest Bust on Record	people are killed annoyed to get away criminal gets arrested to get away with illegal things to have been arrested happy to make a report	Lean Right
Man stands in 110-degree heat to pass out his resume instead of asking for handouts — and goes viral	none none none none none none none none none	Right
As Venezuela Coup Attempt Fails to Overthrow Maduro Guaidó Calls for Protests	people are hurt angry to protest incompetent gets hurt to be a better person to be a racist sad to get away with it	Left
Amid Trump’s Attacks Planned Parenthood Broadens Health Care Focus	people lose money grateful to thank person x responsible gets a raise to help people to be a doctor happy to get better	Left
Corporate Homicide: Ralph Nader Demands Boeing Recall Jets After Ethiopia Crash Kills His Niece	none none none none none none none none none	Lean Left
Almost Half of Young Russians Want to Emigrate Gallup Poll Says	they get a passport sad to protest poor gets rejected to be a foreigner to be a communist happy to go to russia	Left
US To Test New Missile After Termination Of Reagan-Era INF Treaty With Russia	they are fired angry to protest aggressive is fired to make a difference to have a meeting with the foreign office satisfied to get rid of the foreign policy	Right
I'm a freelance writer with student loans who's kept excellent credit as I move all over the US. Here's exactly how I do it.	none none none none none none none none none	Center
Chelsea Clinton Received $300k As An IAC Board Member - For Attending Just SIX Meetings	they are disappointed happy a class a year ago and a half hour ago to be an iac member none happy a quarter	Right
Rex Tillerson to Congress: Jared Kushner Went Behind My Back on Foreign Policy	gets into trouble betrayed to get rid of him mean gets arrested to get away with it to have a reason happy to be a leader	Left
Katarina Johnson-Thompson smashes her personal best to win heptathlon	cries sad to cry competitive gets a trophy to be the best to have a ball happy to win	Lean Left
Iran Undeterred as U.S. Calls for Coalition to Police Key Waterways	people lose money annoyed to get rid of him stubborn gets arrested to be safe to be a government official justified to get rid of the problem	Lean Right
Welfare Money Is Paying for a Lot of Things Besides Welfare	they have less money happy to thank personx poor gets a receipt to be rich to save money poor to get a job	Lean Left
Charles Barkley: Every Black Person I Know Has Always Voted Democratic & They’re Still Poor	vote happy to vote for them racist gets a vote to vote to vote happy to vote	Right
April Fools’ Day: the best and worst car spoof stories	people laugh annoyed to tell others about the best car stories silly gets laughed at to be funny to be a fool happy to make people laugh	Lean Left
Dan Gainor: Meghan McCain fights back – Kudos to conservative who burst ultra-liberal Seth Meyers’ bubble	none none none none none none none none none	Right
3 mass shootings in less than a week and Trump gets some blame in Gilroy	people get killed sad to be safe bad gets fired to be in control to have a gun bad to be a good example	Lean Left
House Democrats Unveil $4.5 Billion Emergency Border Funding Bill	people lose money grateful to protest the decision greedy gets a raise to be a good citizen to be a politician happy to win the race	Lean Right
Conway Takes Aim At Biden's New Candidacy: 'He's The Frontrunner!'	none none none none none none none none	Lean Left
U.S. Women’s National Soccer Team Beats England Advances to World Cup Final	they get a trophy competitive to win competitive gets a medal to win the game to be a team player happy to win the game	Left
Poll: Majority view socialism as incompatible with American values	they get into a better situation happy to be a better example intellectual personx thinks deeply about the values to be objective to have a view satisfied to make a change	Lean Right
Crowd Boos Former Congressman Calling Ocasio-Cortez ‘Tea Party of the Left’	people get offended by the insult annoyed to leave racist gets yelled at to get rid of the racist to have a reason to be offended angry to get rid of him	Right
Mom leaves her 3-year-old home alone for 'several hours' so she can go drinking with boyfriend — and is found drunk outside bar at 2 a.m. cops say	none none none none none none none none none	Right
Iran Stepping Back After Preparing To Attack US Forces	they are defeated angry to win brave gets attacked to win to have lost their job nervous to get away from the enemy	Right
Trump advisor leaves high-powered consulting firm after calling House Judiciary Chairman Jerry Nadler ‘a f*cking scumbag’	none none none none none none none none none	Left
Durant could return for Game 3	they play again happy to have fun athletic gets tired to play to have the game happy to have fun at the game	Right
The Queen makes kings of Spain and Netherlands Knights of the Garter	people are enslaved by personx defeated to win powerful gets praised to be powerful to be a king powerful to be a king	Lean Right
Former LSU DL Hammond native Ed Alexander gets shot at NFL with Seattle Seahawks	people are hurt angry to be safe aggressive none none get shot sad to get a gun	Left
Winners and Losers from the GOP Tax Cuts This Year	loses money sad to win the competition smart gets into debt to be a winner to do their best sad to win the lottery	Lean Right
Watch Ben Rhodes Squirm When Asked If Obama’s WH Was Involved In FBI Investigation Of Trump	gets questioned grateful to get a good name for him suspicious gets accused of a crime to be safe to have been caught nervous to get the information	Right
NBC Debate Debacle: On Top of Audio Glitch TV Screens Across Nation Went Black Multiple Times During Democrat Presidential Debate	none none none none none none none none none	Right
Epoch Times Publisher Pens Fiery Letter Accusing NBC News Reporters Of Asking Inappropiate Questions	none none none none none none none none none	Right
AT&T’s streaming service DirecTV Now has lost nearly 20 percent of its subscribers in the last 6 months	none none none none none none none none none	Lean Left
Sri Lanka bombings: 'I invited the bomber into the church'	none scared to repent religious gets burned to kill someone to have a gun happy to repent	Center
Armed robber who held up gas station wearing Teenage Ninja Turtles mask	people get robbed by robber scared to run away brave gets arrested to scare people to get a permit happy to get away with theft	Lean Right
Kamala Harris Continues to Lie About Charlottesville 'Very Fine People' Hoax	people are deceived annoyed to get away with the lie deceitful gets caught to be a liar to be in the presence of people who are not interested guilty to keep quiet	Right
‘She’s Republican-ing extra hard’! Ana Navarro intervenes to distract from ‘Pelosi vs. Squad’ melee	none none none none none none none none none	Right
Caster Semenya says she was ‘constantly sick’ when track officials made her take drugs to compete	gets better annoyed to help her sick gets sick to be healthy to have a bad case sick to feel better	Lean Left
Trump slams Biden as non-salvageable ‘reclamation project’	people lose property angry to win unintelligent gets arrested to be a bad influence to be in a bad mood sad to make a settlement	Lean Right
Cartoon: Boeing 737 Max 8 safety guide	people are safe happy to get paid responsible gets a headache to be safe to be in a car proud to be safe	Right
Life Lessons from Three of the World’s Most Brutal Sports	they lose impressed to win brave gets a reputation for being tough to learn to have a lot of practice satisfied to win	Lean Left
In camp of diehard IS supporters some women express regrets	they get a new job sad to protest helpful gets yelled at to be a good leader to have a bad attitude happy to make amends	Center
When Christians Are Under Attack Muslims and the Left Need to Defend Them	people are saved grateful to get away religious gets shot to defend the christian movement to have the means to defend justified to be safe	Left
Lawmakers Think Facebook Is Trying to Start a Bank. Walmart Tried That—and Failed.	people are getting hurt happy to help them unsuccessful gets arrested to be a good citizen to have a website sad to make a donation to bank	Left
The Final Scene of Avengers: Endgame Is More Than Worthy	loses sad to win powerful is defeated to be a hero to be a hero happy to be successful	Lean Left
Burma under British rule: Vintage photographs from Myanmar’s days as a British colony	people are offended happy to be honest reminiscent none happy be a good person happy to be a good example	Lean Right
Top 10 books set in the American midwest	people get into trouble impressed to read smart gets a receipt to read to read satisfied to read	Lean Left
NYT: U.S. Steps Up Attacks on Russian Electrical Grid but Trump May Be in the Dark	people in the subway bad books the future aggressive the wrong place to get away with it to be a bad person bad to be correct	Left
France Mourns as Fire Rips Through Historic Notre-Dame Cathedral That Has Stood for Centuries	people die sad to be saved historical is revered to have been a historical landmark to be in the presence of the historical landmark sad to repent for their sins	Lean Left
Woman Chronicles Her Daring Mission to Rescue Her AirPod From Subway Tracks	gets killed grateful to help them brave gets arrested to save her to have a parachute proud to get a medal of honor	Center
House Passes $1 Trillion Spending Package but Larger Spending Fight Still Looms	loses money angry to get the money greedy gets yelled at to be rich to be a good planner happy to get a raise	Lean Right
Thousands mourn Bosnian government critic slain in ambush	people lose respect angry to get revenge on personx angry gets arrested to be in control of the situation to be a politician sad to get rid of them	Lean Right
Leopard kills 2-year-old boy in Kruger National Park	cries sad to cry violent gets killed to be mean to be a police officer guilty to hide the evidence	Lean Left
Germany says question of reparations to Greece is settled	people listen to personx angry to argue rude gets a response to be heard to be asked a question satisfied to make a settlement	Lean Right
Iranians manage to surf the web despite tide of censorship	people lose money happy to get paid for their work determined gets a reputation for being a bad reader to be successful to be a hacker happy to get a better job	Lean Right
'Terrible spring' for allergies in Louisiana 'pollen capitals' will improve as pollen levels drop	people are allergic worried to avoid them sensitive avoid pollen levels to avoid pollen to be allergic to pollen allergic to avoid pollen	Left
UPDATE: Mass Shooter Connor Betts a Liz Warren Supporter Hated Trump Twitter profile included: he/him / anime fan / metalhead / leftist / i’m going to hell and i’m not coming back.	none none none none none none none none none	Right
Multiple people shot at Virginia Memorial Day weekend party	people get killed sad to go to the funeral careless gets arrested to be a hero to get in the car happy to clean up	Lean Right
Here comes Robert Mueller’s dramatic grand finale	people applaud happy to laugh at them dramatic gets applause to be a showoff to be in a show happy to be a hero	Left
Psychedelic tourism is a niche but growing market	people get a lot of money for the product interested to buy a new restaurant trendy gets a raise to be a success to be a marketing agent satisfied to make money	Center
One of the World's Most Wanted Hackers Speaks	they get a new employee impressed to thank personx for their efforts intelligent gets a promotion to be successful to be well respected happy to be respected	Lean Left
The World Is Burning and Those in Power Are Stoking the Flames	people are burned angry to get away powerful is burned to be in control to be in charge powerful to be in power	Left
Electricity does not change poor lives as much as was thought	people are grateful to personx grateful to thank him unintelligent gets praised to be a good citizen to have a bad attitude sad to be successful	Center
Meghan Markle’s First Major Post-Baby Outing at Trooping the Colour 2019 Looked Like a Lot of Fun	none none none none none none none none none	Center
'Home-school charters' let families use state dollars for Disneyland horseback riding lessons and more	people get a ride happy to thank personx generous gets thanked to have fun to get money happy to go home	Lean Left
A ‘Bible tax’: Christian publishers warn that China tariffs could lead to costly Bibles	none none none none none none none none	Lean Left
Fishermen find pieces of US drone shot down over Iran ambassador says	people lose money angry to get away careless gets shot down to be a spy to be in diplomatic circles happy to make a report	Lean Right
Trump insists he cut secret immigration deal with Mexico	people get nervous annoyed to get rid of him greedy gets caught by immigration to be successful to have money satisfied to make sure everyone knows the rules	Lean Right
On The Brazil Border Venezuela's Political Crisis Has Become A Humanitarian Nightmare	people lose their homes sad to get rid of him humanitarian gets arrested to be in control to have a bad experience sad to get rid of the oil	Left
Sally Yates: Trump would be indicted on obstruction of justice if he were not president	people who were arrested angry to be in charge lawful he would be a good leader to be in charge to be a politician justified to be in charge	Lean Right
CNN host says Trump acting like 'toddler' after 'un-American' comments about opposition research	people are offended annoyed to listen to the presentation arrogant gets scolded to be heard to have the knowledge of the subject happy to make people laugh	Right
Previously Unreleased Poll Shows Alabama Voters Disapprove of Extreme Abortion Ban	people vote angry to vote racist gets arrested to be a racist to have a policy happy to be correct	Left
The Christchurch Shooter has Been Charged with 50 Counts of Murder	gets arrested angry to get away with murder guilty gets caught to kill someone to have killed someone guilty to repent	Lean Left
ProPublica Illinois and ProPublica Earn Three NABJ Salute to Excellence Awards Nominations	none none none none none none none none	Center
TV Actress Pleads Guilty In Bizarre Case Of Secretive Sex Cult	gets caught angry to find a new case immoral gets arrested to get out to have sex guilty to get out of trouble	Right
Satire: Governor Northam Hacks Infowars’ Broadcast	people are killed angry to get away aggressive gets arrested to be a leader to be a politician satisfied to be a hero	Right
Crooked mechanic and eBay seller are jailed for repairing wrecked top-of-the-range BMWS	none none none none none none none none none	Lean Right
Black Hole Given the Hawaiian Name ‘Powehi.’ Here’s What That Means	people get into trouble angry to listen to the information dumb gets yelled at to be a good listener to have a bad name happy to be a good listener	Center
California man charged with hate crimes for sending letters threatening to kill incoming minority neighbors	people are hurt angry to run criminal gets arrested to be a criminal to have a reason guilty to keep people safe	Lean Right
‘A predator’s playground’: The dark side of finding love online	gets a new friend happy to get to know personx better lonely gets a new friend to find love to be in a dark side happy to find a partner	Lean Right
Daughter-in-law of opera singer Plácido Domingo reveals Scientology celeb secrets	none none none none none none none none none	Lean Right
Man Unleashes His Inner Spider-Man by Climbing Down Apartment Building to Escape a Fire	people are hurt scared to stop him brave gets burned to escape to have a gun relieved to get out of the building	Center
Another judge blocks Trump admin from ending protections for Haitian immigrants	people lose money grateful to thank personx smart gets arrested to be a good citizen to have a policy powerful to be a good leader	Right
Human remains found behind newly purchased Massachusetts home	gets a receipt sad to find out where personx is lost gets robbed to be found to be in the wrong place happy to go home	Right
Trump Immigration and Asylum Chief Blames Father in Devastating Photo for Own Drowning Death	gets a headache sad to cry mean gets arrested to be a hero to have a bad experience with drowning sad to make sure the case is closed	Left
United Extends Boeing 737 Max Grounding Canceling Thousands Of Flights	people are reprimanded annoyed to get their money back powerful gets yelled at to be successful to have the authority sad to make sure the plane does not crash	Left
Trump Gives Netanyahu Part of Syria to Boost Israeli Leader’s Flagging Reelection Campaign	people lose money happy to get a new product a product gets a raise to be successful to be a politician happy to be a success	Left
Trump feels 'badly' for resigning British PM Theresa May	they get fired disappointed to give them a raise sad loses money to be a better employee to be a failure sad to get a new job	Lean Right
Democrats defend Congresswomen Trump says should go back to their corrupt countries	they are demoted sad to protest the policy racist gets arrested to be a better citizen to be a racist justified to be a better citizen	Lean Left
Zero Tolerance: Inside the Secretive Network of Immigrant Youth Shelters in Illinois	people are harassed by the racist racist youth happy to be successful in their own right secretive gets a lot of money to be safe to have been born with the wrong name happy to be a success	Center
Friends mourn Baton Rouge photographer slain by truck; remembered as 'one of the most genuine people'	people grieve sad to cry sad is asked for help to be remembered to be in the presence of a dead body sad to be a good photographer	Left
Saudi Arabia says two oil tankers attacked near UAE	people are injured angry to get revenge aggressive gets hurt to be heard to be in the presence of the oil tankers nervous to get away	Center
School worker resigns after telling black students they're lucky they weren't 'picking cotton'	they are grateful thankful to get a good grade lucky gets a raise to get a good grade to be in school relieved to go home	Lean Right
DHS Builds 42 Miles of Mostly Replacement Border Wall Since Trump's Inauguration	people are safe happy to thank him smart gets arrested to be successful to be a security guard happy to be a success	Right
Bryce Harper Bats Down Frosty DC Homecoming With Home Run	people get nervous annoyed to get a drink brave gets a black eye to have fun to be in school happy to get back home	Right
Mulvaney says he expects Trump Xi meeting but not a 'deal closer'	gets excited disappointed to listen confident gets nervous to be right to be a manager nervous to get a good deal	Center
Protesters Tear Down American Flag From ICE Facility Replace It With Mexican Flag And Defaced Blue Lives Matter Flag	none none none none none none none none none	Right
Explosion in Murrieta neighborhood kills one injures 15	bleeds sad to get medical attention violent gets arrested to be violent to get a weapon sad to get a bandage	Lean Left
White cop cleared in fatal shooting of black teenager	gets killed scared to cry violent gets arrested to save his friend to have seen something scary scared to get away	Right
Brexit preference ‘first question to ask on first date’	gets kissed happy to get married curious gets rejected to be first to have a relationship with someone happy to get an answer	Lean Left
Carpe Donktum says HuffPost is coming for him now but he’s got a message for them	none none none none none none none none none	Right
Sport shorts: Juventus sign Matthijs de Ligt and Lando Norris urges Lewis Hamilton to ‘stick around’ in F1	none none none none none none none none none	Lean Left
Drug Dealers Tell Us How to Spot a Sucker	gets caught cheated to thank personx smart gets caught to be helpful to have a reason to be a dealer smart to make money	Lean Left
Meet the rare tiger cubs making their debut at Sydney Zoo	they see them do well happy to see them do well proud gets a reputation as a tiger to be a famous animal to be a tiger proud to be recognized	Center
2020 candidates’ 404 pages ranked by cringe factor	they are disappointed disappointed to get a better job unqualified gets rejected to be the most intelligent to be in the wrong class disappointed to get a good grade	Center
‘You stick with your anti-Semitism’: AOC says she ‘will never apologize’ for trivializing the Holocaust	none none none none none none none none none	Right
E. Jean Carroll: The world is a very very merry place without men	people get hurt happy to be happy lonely is lonely to be a good person to have a lot of people happy to be happy	Lean Left
MSNBC Guests Declare That ‘We Have to Start Calling Trump’s Supporters Racists As Well’	people get hurt angry to argue mean gets yelled at to be heard to have a meeting happy to make sure they are not getting called racist	Right
Iranian man given death penalty for 2012 murder of American woman	people mourn sad to get revenge violent gets killed to be a murderer to have killed someone sad to make amends	Lean Right
Chris Matthews: Obama Presidency 'So Thrilling' --- It’s 'Still Thrilling to Me'	i like you happy to be entertained proud is famous to have fun to be a fan of the same profession happy to be a good comedian	Right
NAACP delegates vote unanimously to call for Congress to impeach President Trump	they vote happy to protest powerful gets called a racist to win the case to have the authority to vote satisfied to win	Right
At HBCUs crushing student loan debt is a symptom of even bigger problems	gets stressed upset to get a new job irresponsible gets scolded to be a problem solver to be in trouble sad to solve the problem	Center
You’ve heard stories of Indian Army and Air Force heroes. Now here’s an angel from the Navy	none none none none none none none none none	Center
Ocasio-Cortez Chief of Staff Leaving Her Office	gets stressed angry to get a promotion commanding gets scolded by staff to get away with something to be in office sad to get back to work	Right
The Startling Image of the Blood-Spattered Victim of the Virginia Beach Shooting	people are shocked shocked to cry shocked gets called a racist to be accurate to be in the wrong place at the right time shocked to tell everyone about the shot	Lean Left
Mad: The Hilariously Sly Magazine Hated By the Stiff Set	gets fired annoyed to get rid of him mean gets yelled at to make others laugh to be a magazine magazine embarrassed to get a drink of water	Right
Iran Says US Cyber Attacks Failed Hints at Possible Talks	people are informed angry to listen to personx smart gets nervous to be informative to be a spy smart to make a report	Right
Trump and R.N.C. Raised $105 Million in 2nd Quarter a Sign He Will Have Far More Money Than in 2016	none none none none none none none none none	Center
Tiger's back on top — boosting brands and his bottom line	gets yelled at happy to get a good deal determined gets yelled at to be successful to have a reason to be on top happy to get a promotion	Center
Maxine Waters accuses Trump admin of neglecting threats says Democrats must protect themselves instead	they are fired angry to get away with the wrong thing wise gets scolded to be safe to be a politician angry to make a change	Right
Gilroy shooter obtained 'weapons of goddamned mass destruction' Newsom says	people lose money angry to get rid of the evidence violent gets arrested to be a hero to have a gun satisfied to get away with it	Lean Left
Kamala Harris condemns Trump for ‘vile ignorant shallow and hateful’ remarks by echoing them herself	they are offended angry to get away from personx mean to be honest to make people angry to be a racist justified to make them understand	Right
Nike Nixes Betsy Ross Themed Shoe After Colin Kaepernick Calls the Design Offensive and Carries Slavery Connotations	none none none none none none none none none	Right
These Magnetic Microbots Will Scrub Your Teeth Clean	gets clean clean to thank personx clean gets dirty to be clean to have teeth clean clean to clean their teeth	Left
London to be ‘as hot as Barcelona’ by 2050	people are hot happy to get to know personx hot gets sweaty to be hot to go to the bar hot to go out to dinner	Lean Left
14 sailors killed in submarine fire laid to rest in Russia	people mourn sad to get revenge dead gets killed to die to have killed someone sad to die	Center
YOUCH! Ilhan Omar proves Pence RIGHT that she doesn’t know what she’s talking about in months-old tweet about Venezuela	none none none none none none none none none	Right
Discontent Is Brewing In Erdoğan’s Turkey	people get sick angry to eat dangerous gets dirty to be in charge to have something bad happen angry to eat	Left
Ohio governor calls to eliminate statute of limitations for sex crimes after OSU doctor abuse report	people are discriminated against angry to get their job back responsible gets a warning to be a good citizen to have a reason to do so justified to make sure the law does not happen again	Lean Right
Trump Hailed This State’s Prison Reforms as a National Model — but the Numbers Reflect a Grim Reality	people lose money happy good powerful negative to be right to be a criminal good about themselves a certain type of law	Left
Trump Administration Wants More Health Care Price Transparency	they get paid more concerned to help him concerned gets a bill to get more benefits to get a job happy to make a budget	Lean Right
Still angling for a deal Trump backs Kim Jong Un over Biden Bolton and Japan	they get cheated out of a deal cheated to win the game greedy none to be a winner to have the money happy to get a deal	Lean Left
Cuba’s entrepreneurs are under attack by Donald Trump	people lose money angry to get rid of him greedy gets killed to win to have a gun nervous to win the battle	Center
Dow plunges by 700 points as China trade retaliation pummels Wall Street	people lose money angry to win the race aggressive gets arrested to be a success to be in a war angry to win	Center
Bernie Sanders Campaign Co-Chair Refuses to Condemn Human Rights Abuses in Venezuela	people are offended angry to protest racist gets accused of racist racist racist things to be a racist to be a racist angry to make a settlement	Right
Colorado Caps Insulin Co-Pays At $100 For Insured Residents	people are safe grateful to thank personx for the service responsible gets a receipt to be a good citizen to have the money to pay happy to be successful	Center
A Third Court Rules That Trump's Census Citizenship Question Is Illegal	people lose money angry  to get away with it immoral gets arrested to be a racist to be a racist justified to be successful	Lean Left
Matt Gaetz: 'America First' Means Protecting U.S. Border Before Avenging Japanese Vessels	the japanese happy to get their money aggressive becomes a racist to be a good citizen to be in the military happy to be safe	Right
BREAKING! Joe Biden Planning To Drop Out Of 2020 Presidential Race	people lose money happy to win the race ambitious gets a raise to be a failure to have a reason to do it happy to get a new job	Right
Sri Lanka Muslims refugees fear backlash from Easter attack	people are affected by the incident angry to avoid the incident racist gets attacked to be safe to have been attacked by the shiites scared to avoid the border	Center
Hate Has No Place in Our Country – President Trump Speaks Following Shootings: These are People Who are Seriously Mentally Ill	none none none none none none none none none	Right
The Muslim Ban: A Family Separation Policy	people are forced to leave annoyed to get away from personx racist personx is shunned to be a racist to be a christian sad to be a good christian	Left
Democratic presidential candidate says his party has to 'draw a clear line': 'We are not socialists'	people listen annoyed to protest determined is not a follower to be a leader to be a racist good to be a leader	Right
A Senator Wants to Have a Greater Impact. So He’s Leaving the Senate.	gets into trouble upset to support him ambitious gets a raise to be a senator to be in power happy to be successful	Center
Quote of the day: ‘Bill de Blasio regularly says stupid things but this is literally the stupidest effing thing he’s ever said.’	none none none none none none none none none	Right
Inside the Bizarre Movie Mel Gibson Doesn’t Want You to See	gets scared annoyed to watch it too rude personx gets yelled at to be mean to have seen the movie happy to make persony understand	Left
A Man has Been Charged with the Murder of Melbourne Woman Courtney Herron	gets arrested sad to get away from the scene guilty gets arrested to be arrested to have a gun sad to get out of jail	Lean Left
Islamic State leader: Sri Lanka attack was revenge for Syria	people died angry to get rid of him aggressive gets killed to be in control to be in the military angry to win the war	Center
The Latest: US jury finds ex-priest guilty of sex abuse	gets caught angry to get away with the crime guilty gets arrested to find a better way of life to be in court guilty to get away with it	Center
As Washington State Bans Fracking Sanders Calls for Nationwide Ban	people get sick annoyed to protest racist gets accused of racist things to be safe to be in the presence of the president satisfied to get rid of people	Left
Trump slams Mexico Democrats over spike in asylum seekers at border	people lose money sad to get rid of personx aggressive gets arrested to be a racist to have been in trouble sad to get away from the border	Lean Right
Trump Signs Executive Order Placing ‘Hard-Hitting’ Sanctions On Iran	people lose their jobs angry to get their money back greedy gets arrested to be a bad influence on the company to have a bad reputation powerful to get rid of the bad guys	Right
Witnesses describe Gilroy Garlic Festival shooting horror: 'Active shooter active shooter'	police are called to testify scared to get away brave gets arrested to scare people to have a gun satisfied to scare the people	Lean Left
Pelosi announces resolution condemning Trump for racist tweets	people get angry at personx angry to argue with personx authoritative gets accused to be right to have heard the cases justified to make a settlement	Center
Cruz Delivers Forceful Speech Denouncing Anti-Semitism	people are offended annoyed to listen to personx aggressive gets arrested to be heard to be a racist justified to get a response	Right
The mothers fighting to get their children back from Lebanon	they get hurt grateful to get back home willful gets arrested to be a good mother to be a parent sad to get their children back	Center
Sri Lanka Identifies Radical Imam Suspected of Masterminding Easter Bombings	to be true to the people to get rid of the evidence racist none the people in the country are very bad to be a minister of islam bad to get away with it	Right
The killer the piglet and other nicknames Chinese shoppers are giving luxury handbags	people are offended annoyed to thank personx mean is thanked to be a good person to be a snake happy to make people laugh	Center
Some Adoptees Are Undocumented Because Their Parents Forgot to Fill Out a Form. Now Congress Is Taking Action.	none none none none none none none none none	Left
Dramatic moment lifeguards take down ‘drunk and abusive’ beachgoer	gets drunk angry to get drunk mean gets arrested to be a good person to be drunk happy to be a good person	Lean Right
Israeli Spacecraft Fails To Land On The Moon	they cry sad to get back to earth careless gets a ticket to be a pilot to be in space sad to go to earth	Right
Naomi Osaka upset at French Open by No. 1 doubles player	loses upset to apologize angry gets yelled at to be mean to have lost the game upset to get a new phone number	Center
Top law firm increases salary for junior solicitors to £100000	they hire them happy to pay personx powerful gets paid to be a good employee to get the paperwork ready satisfied to get a raise	Lean Right
El Bus TV: News bulletins on the bus in Venezuela	people get sick annoyed to get a snack bored gets yelled at to be informed to buy the news happy to watch the news	Center
Bolton Slams ‘Reprehensible’ NYT North Korea Deal Article Says There Should Be ‘Consequences’	people are affected by the incident angry to protest mean gets yelled at to be correct to have a bad day bad about themselves to be correct	Right
As the debate dust settles Democratic primary is looking primed for a shake-up	people are more informed about the debate annoyed to protest smart gets elected to settle the matter to debate good to win	Right
House Democrats Overcome Internal Fissures to Approve Defense-Spending Bill	people lose their jobs happy to win the election smart gets a bill to be a better person to be a demoactivist good to be a better leader	Lean Right
Alex Jones Caught in Vile Racist Ritual	people get killed annoyed to get away from the situation racist gets arrested to be a racist to be in the presence of people who are racist disgusted to get away	Right
It’s Not Just Bieber: A Totally Non-Comprehensive But Important List of Places Instagram Influencers Have Ruined	none none none none none none none none none	Left
Rep. Clyburn disappointed by Kamala Harris believed it was 'the year of the black woman'	they get into a fight disappointed to tell personx it was a mistake disappointed gets a bad review to be disappointed to be disappointed disappointed to get a new dress	Right
Hours After Mass Escape In Mexico Cuban Migrants Chant For Food Freedom	people are enslaved angry to eat mexican food brave gets arrested to be a good person to be in mexico happy to go home	Left
Biden's son scoffs at Trump's calls for probe into Ukraine business ties; 'F*** you Mr. President'	none none none none none none none none none	Lean Right
Woman charged with conspiring to gang-rape kidnapped woman	gets raped scared to escape immoral gets arrested to be a criminal to be a criminal guilty to get away with it	Lean Right
Diplomats Fear Chilling Effect of British Ambassador’s Resignation	people lose respect for personx annoyed to get away from personx cautious gets stressed to avoid the public's reaction to have lost their job sad to be a better person	Lean Right
Jamal Khashoggi’s kin deny getting ‘blood money’ payout from Saudi Arabia	gets money angry to thank him greedy gets arrested to get money to have been robbed guilty to get money back	Lean Right
A Republican senator actually just called out Trump’s hypocritical order on campus ‘free speech’	people are shocked annoyed to protest smart gets yelled at to be heard to be in the wrong class satisfied to be heard	Left
The Grotesque Horror Show of the Tory Leadership Race	people are frightened scared to thank personx brave gets called a freak to be a leader to be a leader happy to make people understand	Left
Two Indiana Police Officers Face Federal Charges in Videotaped Beating of Handcuffed Man	gets handcuffed man scared to get away criminal gets arrested to be lawful to be a police officer justified to get a warrant	Center
Hot Chip Hones the Meaning of ‘Ecstasy’	gets high happy to have sex addicted gets high to have fun to have a lot of sex happy to be successful	Lean Left
French Authorities Investigating Lyon Explosion as Potential Terror Attack	people are killed scared to find the culprit cautious gets caught to find the truth to have a weapon worried to find out what happened	Lean Right
Progressive Jewish Group Demands End to Israel’s Brutal Occupation	people are killed angry to get rid of personx aggressive gets arrested to be a better person to be a racist happy to be a better person	Left
Biden Hardens China Stance: U.S. Needs to ‘Get Tough’ on Beijing	people are hurt offended to get even with personx aggressive gets into trouble to be tough to have a bad experience in the past powerful to be in control	Lean Right
ISIS’s West African Offshoot Is Following al Qaeda’s Rules for Success	people get into argument with person x happy to follow the rules smart gets a promotion to be successful to have a good understanding of the rules proud to be successful	Lean Right
‘A new level of dysfunction’: The Trump administration suffers ‘rampant confusion’ as US foreign policy goes of the rails	none none none none none none none none none	Left
Trump taunts Democrats with his immigration plan	demoted annoyed to get rid of him racist gets demoted to be right to have a reason to be racist smug to be a racist	Center
Warren Helped Confirm Clueless Obama Bundlers as Ambassadors	people are saved sad to thank personx smart gets called racist to be helpful to have a conversation with someone happy to make sure they are safe	Right
Parents of 16-year-old who was fatally shot by L.A. police reach $200000 settlement	none none none none none none none none none	Lean Left
Justin Amash and Rand Paul Disagree About Impeachment but Fight Together for Federal Surveillance Reform	people are safe angry to be safe bad people none none to be in a meeting good to be safe	Lean Right
Four years ago today Trump launched his campaign. Media still hasn't figured out how to cover him	people are upset disappointed to be successful much none none to have a campaign sad cover	Right
Medicare for All and the Myth of Free Markets	people are affected by the product happy to get a good deal rich gets money to be rich to be a businessman happy to make money	Right
Things just took an ugly turn in Donald Trump Jr subpoena battle	loses money cheated to get away brave gets caught to win the case to be in court guilty to win	Left
Charlize Theron Discusses That Time Rihanna Trolled Her With a T-shirt	gets stressed happy to get the job done helpful gets thanked to help to have a meeting happy to get a job	Center
Amanda Knox Returns To Italy For First Time Since Being Freed From Prison In 2011	they have a new employee happy to make sure they are safe relieved to be free of jail to be free to have a passport happy to go home	Left
Brexit: 10000 riot police readied for no-deal chaos	people get hurt angry to get out of the situation aggressive is arrested to be safe to have a riot happy to be safe	Lean Left
NY Times tries to backpedal after publishing ‘abhorrent’ anti-Semitic cartoon in international edition	people are offended annoyed to get away untrustworthy gets fired to be a better person to write a review happy to be a better person	Right
Bayside Bowl putting on a show for PBA playoffs on Fox	they watch happy to win competitive gets yelled at to win the game to have the equipment happy to win	Left
Funny Shots from the Archives of Iconic Photographer Martin Parr	people look at personx annoyed to ask questions curious gets a headache to get a good picture of his subjects to be a photographer satisfied to be accurate	Lean Left
Holder On the Electoral College: ‘It’s a Defect In Our Democracy’	people vote annoyed to protest racist gets a lot of attention to be a racist to be a racist like a failure to change the law	Right
Israel faces possible second election amid coalition crisis	people are affected by the loss of money worried to win brave gets stressed to win to be in charge nervous to win	Center
Red Cross to begin aid to Venezuela by mid-April	people are safe happy to thank him prepared gets dirty from crossing to be a good citizen to buy a boat happy to make a difference	Lean Left
Trump lashes out as House investigators prep more subpoenas	gets paid annoyed to get a good review of personx's behavior aggressive gets questioned to be in charge to be a cop satisfied to get paid	Center
A Note About Trump’s Asylum Tweets	people are arrested scared to find a solution mean gets arrested to be in charge to be a reporter happy to be successful	Left
Scientists turn wood into a material that reflects heat is as strong as steel	people are affected enlightened to get away from personx skilled gets burned to be able to make things to be a scientist powerful to make a fire	Right
Donald Trump caught dangling pardons to entice his immigration officials to break the law	gets arrested annoyed to get away from him immoral gets arrested to be a good citizen to have been arrested guilty to get out of jail	Left
Sri Lanka Arrests Father Of Suspected Easter Suicide Bombers	father is dead sad to find the truth angry gets arrested to kill someone to have a gun sad to find out why	Right
Mueller punted big questions to a Congress ill-equipped to deal with them	gets into trouble annoyed to get their point across smart gets yelled at to be a good citizen to have the knowledge satisfied to get a better deal	Lean Left
'He Always Doubles Down': Trump Allies Scramble To Deal With Racist Tweets	loses money annoyed to win racist gets yelled at to win to be in a game happy  to win	Lean Left
Hunt for tradie who leaned out the window of a moving ute and tried to slap a cyclist on the head	none none none none none none none none none	Lean Right
Baylor Wins Title After Notre Dame’s Hero Misses the Mark	gets disappointed disappointed to congratulate personx lucky gets a medal to win to be a good athlete proud to win the championship	Left
These are the 5 TV shows that both liberals and conservatives love	people are influenced happy to be entertained influential gets a lot done to be the best to be a racist happy to be a good example	Left
Watch Live! Mueller Rorschach Test: Democrat Insanity On Display	people get into trouble annoyed to get out of the situation crazy gets a bad grade to be a fool to be a politician sad to get a good grade	Right
Trump Admin Moves 100 Migrant Kids Back to Child Jail Despite Concern over Inhumane Conditions	children are sent to prison sad to be safe responsible is arrested to have children to be a cop guilty to be a good parent	Lean Left
Holden team wins national reading title	they get a new job happy to congratulate personx talented gets a trophy to be the best to enter a contest happy to celebrate	Left
Black Voters Matter uses Southern tactics to register black Michigan voters during debates	vote annoyed to vote smart gets elected to be a politician to have the right information good to get a vote	Right
To Rein in Medicare Costs Trump Admin Wants to ‘Radically Elevate’ Primary Care	people are affected sad to help them out responsible gets stressed to help the poor to have a reason to do so happy to get better	Lean Right
Epstein’s Lawyer Claimed the Alleged Pedophile Helped Devise the Clinton Global Initiative	gets accused angry to get their case smart gets accused of plagiarism to defend the case to be a lawyer justified to get a lawyer	Lean Right
Hickenlooper: Hard to Fundraise When You Don’t Promise Free Stuff	loses money annoyed to get rid off greedy gets yelled to keep the peace to have money guilty to keep the money	Right
To Remain Free We Need To Deepen Our Understanding Of The Declaration	they are grateful happy to ask questions intelligent is more understanding to understand to be a citizen happy to make sure everyone understands	Right
Trump administration considers scaling back its North Korea ambitions but Trump's lies stay big	they get into trouble happy to listen to personx smart is disappointed to keep the truth to be a politician happy to be successful	Right
Sarah Sanders: Dems 'Embarrassed Themselves' With Barr Questioning	none annoyed to ask personx why embarrassed gets yelled at to be heard to have been asked a lot of questions embarrassed to get away with it	Left
The Status Anxiety of Pussyhat Moms	gets stressed annoyed to help personx nervous gets stressed to be safe to have a bad experience nervous to avoid the parents	Right
Sunday shows - Immigration raids dominate	people are killed annoyed to avoid personx aggressive gets arrested to be a good citizen to have a passport happy to get away with it	Lean Right
Iran amasses more enriched uranium than allowed under pact denies breach	people are affected angry to get rid of him rich gets a medal to be rich to be a businessman powerful to buy more	Right
Brazilian Airman Caught With 86 Pounds Of Cocaine Ahead Of G20 Summit Officials Say	gets nervous about the consequences angry to get rid of him careless gets arrested to be successful to have been caught with drugs bad about themselves to get a drink	Right
The FBI Is Cracking Down On Chinese Scholars Coming To America	people get killed annoyed to get away from him rude gets attacked to be in charge of people to be a racist angry to get rid of them	Right
Malaysia to sell 1MDB-linked superyacht for $126 million	they lose money happy to thank him rich to be honest to be rich to have a job happy to make a profit	Right
Barack Obama warns against a circular firing squad over ideological purity in politics	people get nervous annoyed to protest the policy smart is asked to leave to be right to have a gun justified to make sure the people are safe	Lean Left
An alarming kids’ health report shows cities must act now on traffic pollution	people are affected scared to avoid traffic irresponsible is criticized to be safe to be a cop worried to avoid the dangerous traffic	Center
‘It Could Have Been Any of Us’: Disdain for Trump Runs Among Ambassadors	get offended annoyed to avoid personx arrogant gets into argument to be like others to be a politician superior to get even	Center
Affirming the Paris Accord Is Good — But Democrats Must Do Much More	vote happy to protest intelligent is disliked to be a better person to be a political leader good to change their views	Left
Revenge of the Machine: New York Party Bosses Rally to Melinda Katz in Pivotal Prosecutor Race	gets fired angry to be correct dominant gets fired to be a good leader to have the right information satisfied to win	Left
FIFA to stick with 32 teams for Qatar World Cup	win the game competitive to win competitive wins the game to win to be a fan happy to be a team player	Right
4 Key Moments When FBI Alleged Trump Was Aware Of Hush Money Scheme	people are suspicious nervous to get the information correct suspicious gets caught to be safe to have a conversation nervous to be a good agent	Lean Left
Volcano erupts on Italian island of Stromboli kills one person	dies sad to run away violent gets killed to kill someone to have a gun angry to run away	Right
The Evelyn Waugh-Loving Band That Rebelled Against Rebellion	people get into trouble angry to get revenge mean gets arrested to rebel to have been wronged angry to get even	Right
Rashida Tlaib Spouts Politically Correct Anti-Semitism for the 21st Century	people are more tolerant happy to get away with it racist is respected to be correct to have the right attitude about the situation good to be right	Lean Left
HUGE! Border Patrol Chief: We’ve Seen a Drop by Nearly One-Third of Illegals Crossing Border Since Trump Deal with Mexico	none none none none none none none none none	Right
Premier League transfer news: Coutinho Maguire Pepe Tierney Dias	people listen annoyed to get a better job smart gets yelled at to be a leader to have a reason to do so happy to make sure people understand the situation	Lean Left
International Elections Digest: Boris Johnson becomes new UK leader raising risk of no-deal Brexit	none none none none none none none none none	Right
Climate Change Is This Generation’s Vietnam War	people die happy to get out of the war patriotic gets a new job to be a different person to be a politician happy to be a good leader	Lean Left
Playboy plans to appeal after reporter says his White House credentials were suspended	gets fired annoyed to listen determined gets fired to get the job to have a job relieved to be successful	Lean Right
Scammers pretending to be from Dell stole $610000 from Fairfax County	people are fooled cheated to get even shady gets caught to be a fraud to be in the wrong place at the wrong time guilty to get away with it	Lean Left
Cory Booker escalates NRA attacks during town hall vows to 'bring a fight': 'I'm tired of going to funerals'	none none none none none none none none none	Right
Theresa May plans ‘new and improved’ Brexit deal	they get paid happy to thank personx smart gets a raise to be successful to make a decision satisfied to get a good deal	Center
Saudi business feels ‘pain’ of crown prince’s reforms	loses respect for personx sad to get paid for their services weak gets stressed to be in power to be in a bad situation sad to be in control	Center
WTI oil futures mark lowest settlement since Jan. 14	people lose money happy to get paid for their work greedy gets dirty to be a good citizen to make a plan happy to make a profit	Center
Comedian Ian Cognito Dropped Dead In The Middle Of His Act	cries sad to cry dead gets arrested to be dead to be a fraud sad to be heard	Right
Man who confessed to killing 11-year-old sentenced to life	they cry sad to cry guilty is sentenced to jail to kill someone to be a murderer guilty to be a good citizen	Right
AOC's Chief of Staff Likens Moderate Democrats to Jim Crow Supporters	gets into trouble annoyed to vote for personx conservative is respected to be a good example to be in charge happy to be a good example	Lean Left
Rep. Ocasio-Cortez demands answers about the 'magically added' racist census question	people are offended annoyed to get away with it smart gets scolded to know the truth to be a racist smart to be correct	Right
Trump is facing impeachment. The NRA is facing bankruptcy. It’s a good day in America	people are affected happy to protest brave the people are in a better position to be a good man to have a good reputation good to get a better job	Left
Scouted: This Highly-Rated Dog DNA Kit Gives You Its Breed Family Tree And More — And It’s $130 Today Only	none none none none none none none none none	Left
The pros and cons of sin taxes	people get cheated happy to get out smart gets praised to be a good citizen to be a sinner smart to be successful	Lean Left
Trump Risks a Return to the Days of ‘Fire and Fury’ With North Korea	people are hurt angry to avoid him dangerous gets burned to be a hero to be in a bad mood angry to be a leader	Right
Iowa conservative leader slams 2020 Dems turning down Christian event	people lose their jobs angry to get away from the situation aggressive gets arrested to be a leader to be a racist satisfied to be a leader	Lean Right
Beto O’Rourke: Trump’s an ‘Avowed Racist’ Who’s ‘Giving People Permission to Do’ Mass Shootings	none none none none none none none none none	Left
Anti-Israel BDS Movement Is Anti-Semitism Disguised as Free Speech Rubio Says	none none none none none none none none none	Lean Left
Mueller directly refutes White House claim that his report exonerates Trump	gets accused angry to argue smart gets accused to be correct to have a report card justified to get a report	Lean Left
Rep. Ilhan Omar calls overcrowding at El Paso border ‘a reflection of white nationalism’	people are harassed by border crossing annoyed to get a good deal racist gets arrested to make a difference to be in border crossing satisfied to be a leader	Right
Pelosi and Schumer Are Playing Too Nice	gets hurt happy to have fun careless gets yelled at to be a good sport to have a lot to do happy to be a success	Center
Trump Baby Blimp To Soar Again For President's UK Visit	people get a new experience happy to thank personx ambitious gets praised to have fun to have a baby happy to be successful	Left
ENEL Finance International N.V. -- Moody's changes outlook on Enel to positive; affirms ratings	none none none none none none none none none	Center
Dozens of bullets ring out in frightening video of Dayton bloodbath	people are dead scared to run away dangerous gets killed to be scary to have a gun scared to run away	Lean Right
Saudi energy minister says discussed oil markets with Russian counterpart	they get a good deal annoyed to listen to personx smart gets a bad reputation to be helpful to have a discussion satisfied to make sure the oil prices are good	Right
EIA forecasts 2019 WTI oil average of $58.80/bbl up 4.8% from previous view	none none none none none none none none none	Center
The CBO Report On Single Payer Isn’t The One We Deserve To See	they get fired sad to get the job done untrustworthy is disappointed to see the outcome to be a teacher sad to be left alone	Right
These Otters Are Popular Pets in Asia. That May Be Their Undoing.	people get killed happy to get away with it influential gets a lot of attention to have a pet to be in a foreign country happy to keep them in good standing	Center
Rep. Bradley Byrne Condemns Horrific Abortion Comments from Alabama Democrat	people are offended people to get rid of the racist racist gets arrested to be a better person to be a racist satisfied to make a point	Lean Left
Ex-Our Lady of the Lake Foundation chief Funes pleads guilty in embezzling case	gets accused of fraud angry to get out of jail criminal gets caught to be a good citizen to have been caught guilty to get a settlement	Left
Leon Panetta: Trump's foreign intel comments are a 'violation of the oath of office'	people are offended annoyed to be respected disrespectful is criticized by the public to show their loyalty to be in office bad to be respected	Lean Right
The Surprising Way Bodycams Can Keep Police Officers From Helping People	people are saved grateful to thank personx helpful gets arrested to protect people to be a cop happy to be thanked	Left
‘We shall overcome’: Remembering folk icon and activist Pete Seeger in his own words and songs	none none none none none none none none none	Left
Find Out If Your Top Sexual Fantasy Is Unique or Just Boring	gets a lot of compliments flattered to be entertained boring gets a massage to be a dreamer to have sex satisfied to be a better lover	Lean Left
New front-month contract September WTI oil adds 46 cents or 0.8% to $56.22	none none none none none none none none none	Center
Tucker Carlson Advising Trump Not to Attack Iran	people are killed scared to get away from the situation wise is yelled at to be safe to be in a position of power satisfied to be successful	Left
AFL-CIO President Opposes Green New Deal	people are influenced happy to vote for their candidate smart gets a raise to be a good leader to be in a meeting happy to get a good deal	Right
No Joe Biden Didn’t Cause Mass Incarceration	people are safe grateful to get away with it determined is arrested to be a good citizen to be in prison happy to get away with it	Left
Facebook 'Labels' Posts by Hand Posing Privacy Questions	people are informed annoyed to get rid of him curious gets caught to be noticed to have a camera happy to get attention	Left
Column: In tiny Oildale the local barber a Trump fan has had it with California	gets paid annoyed to get paid annoyed gets a headache to get a haircut to have had enough annoyed to get a haircut	Lean Left
We Should Repeal The Death Penalty But Not For The Reasons You Think	people are killed sad to protest stubborn is guilty to stop the crime to have been arrested sad to make a settlement	Right
White House expects retaliation from China stresses ongoing talks	they are avoided upset to get their money back angry gets yelled at by chinese to be a good leader to have the power to do it upset to get a new house	Lean Right
Document of the Week: Facebook Disappoints Authorities—Again	gets ignored annoyed to get a new job uninformed gets called out to be mean to be a follower sad to be successful	Lean Right
Videos showed chaos gunfire at Baton Rouge nightclub where 7 were injured in shooting	people died angry to get help violent gets arrested to kill people to get into a fight angry to get medical attention	Left
Drivers Should Compare Car Insurance Quotes Before Renewing The Contract	they get a new car annoyed to get paid smart gets a new car to be a better driver to be a salesman relieved to make a change	Center
The Ways Black Gay Men ‘Act Straight’ to Survive Festival Season	people are affected by personx annoyed to avoid him smart gets arrested to stay out of jail to be a racist satisfied to get away with it	Lean Left
Donald Trump throws a tantrum after he gets caught cheating	gets yelled at by person x angry to punish him immature gets yelled at to get away with something to have cheated ashamed to apologize	Left
Some Maine Republicans Fret New State Ballad Is Too Hard On The Confederacy	people get into argument annoyed to get away from the situation racist gets called racist to be a racist to have a lot of people bad to get away from people	Lean Left
Trump denies trying to restart family separations while blaming Obama for policy – live	people lose trust in the government angry to get rid of the evidence racist is criticized to be racist to be a racist guilty to be a good person	Lean Left
Voting Rights Roundup: Supreme Court deals landmark defeat to foes of partisan gerrymandering	none none none none none none none none none	Right
Finland's new generation of climate heroes	they get a new job happy to get a new job rich gets called a racist to be a better person to be in charge of them happy to be a success	Center
Parents in South Korea Are Upset They Can’t Beat Their Kids Anymore	they cry sad to cry disappointed cries to be a parent to be in a war sad to cry	Lean Left
Blackpink: Meet the K-pop superstars backstage at their first UK tour	they have a good time happy to see them perform excited gets a new experience to be a famous person to be a fan of the band happy to get paid	Center
Kashmir: Pakistan PM Imran Khan on the need for dialogue	people get hurt annoyed to listen to personx smart gets attacked to be a leader to have a problem good to be heard by everyone	Center
Gold futures give back much of their earlier gains finish modestly higher	they are richer happy to win the race lucky gets praised to win to have lost the race happy to be a winner	Center
Premier League title race: Mo Salah’s wonder goal puts Liverpool back on top	they get a new team disappointed to win the race competitive wins the game to win to have the ability to win the race happy to be the best	Lean Left
A Soda Company’s Long Obsession With Outer Space	they get into a fight with personx annoyed to get away from personx crazy gets addicted to have fun to be in space happy to get a job as a pilot	Lean Left
Ida B. Wells Society and ProPublica Announce the 2019 Data Institute	people are informed about the information informed to listen to the information smart gets a raise to be a good citizen to be an expert satisfied to publish the report	Center
Longtime Trump Aide Stephanie Grisham To Be Next White House Press Secretary	gets nervous annoyed to get their job done powerful gets fired to be the boss to have a meeting happy to be a success	Center
Accused Utrecht Shooter Admits Guilt Faces Terror-Related Charges: Dutch Prosecutors	people are in danger angry to punish him brave gets a case to punish to have a weapon justified to get away with it	Right
Deepfakes Could Finally Bring Accountability to Big Tech Companies	people lose their jobs happy to hire them irresponsible gets a promotion to be successful to have a job happy to get a promotion	Left
Trump Unleashed: Paul Ryan 'Weak Ineffective & Stupid' 'Almost Killed' Republican Party	people are dead angry to cry mean is avoided to be mean to be a racist sad to apologize	Lean Left
Obscure makers of generic drugs played central role in opioid crisis records show	they get addicted to drugs happy to get a good deal addicted gets addicted to be successful to buy the product happy to be successful	Lean Left
The real reason Donald Trump’s Iran narrative is falling to pieces	people lose money angry to understand careless gets stressed to be understood to be a politician sad to make things right	Left
Sophie Turner Discusses Kit Harington Making More Money Than Her on Game of Thrones	they get paid happy to thank personx for their help smart gets a raise to be rich to have a game happy to win the game	Center
Meghan McCain presses Steyer on 2020 bid: 'You have not proven that you can inspire people'	none none none none none none none none none	Lean Right
The US in Decline: What Americans Fear for the Future	they get a better job sad to protest brave gets into trouble to be safe to have a bad experience good to be a better person	Lean Right
Trump—Who Once Said Jeffrey Epstein 'Likes Beautiful Women as Much as I Do'—Moves to Distance Himself From the Disgraced Palm Beach Billionaire	none none none none none none none none none	Lean Right
What disasters reveal about mental-health care	people get better grateful to get better helpful gets scolded to be helpful to be a doctor guilty to get help	Center
Watch Halle Berry KICK A** in a promo video for future Academy Award Best Picture winner ‘John Wick: Chapter 3’	none none none none none none none none none	Right
The New York Times Has 10 Years of Gnarly Tax Documents Showing Trump to Be a Mirage of a Man	none none none none none none none none none	Left
Fears Rise of an ISIS Comeback	they are surprised surprised to get revenge powerful gets praised to be a leader to be a politician satisfied to be a leader	Lean Right
Mainstream media ran with Dem lawmaker's claims of grocery store racism. Then the truth came out.	none none none none none none none none none	Right
Six ProPublica Reporters Named Livingston Finalists	people get hired annoyed to write a book smart gets a raise to make a documentary to write a book about it satisfied to publish articles	Center
The Stock Market Intrudes on the Alternate Reality of Trump’s Trade War	people lose money happy to get their money back smart gets attacked to win to have a monopoly happy to be a success	Lean Left
Mueller’s Willing to Testify but Trump DOJ Is Holding It Up: Dems	loses money angry to testify determined gets arrested to be right to have a case good to testify	Left
House Republicans Ask Democrats to Help Force Vote on Protecting Lives of Babies Born After Abortion	people are killed grateful to vote for the rights racist gets arrested to be a good citizen to be a racist happy to save lives	Lean Left
Florida’s Crackdown on Sanctuary Cities Begins	people are attacked by people scared to get away from him aggressive gets arrested to be in charge to have the authority satisfied to be a hero	Right
CNN’s Don Lemon: Trump-Era ‘Level of Toxicity’ and Fears for Safety Could Force Me to Leave CNN	none none none none none none none none none	Left
US Sanctions Are Deadly Illegal and Ineffective	people are safe cautious to get away from the law dangerous gets arrested to be a good person to be in charge of the market powerful to be safe	Left
Schumer decries 'awful' conditions at migrant detention facility	gets scolded sad to get away mean gets scolded to punish the poor to have been sent away from home sad to make up for the bad behavior	Center
Hong Kong Leader Carrie Lam Says Extradition Bill Is ‘Dead’ But Still Won't Withdraw It	people listen to person x angry to be heard stubborn none to be heard to be in charge sad to get it	Left
Teens are spending more on video games than ever before and it's at least partially thanks to 'Fortnite'	none none none none none none none none none	Center
Holiday Inn owner to ditch mini toiletries from 5000 hotels	they get robbed annoyed to have a fun time irresponsible gets robbed to be alone to have money happy to get a shower	Lean Left
The Anxious Triumph by Donald Sassoon – why capitalism leads to crisis	people are affected angry to get away powerful gets stressed to be in control to be a politician happy to make a change	Lean Left
Cheap Shots Against State Department Official Show Critics Aren’t Serious	people are affected angry to get even with personx aggressive gets arrested to get even to be a bad person bad to be right	Lean Left
Floods Landslides Leave Dozens Dead Across Nepal And India	people die angry to get rid of him careless gets arrested to be a tyrant to have a lot of people sad to get rid of nepal	Left
‘It Was a Startling and Terrifying Experience Running Into That Burger.’ Meet the Man Behind the Internet’s New Favorite Mystery	none none none none none none none none none	Center
Trump's evolving remarks on Russian election interference	they are criticized annoyed to argue smart gets called racist to be heard to be a politician satisfied to make a change	Lean Right
House bill would make World Cup funds contingent on equal pay	they get a raise happy to thank person x greedy gets yelled at to be a good citizen to be a good citizen happy to be rich	Lean Right
Mad magazine to come off newsstands largely end publishing new content	people read the magazine happy to read untrustworthy gets a lot of press to be accurate to be a journalist satisfied to be successful	Center
Gas car sales ‘have already peaked and may never recover’ as battery prices plunge	they lose money sad to buy a car poor personx is poor to increase his business to have a car sad to save money	Lean Left
Target upgraded to equal weight at Morgan Stanley	they are praised disappointed to win the competition smart gets a raise to be competitive to be in competition happy to be competitive	Center
Afghan president holds council to set agenda for peace talks	vote happy to listen to personx powerful gets called out to be in charge to have a meeting good to make a speech	Lean Right
Trump and his allies are conspiring to steal the 2020 elections while Democrats stand idly by	people lose their votes angry to win the election racist none to be in power to have the power justified to win	Right
Dayton Mayor Mocks Trump: 'He Might Be Going to Toledo'	people are insulted annoyed  to get away from him arrogant gets caught to be a bad influence to be in the army happy to be a good leader	Right
Video surfaces showing Nancy Pelosi advocating Republican policy on border crisis	people are affected annoyed to listen to personx racist is criticized to be a good citizen to be in a political movement good to be right	Right
Mueller found no Trump collusion with Russia not enough evidence for obstruction: Barr	they are frustrated angry to get the truth dumb none to get away with something to be a witness sad to be correct	Lean Right
Alabama Police Ruined a Couple’s Lives Over $50 of Weed. Now the Charges Against Them Have Been Dropped	gets hurt sad to get away from the situation mean to be honest to be mean to be a cheater guilty to make sure they get out of jail	Lean Right
Lena Headey on How a Deleted Game of Thrones Scene Could’ve Changed Cersei’s Story	gets into trouble happy to get back to work careless is praised to be a bad influence to have a bad experience happy to change the course	Center
Eating Fish May Help City Kids With Asthma Breathe Better	gets sick grateful to thank person x helpful gets thanked to be helpful to have the ability helpful to be a good parent	Center
Andy Ngo reports on the epidemic of hoax hate crimes against LGBT people in Portland	none none none none none none none none none	Right
Trump: Iran Did Not Capture American CIA Agents	they are shot angry to escape smart gets arrested to be safe to be in charge sad to make a deal with the chinese	Right
When One Person on a Date Is Just There for the Free Food	gets nervous about the date happy to go to the movies social gets a kiss to eat to go to the restaurant happy to have fun	Lean Left
Barr-Nunn Offers New Team Fleets with Higher Pay	gets a new job happy to thank personx generous gets paid to be a good sport to get a job as a manager happy to get a new team	Center
August WTI oil gains 15 cents or 0.3% to settle at $57.66/bbl	none none none none none none none none none	Center
Trump upbeat on potential for US-Japan trade deal	they learn a lot happy to thank personx for the business smart gets paid well to be a success to have a good deal happy to make a profit	Lean Right
Scarred By Sinema's Senate Win Team Trump Makes Early Moves To Keep AZ Red	loses disappointed to win competitive wins to win to have a good reason happy to get a raise	Lean Left
IMF gives Mozambique $118 million for Cyclone Idai rebuilding	people lose money happy to thank personx rich gets a receipt to be a good leader to make a plan happy to make sure it's safe	Right
Losing Her Mind: Crazy Ex-Girlfriend Ends with Hope	cries sad to get away from personx sad gets yelled at to be alone to have a bad relationship sad to be alone	Lean Left
California synagogue rabbi injured in shooting: 'Terror will not win'	people get hurt scared to get away from him scared gets shot to win to have a gun scared to get away with it	Lean Right
Warren Unveils Plan For $1 Trillion In New Taxes On Big Corporations	people lose their money cheated to get a raise greedy gets a promotion to make a profit to be in charge happy to get a raise	Lean Left
British man 37 arrested by Spanish police over a carjacking	gets arrested for stealing angry to punish personx criminal gets a ticket for stealing a car to be caught to have stolen a stolen property guilty to get out of jail	Lean Right
Modi’s Message Was Simple: Hindus First	people listen to personx confused to listen to the message smart gets into trouble to be a good listener to have a message happy to be a good leader	Lean Right
National Express Group PLC -- Moody's announces completion of a periodic review of ratings of National Express Group PLC	none none none none none none none none none	Center
Trump denies U.S. plan to send 120000 troops to counter Iran threat	people lose money angry to protest aggressive gets shot down to be patriotic to be in charge of the situation nervous to make sure they are ok	Right
Venezuela's top court targets opposition lawmakers	people are defeated angry to get their money aggressive gets fired to be in charge to be in court happy to get a new case	Center
Here’s the ‘gaping loophole’ in federal law that Russia and other countries can exploit to legally influence the 2020 election	none none none none none none none none none	Left
Officials searched 3 days for a lost hiker in Hawaii. Volunteers wouldn’t quit — and found her weeks later	none none none none none none none none none	Lean Left
Mississippi Sued for Awful 'Veggie Burger' Ban	they get yelled at annoyed to make sure they are fed mean gets yelled at to be a jerk to be hungry guilty to get their food	Lean Right
The Democratic Presidential Primary Is An Arms Race In Crazy	people vote happy to protest crazy gets into trouble to win to have a political agenda happy to be a good leader	Right
Foreign Generic Drugs: A Matter of Life or Death	gets high sad to get rid of him careless gets arrested to be a drug dealer to have a bad case sad to get high	Right
Seething Senators Call Trump’s Environmental Plans Literally Toxic and Dangerously off the Rails	people are affected annoyed to avoid personx irresponsible gets into trouble to be right to be in a bad position justified to avoid environmental problems	Left
Episcopal alum possibly among Ole Miss students posing with guns at sign honoring Emmett Till	none none none none none none none none none	Left
Brexiteer Boris Johnson set to become British prime minister	people are forced into smaller circles annoyed to protest the rules of the new regime arrogant gets a raise to be a good leader to be a leader happy to make sure everyone is safe	Center
Nobody Should Be Placed in Solitary Confinement—Not Even Paul Manafort	gets nervous and starts sweating sad to be alone lonely is isolated to be alone to be alone lonely to be alone	Lean Right
Two More Broward Officers Fired over Failed Parkland Response	people are injured angry to get a better job careless gets fired to get away with something to have a reason to do it sad to make a report	Lean Right
French Official: Notre Dame Fire Weakening Cathedral’s Towers ‘Safe’	people are hurt angry to get out of trouble dangerous people to be a threat to be in a bar happy to get rid of the smoke	Right
Alabama Congressman Quotes Mein Kampf to Criticize Democrats and the Media	people get offended by the insult annoyed to get away with it racist gets called racist to be a racist to be a racist satisfied to be a senator	Left
Young Democrat Booed for Opposing Slavery Reparations at House Hearing	people vote angry to win racist gets a bill for the bill to win the election to have been demoted happy to win the election	Lean Left
White Nationalism Is an International Threat	people are affected by the threat angry to avoid the situation racist is criticized to be a racist to be a racist powerful to be a leader	Lean Left
Media Scrambles To Discredit Abby Johnson’s Pro-Life Conversion And Fails	gets fired angry to get revenge mean gets fired to be a better person to have heard rumors about them guilty to get a new job	Right
Nadler: Trump claim of executive privilege could delay Mueller testimony	people listen to personx annoyed to listen to personx's testimony smart to be correct to be correct to be a judge in court good to be correct	Center
Stephen Miller's Uncle: Trump's Anti-Immigrant Comments Demonize Asylum Seekers & Stir Racist Hatred	none none none none none none none none none	Lean Left
NBC Reporter Dismisses Host Bringing Up Dayton Shooter’s Pro-Warren Tweet	people get nervous annoyed to get a new host rude gets yelled at to be a good citizen to have a reason to do it satisfied to get more people involved	Right
Gilroy shooter's motive may never be known as investigation finds few clues	gets caught angry to ask for more clues clever gets questioned to solve the case to be in a situation where someone will be questioned satisfied to find out the truth	Lean Left
Trump’s Space Force Gets the Final Frontier All Wrong	gets into trouble annoyed to get away with it stupid gets into trouble to be a failure to be a racist defeated to get a new career	Lean Right
Trump issues Earth Day message without mentioning climate change	people are affected annoyed to listen to personx smart gets ignored to inform to have a reason happy to make people understand	Lean Left
Trump says he feels 'very badly' for Labor Secretary Acosta	gets stressed upset to listen remorseful gets fired to make a difference to have lost job sad to apologize	Center
Trump immigration chief caught pretending not to know about his racist tweets	people get caught angry to get away with it ignorant gets yelled at to be deceptive to be a racist ashamed to get away with it	Lean Left
This Belgian Nurse Watched Euthanasia Turn Pain Management Into A Death Prescription	they get cured grateful to get treatment smart gets sick to be helpful to have a problem sad to get better	Right
Man nearly killed by frozen body that fell from plane is too traumatized to go home	people mourn x sad to make sure they're ok scared cries to be safe to be in a plane crash sad to get back on the plane	Lean Right
There’s a Reason You’ve Never Heard of John Delaney	gets confused confused to ask personx questions curious gets asked questions to be a good listener to be in a conversation curious to find out more	Left
Former Obama White House counsel indicted	to be correct people are dead to win the case smart gets arrested to be correct to have been asked for help satisfied to make sure they are ok	Center
Omar hits back at Trump tweet: 'Knock it off. You're the president'	people are hurt angry to get away from him aggressive gets yelled at to get even to have the authority to do so satisfied to be a winner	Lean Right
Baby girl found alive inside plastic bag	cries happy to cry lucky cries to have a baby to have been in a plastic bag happy to give the baby a bottle	Center
Don’t Just Condemn the New Zealand Attacks — Politicians and Pundits Must Stop Their Anti-Muslim Rhetoric	none none none none none none none none none	Left
Using Proxies Iran Appears to Be Hitting Back in the Fight Over Oil	people lose their jobs angry to win aggressive gets arrested to win to be a leader justified to win the war	Lean Right
Near the Comite people who flooded in 2016 anxious about Hurricane Barry river forecasts	people lose money from the flood worried to thank personx anxious none worried to be a senator worried to get rid of the rain	Left
Google Searches For Ways To Put Artificial Intelligence To Use In Health Care	they get a better job grateful to help personx intelligent gets scolded to be a better person to be a scientist smart to get a better job	Center
'It's the hope that gets you': Spurs and Liverpool fans go head-to-head	gets excited annoyed to get to know personx influential to be bold to win the game to be a fan happy to be successful	Lean Left
His Visa Was Stamped His Papers in Order. Then He Was Targeted By a Secretive CBP Task Force.	none none none none none none none none none	Left
Capturing a Nigerian Church Surviving South East London Gentrification	people lose money happy to get out of the country religious gets a commission to be a good citizen to be in the presence of a mosque happy to make sure the people are safe	Lean Left
Eli Lilly stock price target cut to $118 from $120 at CFRA	they get a good deal happy to get a good deal skilled to be honest to be accurate to have the right tools happy to make a good profit	Center
S&P 500 records five-day losing streak on trade fears	they are disappointed happy to win the competition competitive gets a lot done to win to be a good player happy to win	Center
House Panel Threatening Subpoenas Over Census Question	gets caught nervous to file a complaint mean gets caught to be a good citizen to be a cop satisfied to get a good deal	Left
McConnell stumped after reporter asks if it’s OK to tell his immigrant wife to ‘go back to your country’	none none none none none none none none none	Left
Warning: Don’t Believe Everything You Hear About the Mueller Report	gets fired annoyed to listen naive gets fired to not be gullible to listen to what they are told confused to be right	Left
They wanted a son so much they made their daughter live as a boy	they get a baby happy to be a good parent loving gets pregnant to be a parent to be a parent happy to have a baby	Lean Left
Iranian officials issue warnings to the US as Trump announces new sanctions	people are affected by the warning upset to listen to the information authoritative gets fired to be a good citizen to have the authority powerful to make sure the information is received	Lean Left
Menthol Cigarettes Could Be Even Worse Than Regular Cigarettes	gets stressed annoyed to get a lighter careless gets stressed to be healthier to buy cigarettes bad to buy cigarettes	Lean Left
Watch Broward County Sheriff’s Deputies Slam a 14-Year-Old Boy’s Head Into the Pavement	none none none none none none none none none	Lean Right
Jeffrey Epstein Is Denied Bail In Sex Trafficking Case	gets arrested sad to file appeal guilty gets arrested to get away with it to have been arrested sad to go to court	Center
Pharmacy Middlemen Will Take Their Turn in the Congressional Hot Seat	they get a good review from the press annoyed to get a good grade nervous gets yelled at to get their turn in the hot seat to be in the hot seat nervous to win	Lean Right
Pictured: 'Murdered' teenage brothers their mother and her half-brother accused of killings	gets killed sad to get away with murder criminal gets arrested to get revenge to be a murderer guilty to get away with it	Lean Right
The Trudeau Scandal Happens All the Time in America	people are affected by the scandal sad to get out of the situation rich gets rich to make a lot of money to have a lot of money happy to get out of trouble	Lean Left
Middle school volleyball players help stop woman’s suicide: ‘Your life is worth it’	people are saved grateful to be saved brave is respected to be a hero to be in a bad position proud to help others	Lean Right
Markets Right Now: Stocks regain some of lost ground	loses money happy to win determined loses money to be rich to invest happy to make more money	Lean Right
Kyoto Animation Studio Arson Kills 33 Shocking Japan	people die shocked to get revenge violent gets killed to kill to have a gun satisfied to get a new career	Center
'Piece of garbage': Donald Trump Jr. slams Tom Arnold over lament he and brother Eric haven't been robbed	none none none none none none none none none	Right
Indian election: Narendra Modi’s BJP tipped for victory	people vote happy to win proud gets a raise to win to win election happy to celebrate the win	Lean Left
Joe Biden: Build 'James Bond-Style' Guns That Don't Fire Without DNA Match	to the gun happy to get rid of him criminal gets arrested to be a good person to have the right tools satisfied to be a gun maker	Lean Left
FLASHBACK: Biden Likes to Swim Naked Which Female Secret Service Agents Found ‘Offensive’ Book Claimed	gets sweaty annoyed to get revenge smart is arrested to be the best to read happy to be a good swimmer	Right
A Lawsuit Details a Horrific Night of Beatings in a Pennsylvania Jail	people are hurt sad to get out of jail criminal gets arrested to be in jail to be arrested guilty to be a criminal	Lean Right
July WTI oil down 37 cents or 0.7% at $53.13/bbl after $54.63 high	none none none none none none none none none	Center
‘No Man’s Land’: The plight of the northern white rhino	people are saved sad to avoid the situation brave gets attacked to be a good man to have a land sad to be in charge	Lean Left
Dem. Rep. Accuses DHS Secretary of Choosing to Let Migrant Kids Die: ‘This Is Intentional’	they are being treated better than before sad to be a good country authoritative is a decision maker to be a racist to be a representative of the president of a government justified to be a leader	Lean Right
Amazon’s Prime Day Taylor Swift concert shows it wants to sell you more than just stuff	people are affected annoyed to get a good deal greedy gets paid to make money to be a singer happy to get a good deal	Lean Left
Venezuela’s opposition sets out debt restructuring plans	loses money angry to thank personx greedy gets money to make money to make a deal happy to get rid of debt	Center
Trump Explains 'Nasty' Meghan Markle Comment But Basically Calls Her 'Nasty' Again	gets hurt annoyed to get away mean gets yelled at to be correct to have a conversation satisfied to apologize	Left
Management company admits breaking health and safety laws after woman was killed during Storm Doris	people are injured sad to file a complaint responsible gets arrested to be a police officer to be a police officer guilty to make a settlement	Lean Right
YEP: ABC’s Terry Moran only needed two words to sum up today’s hearings and gigantic fail by Democrats	none none none none none none none none none	Right
The BJP’s threat to restrict Indian citizenship unmasks the ugliest side of nationalism	people get killed none none none is looked at none none bad	Center
Let’s All Witness Maisie Williams Silencing a Troll Who Doubts the Power of Arya Stark	the person who was wronged annoyed to get away wise is ignored to be right to have a reason sad to get away with it	Center
Mother of three shopping for school supplies died protecting her 2-year-old during a massacre...in America	none none none none none none none none none	Right
Britain’s Tories Bravely Put Party Before Country	people are hurt happy to thank personx brave gets shot down by bullet to be patriotic to have a party happy to get a drink	Lean Right
Shanahan’s Review of Niger Ambush Seen as ‘Rubber Stamp’	they are surprised angry to get revenge smart gets caught to be right to have been cheated smart to be correct	Lean Right
Bloomberg: Huawei Equipment In Italy Had Security Backdoors	people are protected by the barriers annoyed to get paid careless gets arrested to be safe to have the equipment happy to be safe	Left
Delta Airlines Refuses To Boycott Georgia Over Abortion Laws	people are killed by the virus angry to protest stubborn gets arrested to be a good person to have a reason why guilty to make sure it's safe	Right
Meet the New Boss (But It’s Literally the Same Person)	gets fired happy to get to know the new boss confident gets promoted to be in charge to get hired happy to get a new job	Left
Russian and U.S. Navy Ships Narrowly Avoid Collision in Philippine Sea	people are killed safe to avoid collision cautious is saved to avoid a crash to be a pilot safe to avoid the crash	Center
The Middle East Is Now Split Between Red States and Blue States	people lose money angry to go to the capital racist gets into trouble to be divided to be in a war upset to go home	Lean Right
Four things you can do today to fight voter suppression	people get hurt angry to win the fight determined gets arrested to be a leader to have the skills good to be a good leader	Right
Buzzfeed Used User Data Created Anti-Trump Ads Wrote Anti-Trump Hit Pieces While Taking Millions from Far Left PACs	none none none none none none none none none	Right
Conversations with Ma: Making Wreaths and Having Kids	they have fun happy to have a good day loving gets tired to be with the kids to have a good time happy to make them happy	Lean Left
Trump Offers Netanyahu Part of Syria to Boost Israeli Leader’s Flagging Re-Election Campaign	people lose their money happy to be a good leader a leader gets a lot of votes to be successful to be a leader happy to make a speech	Left
UN: Bosnia moves migrants to area infested with land mines	people get killed annoyed to avoid the insects aggressive gets caught to avoid land traps to have the resources nervous to get rid of land traps	Center
Here’s a List of Meghan Markle’s Baby’s Potential Godparents and What They Could Bring to the Table	none none none none none none none none none	Center
The Battle for Women’s Suffrage in the U.S.	people are hurt angry to get away aggressive gets arrested to be in charge to have a reason to do so justified to get even	Lean Left
Austrian White Nationalist Accused of Ties to NZ Mosque Shooter Is Making Money off Youtube	people are accused angry to protest racist gets accused to make money to have a gun happy to get rid of the racist	Lean Left
The Giddy Thrill of What We Do in the Shadows A Show About Bloodsucking and Bootlicking	none none none none none none none none	Lean Left
The UN Human Rights Council’s lousy election	people are affected by personx's policies bad to get rid of him racist gets arrested to be a racist to have a vote guilty to get a new job	Center
Ex-Obama Border Patrol Chief: Immigration Crisis Is Worst 'in the History of the Country'	people lose their homes bad to avoid the situation racist people are killed to be a racist to have been arrested by police bad to get rid of people	Lean Left
The Italian Donald Trump Visits Washington	people get robbed impressed to go to the airport rich gets a passport to be a part of the culture to get a passport happy to go to the airport	Lean Left
Elizabeth Warren Unveiling Opioid Plan Says Sackler Name Should Come Off Harvard Buildings	gets nervous bad to be correct mean gets arrested to get people's attention to be a rat happy to be a success	Center
Friday Night Fights With Ukraine’s Far Right	loses angry to win aggressive gets arrested to be mean to be angry angry to win	Lean Left
Trump Trolls Washington Foreign Policy Establishment	people lose respect for personx annoyed to get rid of him rude gets yelled at to be a good citizen to have a lot of money bad to get a good deal	Right
Mueller Refused To Deny His Team Leaked Roger Stone’s FBI Raid To CNN	people are questioned angry to find the truth stubborn gets accused of plagiarism to be a hero to be in the wrong place upset to get the information out	Right
‘A River Of Blood’: Coordinated Church Bombings Leave More Than 200 Dead In Sri Lanka	none none none none none none none none none	Right
Democrats Blast Biden For Recalling 'Civil' Relationship With Segregationists	people vote annoyed to vote for their candidate racist gets demoted to be a good citizen to be a racist good to be heard	Center
Johnny Depp Accuses Ex-Wife Amber Heard Of ‘Painting On’ Her Bruises	cries hurt to cry mean gets punched to get revenge to be angry angry to get away with the crime	Left
Trump Attempted to Suppress State Dept. Analyst’s Testimony on Climate Crisis	people lose their jobs cautious to get their point across smart gets criticized to be correct to be in charge good to be a leader	Left
‘WE’RE TOO LATE’: Democrat Andrew Yang Takes Climate Hysteria To New Level	people are demoted annoyed to protest irresponsible gets demoted to be a better person to be in a position of power bad to be a success	Right
Migrant Apprehensions at Border Hit 144K in May Says CBP	gets arrested happy to get a new job criminal gets arrested to be successful to be in the wrong place at the wrong time nervous to get a job	Lean Left
Barr has the US on ‘the road to tyranny’: Hillary Clinton calls out Trump’s AG over his shameful Senate testimony	none none none none none none none none none	Left
Illegal immigrant 33 is charged in the shooting death of 28-year-old Oklahoma mother-of-one	none none none none none none none none none	Lean Right
Dems seize offensive against Trump after detention center outrage	loses money angry to get away angry gets arrested to win the case to have been arrested by the police justified to win the case	Center
White supremacy must be undone — institution by institution	people lose their homes angry to get rid of him dominant gets arrested to be a racist to have been given a bad name powerful to get a better job	Lean Left
Country star Kenny Rogers dismisses ‘wild misinformation’ about his health	people are confused annoyed to get even mean gets called a liar to be accurate to be a doctor relieved to get away with it	Right
Congress May Not Bar Registration of Immoral or Scandalous Trademarks—But Vulgar or Profane Marks Maybe	none none none none none none none none none	Lean Right
Pete Buttigieg: Trump immigration approach backward	to be correct annoyed to thank personx rude gets caught to be correct to have a reason to do it happy to be successful	Center
The Obscene Difficulty of Depriving a Troubled White Man of a Gun	gets killed sad to thank personx violent gets arrested to be a racist to be a gun owner justified to kill the man	Lean Left
For $500 million Rivian will teach Ford how to make electric vehicles	people get a new car happy to listen to the teacher smart gets paid to be rich to know how to make cars happy to make a good profit	Center
Trump: 'Hoax' Mueller Probe 'Should Never Be Allowed To Happen To Another President'	people lose respect for personx annoyed to protest the information irresponsible gets fired to be a good president to have a leak happy to be a success	Lean Left
Amazon is making a late entry into the internet satellite race	they are disappointed annoyed to get a new computer careless gets yelled at to be a good host to log on nervous to get a new job	Center
The Billionaire and the Mayor Disrupting Taiwan’s Elections	people lose their jobs angry to protest powerful gets a raise to be a good example of the poor to be a politician powerful to win the election	Lean Right
Orange chief Richard acquitted in long-running fraud case	people are shocked angry to get a settlement smart gets paid to win the case to have a case satisfied to win the case	Center
Pelosi Sounds Alarm Over Trump Impeachment; 'Villainous' Trump Throws Fuel On The Fire	people are angry bad none mean none none to have a gun in hand none to be a good example	Right
The House Just Voted to Raise the Minimum Wage to $15	they have less money happy to thank them responsible gets a raise to be a good citizen to be a demographics officer happy to make more money	Left
Trump’s latest China tariff threat is just bluster	people get nervous annoyed to avoid him arrogant gets yelled at to be a better person to be in charge like they are being misunderstood to be a good leader	Center
Apple CEO Tim Cook: Big Tech Needs to Be Regulated	they get a new employee happy to get a new employee smart gets stressed to be successful to be in a company happy to be a good leader	Right
Dozens of Business Leaders Advocate Abortion Access: ‘Don’t Ban Equality’	people get hurt grateful to get away with murder smart gets arrested to be a good leader to have a reason good to be successful	Lean Left
University Of Cambridge Rescinds Jordan Peterson Invitation After Backlash	people get angry annoyed to get a drink rude gets a raise to be successful to be in the presence of people who have been invited happy to get out of trouble	Right
That’ll show him! Bette Midler shows her support for Amy McGrath by shaming polio survivor Mitch McConnell over military discharge	none none none none none none none none none	Right
Seven motorcyclists killed 3 injured in crash with pickup truck	people are injured sad to call the police injured gets hurt to save lives to be in a vehicle sad to go to the hospital	Lean Right
Donald Trump has deranged meltdown after everything goes wrong for him	gets nervous sad to help him crazy gets stressed to be a failure to have a bad day upset to apologize	Left
Ohio man raped now-pregnant 11-year-old girl: authorities	killed sad to find out why immoral police are looking for the victim to kill someone to have a weapon sad to kill the fetus	Lean Right
With Mueller Time a Flop Dems Run to Plans B and C	gets into trouble happy to get rid of him careless gets caught to be successful to have a plan happy to get a job	Right
Swedish Vegans on Trial for Starving Two-Year-Old Daughter	gets food sad to eat mean gets a settlement to punish someone to have a reason guilty to make a settlement	Right
Australian woman is horrified to find a kookaburra on sale for $1200 in an American pet shop	none none none none none none none none none	Lean Right
Authorities thwart widespread terror plot involving US military veteran	people are safe grateful to thank him brave gets shot to save our people to have a plan proud to be successful	Lean Right
Cher Experiences Brief Moment of Lucidity – Questions Democrats’ Open Border Policy	people lose their jobs angry to protest the law uninformed gets stressed to be correct to have been asked for help by others confused to make sure they understand the situation	Right
Liberals Are Using Rep. Ilhan Omar as an Excuse to Chill Speech	people are offended annoyed to get away with it smart gets yelled at to be heard to have a good reason relieved to get a drink	Lean Left
Iraq Lebanon to stay away from Mideast peace conference	people are killed annoyed to get away from the situation cautious gets called a racist by others to be left alone to have been invited to the conference nervous to avoid the situation	Lean Right
Man charged with 64 felony counts after 1000 guns seized at Bel-Air mansion	people lose their jobs angry to file a complaint reckless gets arrested to get a record deal to be in the wrong place at the wrong time angry to be a good citizen	Lean Left
The Decathlon: Nadal Barty McIlroy and Ronaldo are the weekend’s big winners	none none none none none none none none none	Lean Left
The DCCC Is Trying to Put Me Out of Business — and I’m a Democrat.	none none none angry none to be in charge none guilty to be a success	Left
Delta reduces the amount of space passengers can recline seats by on Airbus A320 fleet of planes	none none none none none none none none none	Lean Right
Four dead in Venezuela clashes after opposition uprising rights group says	people lose money angry to protest racist gets arrested to be heard to be a racist sad to protest	Center
Getting 'California Sober' Showed Me a Kinder Gentler Way to Do Drugs	gets high grateful to thank him for his advice wise gets arrested to be more successful to be a dealer better to get better	Lean Left
Meghan McCain: Pete Buttigieg's socialism comment was 'just ridiculous'	to people annoyed to get away from him arrogant personx is offended to make people laugh to be talking about the subject satisfied to be heard	Right
House Approves Sweeping Provisions That Target Toxic Forever Chemicals	they get sick happy to thank personx careful gets a bad reputation to avoid toxic chemicals to have a recipe for the poison good to avoid the toxic effects	Left
Joe Biden Wants to Bring High-speed Rail to California -- Again	they have to pay for it happy to have a good time adventurous gets a ticket to have fun to have a car excited to get a ride	Lean Left
Women's World Cup 2019: Fans react to US vs Netherlands final	people get hurt happy  to get a drink influential gets a high score to be successful to be in the wrong place at wrong time happy to be a success	Center
Meet Jeffrey Epstein the billionaire financier arrested for alleged sex trafficking who's rubbed elbows with Donald Trump Bill Clinton and Kevin Spacey	none none none none none none none none none	Center
OTC Birth Control Won’t Help Women If They Don’t Get Better Information	women are safe sad to be protected irresponsible gets arrested to keep women safe to be a doctor relieved to be safe	Right
Scandal for Bolsonaro’s Justice Minister Sergio Moro Grows as the Intercept Partners With Brazil’s Largest Magazine For New Exposé	none none none none none none none none none	Left
The World Doesn’t Care About Groupthink	gets ignored sad to be left alone uncaring gets yelled at to be left alone to be ignorant sad to get a better job	Lean Right
In 1 Chart How Your Taxes Are Spent	they are grateful to him grateful to thank personx smart gets paid to be helpful to be a tax collector satisfied to make a report	Lean Left
Clinton Lawyer Testimony to Judicial Watch Contradicts What She Told FBI About What She Knew About Hillary’s Private Email Use	none none none none none none none none none	Right
Household smoke may be the world’s deadliest environmental hazard	people get cancer sad to get rid of him dangerous is avoided by others to be safe to be a environmental activist bad to not be affected	Center
Jeffrey Epstein bail ruling delayed as more accusers come forward	people are accused angry to get their point across willful personx is yelled at to be a good citizen to have a case guilty to make a settlement	Lean Right
Judge Agrees Black Driver Involved In Fatal Hit-And-Run Feared Police ‘Racism’	gets arrested angry to get out of jail brave gets arrested to be a hero to be a cop guilty to be a good driver	Right
Two arrested in North 35th Street fatal shooting that resulted from family feud Baton Rouge police say	family is arrested sad police angry police have to report the incident angry  to get caught sad to get out of jail	Left
Game of Thrones’ Star Jacob Anderson on Where He Thinks Grey Worm’s Loyalty Will Lead Him	gets nervous happy to be like him confident gets into trouble to be successful to be a follower of grey worms happy to be a good person	Center
Trump critic Amash quits their Republican Party	they get a better job annoyed to win mean gets fired to be a better person to have a bad attitude satisfied to get a better job	Right
Today’s back pages: Maestro Messi is from another planet as Liverpool are floored	people are shocked surprised to listen to the lecture dumb is asked questions to be a good listener to read the book surprised to be left alone	Lean Left
‘Try again’: NowThis’ attempted gotcha on Alabama anti-abortion law ‘might be the dumbest comparison I have ever seen’	none none none none none none none none none	Right
The president of JetBlue's venture capital firm is a renaissance woman who just might transform air travel (JBLU)	none none none none none none none none none	Center
Donald Trump reaches a disgusting new low and proves there is no bottom	they are surprised sad to get away determined gets a promotion to be the best to be in a bad situation satisfied to be a success	Left
Warren Sanders Call to Impeach After Trump Welcomes Dirt From Foreign Powers	people are punished angry to get rid of him careless gets scolded to be correct to have been cheated relieved to be correct	Left
Warren’s Economic Evolution Gives Her Candidacy a Unique Edge	gets a good name grateful to win the election influential gets a raise to be influential to be a politician happy to be a success	Lean Left
Sri Lanka Easter Sunday attacks: what we know	people are killed sad to repent for their sins religious gets hurt to have fun to have easter eggs happy to repent for what they did	Lean Left
Sex Magic: Teen Vogue’s Latest Effort to Derail Young Girls	gets into trouble annoyed to be left alone manipulative gets rejected to be a magician to be a good actor happy to make them do something	Right
SCHACHTEL: Trump Needs To Confront The Qatari Emir On His Terrorist Best Friend	none none none none none none none none none	Right
MASN owes Nationals tens of millions MLB panel rules	people lose their homes happy to thank person x careless gets a raise to be a good citizen to be a member of a group guilty to be respected	Lean Left
Garlic Festival Gunman Entered Through Fence to Avoid Security Check	gets robbed by police annoyed to get them out of the car cautious gets caught by security guard to be safe to be a thief nervous to get out of the car	Lean Left
WaPo columnist: Democrats will have to defeat Trump at ballot box post-Mueller	none none none none none none none none none	Lean Right
Acting Defense chief says he'll 'look into' reported request to move USS McCain out of Trump's sight	none none none none none none none none none	Center
Brexit talks collapse setting up Theresa May’s likely departure	people are upset sad to get away from personx careless gets yelled at to get rid of people to be in charge sad to get a new job	Lean Left
Russian Police Arrest More Than 1000 Protesters In Moscow	people are killed angry to get out of the country aggressive gets arrested to be in charge to have been attacked angry to kill them	Left
Plunging response rates to household surveys worry policymakers	people lose clients annoyed to get paid smart gets stressed to be a good citizen to have a problem worried to make sure they are ok	Center
5 Years Ago Trump Said an Ebola Doctor Should Suffer the Consequences!	they are sad sad to listen wise gets a bad name to get a better job to have a bad experience sad to get a better job	Left
Bipartisan Rage At FBI For Hiding Details Of Russia Cyberattack On FL Elections	gets nervous angry to find out what the issue is angry gets arrested to be in charge to have information angry to get rid of them	Lean Left
People say they hate traffic jams but are oddly tolerant of them	people avoid people annoyed to avoid him tolerant gets yelled at to avoid traffic to have heard about traffic jams annoyed to be left alone	Center
State coroner in Greece says woman believed to be a missing American scientist likely died as a result of criminal act	none none none none none none none none none	Center
‘Star Wars: The Rise of Skywalker’ Trailer Debuts	people are disappointed impressed to watch the movie powerful gets famous to make a lot of money to have a lot of money happy to make money	Right
Muslim Women in Sri Lanka Are Pissed About the Post-Bombing Burqa Ban	people are hurt angry to protest angry they get fired from the job to be angry to have been attacked upset to get out of the country	Lean Left
Exclusive -- Jerome Corsi Claims Mueller's Team Tried to Pressure Him Into Pleading Guilty	loses disappointed to get the job a criminal none to win the game to have been cheated guilty to win	Right
Kamala Harris Campaign Insists ‘She’s Been Very Clear’ on Health Care	gets sick grateful to listen to personx concerned gets stressed to be correct to be a doctor satisfied to make sure she is healthy	Right
WWII plane rescued from boneyard flies again heads for D-Day ceremonies	people are dead happy to thank him for his bravery brave gets a medal to show appreciation to have been kidnapped by the president happy to get back home	Center
As William Barr circles the drain Donald Trump tries out a whole new evil plan	they are dead sad to be saved brave gets killed to get ahead to have a plan happy to be successful	Left
2020 Democrat: Pelosi is 'juggling a caucus that's divided'	people are demoted annoyed to protest racist is a bad example to be a demoque to be in a political party good to change the law	Lean Right
Her Mother Was Killed by U.S.-Backed Security Forces. Now Lucrecia Mack Is in Guatemala's Congress	none none none none none none none none none	Lean Left
The Books Briefing: The Dangerous Enchanting Sea	they get into trouble scared to listen wise gets into trouble to be safe to be a captain nervous to make sure they do not get hurt	Lean Left
Care in a Land of Closing Hospitals	patients get sick sad to help him responsible gets a lot done to be safe to get a job sad  to go home	Lean Left
Intel puts modem business up for sale held talks with Apple: WSJ	gets cheated annoyed to thank personx smart gets money to make money to have a reason satisfied to make a profit	Right
Serbia’s Protests Aren’t the Beginning of a Balkan Spring	people are affected by the balkan season annoyed to listen to personx racist gets fired to be a racist to have heard about the balkans like a failure to be a better person	Lean Right
When misinformation online leads to death threats	people are dead angry to avoid personx untrustworthy gets killed to be safe to be a spy nervous to make a deal with the government	Center
Sri Lanka Attacks Highlight Growing Worldwide Persecution Of Christians	people lose faith angry to get away racist gets accused of racist behavior to be a racist to have a religion happy to be successful	Right
Trump Appears Headed for Defeat in Effort to Block Congress From Subpoenaing Financial Records	loses their job angry to protest determined gets arrested to be a winner to have lost the race powerful to win	Left
Earthquake: 4.5 quake near Ridgecrest Calif.	people are scared scared to go to the beach scared gets a lot of money to get rid of the bugs to be in the wrong place scared to get away	Lean Left
The Trump Administration Wants to Kick Undocumented Immigrants Out of Public Housing	people are homeless sad to get rid of him mean gets arrested to be a racist to be in a foreign country satisfied to make sure the people are not caught	Left
President Trump declares victory after impeachment is defeated in the House	people are defeated sad to celebrate powerful is congratulated to win the election to have a speech happy to celebrate	Right
Hong Kong Launches Massive Resistance Against China	chinese people get attacked angry to protest aggressive gets attacked to get rid of chinese to have the resources to do so angry to get away with something	Right
El Salvador’s President Says His Country — Not Trump — Is Responsible For Migrant Deaths In Rio Grande	people are dead sad is a racist racist is arrested to be a good leader to be a racist sad to be a leader	Right
On Venezuela America Should Check Its Regime Change Impulses at the Door	people are affected by the change in the environment grateful to thank personx careful gets arrested to be a better person to be a racist satisfied to get a new job	Right
Socialism Promises a Utopia but Delivers Suffering	people lose their jobs sad to listen to personx influential gets arrested to be a better person to be a politician sad to be a better person	Lean Left
JANET STREET-PORTER Sorry Boris but fat people are costing the NHS as much as smokers	none none none none none none none none none	Lean Right
Kindergarten teacher detained after allegedly poisoning 23 children	children get sick scared to cry mean gets scolded to be a teacher to be a teacher guilty to make sure they are okay	Lean Left
Letter details ‘severe’ sexual harassment at AccuWeather under Trump’s pick to lead NOAA	gets arrested scared to get out of jail aggressive gets caught to be a good person to be a police officer nervous to be a good example	Lean Left
The Trump Administration Is Making Hezbollah Stronger	people lose money impressed to protest influential gets praised to be a better leader to have a lot of influence powerful to make a difference	Lean Right
Right-Wing Terrorism Could Get Even Worse After Trump	people are affected bad to get away with murder of people dangerous gets arrested to get even to be a bad influence bad to get even worse	Left
Crypto miner Bitmain’s IPO plans at risk of being shelved	gets into argument annoyed to listen to personx careless gets arrested to be safe to be in trouble happy to be safe	Center
Illinois House Passes Bill Requiring Women African-Americans on Corporate Boards	women are discriminated against annoyed to get a job racist gets paid to be a racist to have a racist policy happy to get a good deal	Right
Manchin knocks Barr: He should be focused on protecting the Constitution	gets hurt protected to thank personx determined gets attacked to protect the people to have a gun good to be a good citizen	Lean Right
‘The Biggest Piece Mueller Left Out’	they are surprised annoyed to get even careless gets scolded to be left alone to be a big mueller embarrassed to apologize	Lean Right
British Royals Meghan and Prince Harry’s Instagram Account Has Broken a Record	people are disappointed annoyed to get a better deal talented gets scolded to be successful to have been cheated proud to be successful	Center
The Underrated Pleasures of Eating Dinner Early	they eat happy to have dessert hungry gets sick to eat to have money satisfied to be full	Lean Left
Violence Against Women Act would close the ‘boyfriend loophole’ in gun bans	gets shot angry to be left alone mean gets shot to be mean to be a racist justified to get away with it	Lean Left
Taseko Mines started at outperform with C$1.00 stock price target at BMO Capital	they lose money happy to win competitive gets a good deal to be successful to have the right tools happy to be successful at the next level	Center
Watch Nancy Pelosi Stutter Slur and Suffer Memory Lapses In Press Conference	gets nervous annoyed to listen to personx's explanation clumsy gets yelled to be a bad influence to have a bad day embarrassed to apologize	Right
Searchers find body of police chief knocked overboard from fishing boat	police get arrested for a crime sad to catch a fish scared gets arrested to catch a fish to go to the boat sad to call for help	Lean Left
Far-Right Groups Embrace ‘Straight Pride Parades’ to Win Recruits Media Attention	people are more informed impressed to listen to personx smart gets promoted to be a good leader to have a good reputation proud to win	Left
San Juan mayor suggests Trump 'vindictive' toward Puerto Rico because his golf course there 'went bankrupt'	people are angry angry to win the election mean is accused of racist to be in control of the situation to have a golf course in the first place satisfied to win the game	Right
Rep. Omar to Repay Taxes Fine in Marriage Flap	gets cheated happy to thank personx responsible gets a receipt to be honorable to be married happy to get a divorce	Left
Tyra Banks On Why It’s Important for Her to Hire Women of Color as an Entrepreneur	gets paid grateful to be successful smart to be successful to be successful to have the resources satisfied to get paid	Center
No Conspiracy No Exoneration: The Conclusions from the Mueller Report	gets fired angry to argue with personx smart is accused to prove the truth to be in a position to do so satisfied to make sure they are correct	Lean Left
Trump’s climate policies are so bad even Putin is trolling him	he gets a job annoyed to avoid him ignorant gets a headache to change the world to be in charge bad to change the policies	Lean Left
Watch–Ken Cuccinelli: ICE Ready to Deport Approximately 1M Illegal Aliens with Final Deportation Orders	none none none none none none none none none	Right
Mexican Border State Local Police Accused of Protecting Gulf Cartel	people are caught angry to get rid of him criminal gets arrested to protect people to have a bad reputation angry to get rid of the mexican government	Right
Everywhere Is War: The American Threat to Iran Venezuela and Women	people are killed scared to get away aggressive gets killed to be in control to be a racist angry to kill people	Left
This Celebrity Friendship Makes So Much Sense When You Realize It’s Stranger Things Season 3 Come to Life	people get excited happy to get to know personx curious is asked to do more things to be happy to have a lot of money happy to be a good listener	Center
Trump can’t even get the Russia thing right anymore	they are forced to do something else confused to win the war confused gets fired to be a failure to have something wrong frustrated to apologize	Left
For Theresa May ‘I’m a tin-eared lunatic’ seems to be the hardest word | Marina Hyde	gets hurt angry to listen mean to get away to be right to say angry to be right	Lean Left
Lara Logan Returns to TV as a Right-Wing Heroine at Sinclair Condemning ‘Moral Cowards’ at CBS	none none none none none none none none none	Left
Nasa’s Valkyrie robot could help build Mars base	people get injured happy to thank him brave gets a medal to be helpful to have a plan happy to get a promotion	Center
Now Hillary Clinton’s loss is being blamed on Jon Stewart	gets fired angry to get revenge mean gets yelled at to be blamed to be in trouble sad to get away with it	Right
Peter Kennaugh takes break from cycling ‘to rediscover happiness’	they have fun happy to enjoy the day happy gets tired to enjoy life to have a reason to be happy happy to enjoy the day	Lean Left
Hundreds Of Thousands Of Hong Kong Protesters Demand Leader's Resignation	people lose money angry to get a new job aggressive gets called a shill to be left alone to have a lot of people sad to get a job	Left
Uncle Sam offering $1K to people who adopt untrained wild horse or burro	people get a new pet grateful to thank personx generous gets a raise to be generous to have a horse happy to give the horse a name	Lean Right
Tea Party Backs ‘Stop Socialism Choose Freedom’ Rallies on Tax Day	people are more educated happy to get rid of him smart gets arrested for smoking pot to be free to have the right information happy to be free	Lean Left
Fmr. Notre Dame Chief Architect: Ancient Oak Doesn’t Burn Like That	none annoyed to avoid him smart gets burned to not get burned to be a magician happy to be safe	Right
The Perfect Candidate Who's Totally Ill-Suited to the Times	they get hired happy to help him unqualified gets rejected to be perfect to get hired sad to go to a better job	Lean Left
U.S. imposes new sanctions on Maduro's state-owned oil company	people get burned annoyed to get away from him powerful gets yelled at by staff to be a leader to be a manager powerful to make sure everyone else is safe	Lean Right
She moved from Canada to Somalia to tell positive stories but ended up dead in a terrorist attack	none none none none none none none none none	Lean Left
A Case for Civic Splendor: Notes on the City Beautiful Movement	people get arrested happy to thank personx observant gets arrested to be a part of society to have a good imagination happy  to be praised	Lean Right
Infamous Drug Lord 'El Chapo' Sentenced to Life In Prison	people lose their freedom sad to get out of jail criminal gets arrested to be free to commit a crime guilty to be free	Right
Donald Trump and Mike Pompeo have a whole new problem	people are angry annoyed to help personx clumsy gets fired to be a problem to have a problem nervous to get help	Left
The Guardian view on the Venice Biennale’s migrant boat: pushing the limits of art | Editorial	none none none none none none none none none	Lean Left
The Injustice of the Left’s Fury Against Barr	they are hurt sad to cry mean gets arrested to be a jerk to have a bad experience justified to make them feel bad	Lean Left
The Alaskan competition involves skiing on water and snow	people lose money competitive to compete competitive gets a cold to have fun skiing to buy a sled competitive to compete	Center
U.S. Firms Are Helping Build China’s Orwellian State	people are grateful happy to thank personx helpful gets paid to be a good citizen to have the materials happy to be successful	Lean Right
England’s victory over Scotland overshadowed by Layla Guscoth injury	cries sad to congratulate personx victorious gets a medal to win to be in a contest proud to celebrate	Lean Left
Impeaching Trump Shouldn’t Mean Abandoning Other Key Battles	people are affected by personx's actions happy to get away from personx willful gets yelled at to be a good person to have a reason to do so happy to be a leader	Left
The Supreme Court Just Stuck up for Abortion Rights in Alabama	people are in pain sad to get out of jail racist gets sued to be in control to have a reason to do it guilty to get out of jail	Left
Trump praises the crowd that started racist ‘Send her back!’ chant — says they’re ‘incredible patriots’	people are offended offended to get their point across racist gets yelled at to be right to be a racist happy to be heard	Left
Revisiting Quentin Tarantino’s ‘Inglourious Basterds’ in the Trump era	people are disgusted none to get away from the situation dangerous is yelled at none to be a comedian happy to be entertained	Left
A militia group is detaining migrants at the US-Mexico border	people are arrested angry to get away criminal gets arrested to be a racist to be a racist happy to make a settlement	Lean Left
Hitchhiker wearing bloody clothes arrested in man's stabbing death	people are arrested sad to get revenge immoral gets arrested to kill someone to have a knife guilty to run away	Lean Left
Sri Lanka Easter Attack Leader Died In Hotel Bombing Officials Say	people grieve sad to cry dead gets a medal to kill the president to be in a plane sad to get medical help	Left
Donald Trump’s downward spiral has pushed the GOP to its breaking point	gets stressed sad to get back on their way determined gets hurt to be a failure to be in the wrong place at the wrong time sad to be successful	Left
Trump’s Plan to Kill Obamacare Rattles Republicans	people get hurt angry to get away from personx stupid gets killed to be a bad person to have a reason angry to be a success	Lean Right
Democrats Rip McConnell for Promising to Fill Potential SCOTUS Vacancy in 2020	they are demoted disappointed to thank personx for the opportunity smart is demoted to be a good leader to have the authority happy to be a leader	Lean Right
Liverpool are extraordinary up front says Barcelona’s Ernesto Valverde	people are impressed impressed to get a good deal arrogant is well liked to be impressive to have a lot of money proud to be heard	Lean Left
Trump Asserts Executive Privilege to Block Release of Full Mueller Report	people are questioned annoyed to listen to the report authoritative gets yelled at by the boss to be in control to have authority powerful to make sure the report is correct	Left
F1: Lewis Hamilton wins Canadian GP after penalty denies Vettel – live!	people are upset disappointed to win the game smart gets arrested to be a winner to be a winner happy to win the game	Lean Left
Give Us AOC’s 70% Tax Rates — But Save the 1950s Nostalgia	people lose money grateful to thank personx smart gets a raise to save the money to be a politician happy to be successful	Left
Wood-burning stoves are in fashion but cause serious pollution	people get burned annoyed to avoid him dangerous gets burned to be a good citizen to have a problem good to be a good example	Center
A crying boy begged his father not to call the police on a black man. The father did it anyway	none none none none none none none none none	Lean Left
Chinese man swallows his house keys after getting drunk and has to undergo surgery to retrieve them	gets a new key sad to give them back sick gets a bill to get rid of the keys to be in a bad mood sad to get better	Lean Right
The Latest: Sudan official disputes protesters' death toll	to be correct sad to get away aggressive gets arrested to make people believe in him to be a police officer justified to make sure people are safe	Center
Biden defends civil rights record after clash with Harris	they are protected angry to protest fair gets a medal to defend to have a conflict justified to win the case	Lean Right
Cory Booker Blames His Testosterone For Wanting To Punch Trump	gets punched angry to avoid personx immature gets punched to be a bully to have a bad day angry to get even	Right
Virginia Beach gunman DeWayne Craddock quit job hours before massacre	they get a new employee sad to get rid of him irresponsible gets a raise to be a good person to have a job relieved to get a job	Lean Right
White House counters yet another Barr contempt vote by claiming executive privilege over subpoenaed documents	people who vote none to be correct arrogant is ignored to be a racist to be a racist bad to get a good name	Right
US envoy on Iran says Trump wants diplomacy not war	people lose their homes annoyed to protest diplomatic gets attacked to win to have a reason good to get a diplomatic response	Lean Right
‘Hell yes’! Guys look who’s had a change of heart on Bernie Sanders (brace for whiplash)	gets nervous happy to be left alone scared gets hurt to be a good person to be a fan of the same type happy to be a success	Right
India Moves to Strip Kashmir of Autonomy Potentially Setting Up Conflict in Disputed Territory	people are attacked angry to get rid of him aggressive is attacked by people to be in control to be a rebel happy to make sure the people are safe	Left
United Airlines employee allegedly called actress a ‘shining monkey’	gets called a monkey annoyed to get paid arrogant gets fired to be a comedian to have an interview happy to get paid	Lean Right
‘Fixing’ Our Democracy Would Only Make Matters Worse.	people are poorer upset to protest irresponsible gets into trouble to make things worse to have a bad influence sad to be a success	Lean Left
Ocasio-Cortez peddles extreme fear over climate change despite facts from scientists	people are affected by personx's actions cautious to help them smart is feared by other people to be safe from the environment to have a good reason scared to make a difference	Right
Barnier dubs Johnson’s Brexit deal terms ‘unacceptable’	loses money angry to get a deal mean gets yelled at to be a winner to be a lawyer satisfied to win the game	Center
Kamala Harris responds to Alabama abortion ban by raising $160000 for pro-choice groups	none none none none none none none none none	Right
No longer does al-Qaida grab the headlines. That might be the plan | Jason Burke	people watching are interested happy to be successful ambitious none to get the job to be a reporter satisfied the next chapter	Lean Left
Stephen Colbert Hits Long-Shot Dems for Spewing ‘Republican Talking Points’ at CNN Debate	gets called racist angry to argue rude gets yelled at to be a good speaker to be a politician satisfied to get their point across	Left
Theresa May resigns: How husband Philip has been her biggest supporter	gets a new friend sad to thank personx for the support loyal is a supporter of the church to quit to be in a relationship with persony sad to get a new job	Lean Right
Immigration Is No Fix for an Aging Society	they are left alone sad to get rid of him old gets rejected to be old to have a bad reputation sad to get a new job	Lean Right
Callidus Capital Announces Liquidity and Recapitalization Arrangements and Provides Update on Timing of Release of Financial Statements	none none none none none none none none none	Center
The Criminalization of Women’s Bodies Is All About Conservative Male Power	people get killed by personx sad to protest racist gets arrested to be a good citizen to be a racist happy to make a difference	Lean Left
U.K. in Crisis: Facing No Deal Parliament Votes on Brexit After Rejecting May's Plan for Third Time	none none none none none none none none none	Lean Left
Another vulnerable House Republican heads for the exit rather than run in 2020	they get into a fight disappointed to get away from him cowardly gets demoted to be safe to be a democandidate relieved to run away	Lean Left
Fed cuts interest rates for first time in a decade: why it matters	people are poorer annoyed to get a better deal rich gets a raise to be rich to be a businessman good to be a success or a success	Lean Left
Clyburn Apologizes For Accusing Pelosi Hoyer Of 'Tokenism' On Staffs	people get offended angry to listen to personx righteous gets yelled at to be forgiven to be a student relieved to make amends	Lean Left
Camera shows cat trying to 'murder' its owner while he sleeps	gets arrested sad to get revenge mean gets caught to be mean to get cat in the bag guilty to run away	Right
Hickenlooper: Government Can’t Compete With Private Insurance	loses money sad to get their insurance greedy gets sued to be a fraud to have a policy sad to get a better deal	Right
KLAVAN: Three Cheers For The Patriotism Of The Deplorables	people are cheered happy to get back at personx patriotic is praised to be patriotic to be a racist happy to show their appreciation	Right
The War Has Already Begun! Dems Call For Arresting Americans Who Criticize Congress	people lose their jobs annoyed to protest racist is criticized to be in control to have a problem with the government justified to get rid of them	Right
This To All the Boys I’ve Loved Before Reunion Is Giving People Strong Feelings	gets hurt happy to be happy caring gets thanked to be a leader to have a lot of people happy to make sure they understand	Center
Israel Announces Golan Heights Settlement To Be Named After Trump	people listen to personx surprised to listen to the news arrogant gets called a racist to be a leader to be a leader happy to make a speech	Left
Landmark UN Report to Show We Are in a Human-Induced Extinction Crisis	people are killed scared to avoid the situation scared gets called a freak to be a good citizen to have a virus scared to get help	Left
Millennials: Stop Talking About ‘Adulting’ and Become Adults	they are more understanding grateful to listen to personx mature becomes a man to be mature to be a child happy to stop talking about it	Right
In some countries killer cops are celebrated	people are killed sad to get rid of personx violent gets arrested to be in control to have killed a gun happy to kill people	Center
Bill Nye says the planet is on fire—but he’s still optimistic	people are saved happy to listen to personx optimistic gets a promotion to be optimistic to have a good reason hopeful to make a decision	Center
Pennsylvania Attorney General Josh Shapiro Will Support Repeal of Controversial Law Stripping Larry Krasner of Authority	none none none none none none none none none	Left
Netanyahu Gantz and Five Scenarios for the Israeli Election	they lose happy to win smart gets called a fool to be a winner to be in charge happy to win the election	Lean Left
Booker denies 'swipe' at John Delaney after his campaign sent fundraising email attacking Delaney	gets hurt angry to thank personx for the help mean gets yelled at to be mean to have received a message from john delaney satisfied to win the election	Lean Right
Bill Cosby settles defamation lawsuits with seven female accusers	gets sued angry to win the case powerful gets arrested to be a good citizen to have the right information relieved to make a settlement	Lean Left
Trump Declares Victory Mocks Mueller Testimony: ‘This Was A Devastating Day For The Democrats’	they lose sad to be heard powerful is asked for help to be a leader to have a good opinion sad to win	Right
Passenger feared to have fallen overboard on cruise ship	they are saved worried to help them scared cries to be safe to be in the water scared to get up	Lean Right
Real-life Spider-Man scales 15 floors to save mother from fire	mother is saved grateful to thank personx brave gets hurt to be a hero to be in a fire happy to be a hero	Center
Trump’s Racist Comments Have Spawned Violent Threats Against Lawmakers of Color	people are more cautious angry to avoid personx racist gets arrested to be a racist to be a racist justified to make a change	Left
Rosengren says decline in U.S.10-year yield due to weakness of trading partners	loses money disappointed to give up weak willed loses money to be a failure to be in a bad situation sad to be successful	Center
Kamala Harris Praises Anti-Semite Who Incited Race Riots Anti-Jewish Pogroms	none none none none none none none none none	Right
Acting Defense chief Shanahan vows U.S. will no longer 'tiptoe' around China	people are more cautious cautious to listen wise gets stressed out to not be intimidated to have the ability to do so relieved to make a difference	Center
I Don’t Care. I Love My Phone.	gets a new phone annoyed to call personx selfish personx gets a new phone to be selfish to not have a phone annoyed to get rid of it	Center
South Carolina Republican Endorses QAnon: ‘They’re Legit’	people are affected by the new law happy to protest smart gets money to be a racist to be a politician happy to make a settlement	Left
Kim Petras’ New Track Revitalizes a Longstanding Controversy	people are more informed annoyed to listen to the new race influential gets yelled at to be a good speaker to be a leader satisfied to be heard	Left
Trump outdoes himself with latest display of rank hatred and rancid bigotry	gets hurt annoyed to get away with it arrogant gets a promotion to show off to be a leader superior to be successful	Lean Left
Oklahoma flooding sweeps home into river	people get dirty sad to clean up the mess careless gets dirty to clean up the water to have a lot of water sad to clean the house	Center
‘Unreal’: WH reporter April Ryan ‘playing the victim’ after Mike Huckabee slams her ‘incitement’ against Sarah Sanders	none none none none none none none none none	Right
We Should Have Known That Sansa Stark Tattoo Totally Spoiled the Game of Thrones Ending	they lose disappointed to get revenge dumb they should have known to be a failure to have seen it happen before disappointed to be a better person	Center
The Biggest Hurdle to an Infrastructure Deal	people lose money happy to get a new job ambitious gets stressed to be a success to have a problem nervous to get a raise	Lean Right
As Iran Inches Closer to Nuclear Weapon What US Can Do	people lose money scared to avoid the situation cautious gets stressed to save our country to have the ability to make a decision nervous  to save us	Lean Left
Harry and Meghan Introduce Their Son a Royal Named Archie	gets excited happy to thank personx proud gets excited to be nice to have a son happy to give him gifts	Lean Left
Gavin Newsom Opens $50 million Donor Network to Kamala Harris	people are exposed happy to donate to the cause generous gets a lot of donations to help the poor to be in the presence of the donors happy to get money from people	Right
Stranger Things season 3 is charming but frustrating. Here’s a spoiler-free review.	gets scolded annoyed to avoid him annoying gets yelled at to be a good listener to have a lot of work annoyed to be a success	Lean Left
These are the first five to be killed by the federal government since 2003	people lose money sad to make sure they do not get caught again dead gets shot to be dead to be in government sad to get rid of the evidence	Lean Right
China Is Burning Away Its Ecological Future	people are burned angry to avoid him irresponsible gets burned to be a good person to be in a bad mood sad to get a new start	Lean Right
Quote of the Day: DHS Is On the Chopping Block	they get a new job annoyed to get their job done determined gets yelled at to be a good leader to be a leader satisfied to be successful	Left
For All Its Flaws ‘Shazam’ Beats ‘Captain Marvel.’ Here’s Why	captain sad to be left alone mean gets fired to be a bad person to be a bad person bad to be successful	Right
Hurd (R) Disinvited From Cyber Conference Over Pro-Life Votes	gets nervous angry to get away from personx mean gets fired to be in control to be in the wrong party happy to be successful	Right
Warren and Sanders are Talking Tough About Corporate Control of Food	they get sick annoyed to get away from personx's company aggressive gets hungry to be in control to have a recipe satisfied to eat healthy	Left
The House Ways and Means Committee wants Trump’s tax returns by April 23	people lose money happy to give orders to the people greedy gets a raise to get a good deal to have a budget satisfied to get the job done	Lean Left
US Border Patrol Is the Most Brutal Militia of All	people are killed by the militia scared to avoid him violent gets attacked to be violent to be in the wrong place powerful to get rid of all the bad people	Left
Many countries suffer from shrinking working-age populations	people are more employable sad to get rid of him poor gets stressed to be a better person to have the resources sad to make a difference	Center
Congress’s high-stakes budget fight to avert an economic crisis explained	people are stressed annoyed to get a new job irresponsible gets stressed to be successful to be in charge happy to avoid losses	Lean Left
Labour on course to sweep European elections	people vote for personx's candidate happy to protest ambitious gets dirty to be a politician to get a broom happy to win election	Lean Left
‘M-O-O-L-A.’ Here’s Why the Scripps National Spelling Bee Is So Much More Intense This Year.	none none none none none none none none none	Center
Rep. Steve King slammed as 'white supremacist' for remarks about Katrina victims	people get killed angry to get away aggressive gets hit to be a racist to have a gun angry to be right	Center
Former Head Of Security Of Festival Where Mass Shooting Happened Speaks Out	people get shot nervous to get a reward responsible gets shot to be helpful to have a gun nervous to be helpful	Right
2020 Dems defend Rep. Omar from Trump amid controversy over 9/11 remarks	people are affected angry to protest smart is asked to leave to be correct to be a representative happy to be a winner	Center
Alabama Senate Votes to Virtually Eliminate Tourism to Alabama	people get killed in the ballot annoyed to vote smart gets a vote to be a good citizen to be a politician good to make sure they are not getting into trouble	Lean Left
Koepka to stick with same British Open preparation plan	they are grateful annoyed to listen smart gets into trouble to do well to have a good memory satisfied to be correct	Right
57 Dead In Series Of Brazil Prison Riots. More Than 40 Reportedly Showed Signs Of Asphyxiation	none none none none none none none none none	Right
‘I can’t think of one thing’: Lindsey Graham gives four reasons why the idea that Trump obstructed justice is ‘absurd’	none none none none none none none none none	Right
McDonald’s workers are on strike for better pay unions and a workplace without harassment	workers are given a raise happy to make a difference hardworking is more efficient to be a good employee to be a union worker happy to get more workers	Lean Left
Planned Parenthood Takes Donations Specifically To Abort Black Babies	baby is abandoned sad to thank personx irresponsible gets pregnant to be a parent to be pregnant happy to be a success	Right
Full Mueller report may have 'proof of bad deeds' and must be seen – Democrat	people are accused of being racist angry to tell personx to shut up smart is criticized to be correct to be a racist justified to be correct	Lean Left
Chuck Grassley says he can't believe that President Trump actually thinks that tariffs are good	they are right annoyed to be right naive is wrong to be right to be in a position of power like he is a fool to be right	Right
Leader of militia group allegedly talked of assassination training for Obama Clinton	people are killed annoyed to get rid of him smart gets shot to be a leader to have a gun nervous to get paid well	Lean Right
China claims to have 'cracked' low cost production of lithium political implications could be huge	people lose their jobs annoyed to get a better deal greedy to be honest to be successful to be a politician happy to be successful	Right
Bernie Joins Radical Colleagues in Calling for Abolishment of the Electoral College	they get a new friend annoyed to get a new friend smart gets rejected to be a better leader to get a job happy to make a speech	Lean Left
China Demands Release Of Huawei Executive — After Banning All Canadian Meat Exports	people are killed angry to get away from him aggressive gets arrested to have a better meat to have a reason for it satisfied to get rid of the meat	Right
Public transport is in decline in many wealthy cities	people are poorer happy to buy a plane ticket rich gets robbed to be rich to be wealthy happy to buy a plane	Center
North Korea Criticizes Bolton's 'Dim-Sighted' Remarks About Denuclearization	people are insulted annoyed to argue with person x rude gets yelled at by others to be correct to be in a racist group annoyed to be correct	Lean Left
Moss Restaurant Iceland: at the cutting edge of New Nordic cuisine	eats food happy to eat daring gets hungry to eat to go to the restaurant satisfied to eat	Lean Left
Underdog 'Reggae Girlz' Make History at Women's World Cup	people get drunk annoyed to get away from personx rude gets ridiculed to be popular to have the knowledge of the culture happy to make people laugh	Center
First batch of Louisiana's medical marijuana cleared for release Tuesday to pharmacies by regulators	people are cured grateful to make sure they do not get caught responsible gets arrested to be a good citizen to have the paperwork relieved to make sure the plant does not grow	Left
Lawsuit: Planned Parenthood Cowrote California Regs Forcing Religious Groups To Pay For Abortions	get arrested none to be avoided responsible none to be a better alternative to abortion to be a racist happy to be a better person	Right
Livestream: Leftist Democrats Begin to Eat Their Own Accelerating the Collapse of the Democratic Party	none none none none none none none none none	Right
Schiff Threatens To Subpoena FBI On Russian Election Meddling Investigation	gets caught angry to get rid of him aggressive gets caught to get rid of a criminal to have a case powerful to get a new job	Lean Left
Beto O'Rourke busted by angry voter for accepting lobbyist money while claiming not to accept it	none none none none none none none none none	Right
IT Employment Posts Slight Increase In June; Engineering Employment Shows Increasing Strength	they hire them happy to hire them ambitious increases to be successful to be a good worker happy to make a good profit	Center
A day at the beach could get a bit more expensive. L.A. County is voting on fee hikes	none none none none none none none none none	Lean Left
Number of the Day: 18% of ER Visits End with Surprise Bills Report Says	they get sick happy to thank person x generous is surprised to be a good doctor to have a job happy to make sure they get the money	Lean Right
In Cooperstown Halladay Is Remembered by His Wife	gets a receipt happy to get back to their lives memorable gets a receipt to be remembered to have a wife happy to be remembered	Center
Oliver North Says He Will Not Seek A 2nd Term As NRA President	people vote for personx disappointed to vote determined gets rejected by the president to stay in power to have a vote happy to resign	Center
This Guy Got Republicans to Vote for a Democrat	they get a vote annoyed to vote racist gets demoted to be a racist to have a lot of people vote justified to get a vote	Center
Nymex June oil futures end 4 cents lower at $61.66 a barrel	they get into debt annoyed to get a good deal careless gets dirty to be a good salesman to be in the wrong place at the wrong time happy to get a new job	Center
Former Canadian AG Taped Conversation Of Trudeau Official Pressuring Her To Interfere In Legal Case	gets yelled at annoyed to get away from personx aggressive gets yelled at to be in charge to have the authority to speak nervous to get her out of the situation	Right
‘It was not a fluke event’: Alabama Sen. Doug Jones lays out how Democrats can win in 2020	none none none none none none none none none	Left
Freak-Out Over North Korea’s Missile Test Defies Rationality	people are in danger angry to avoid him crazy gets stressed to be a racist to be in a class justified to get out of the situation	Right
We don’t have 12 years to save the climate. We have 14 months.	they get a new job happy to help them out irresponsible gets sick to be a good citizen to have been in the wrong place happy to get a job	Lean Left
California's coast is disappearing and the debate over what to do about it is in full swing	they get into trouble annoyed to argue smart and the people are angry to be in charge to debate satisfied to be heard	Lean Left
Two arrests have been made in death of Northern Ireland journalist Lyra McKee	people lose respect for personx angry to get away from the scene criminal gets arrested to be a murderer to be a journalist sad to make a documentary	Lean Left
Activists Are Actually Trying to Get Rid of Straw Emojis Now	they get stressed annoyed to avoid him determined gets stressed to make a better life to be a politician satisfied to be successful	Lean Right
Socialists on Chicago City Council Fight for Affordable Housing Immigrant Rights	people are oppressed annoyed to get a new job racist gets arrested to be a racist to be a politician satisfied to get rid of the racist people	Left
Bill Clinton: 'Columbine has a special place in my heart'	gets nervous happy to thank him caring gets thanked to be loved to be a good friend of me happy to be friends	Center
Full Coverage: The Manson murders — 50 years later	people lose their money sad to be safe old gets arrested to be a hero to be in the wrong place satisfied to get rid of the dead people	Lean Left
Donald Trump reveals delusional new strategy for 2020	people are gullible enlightened to listen to personx smart gets a promotion to be a leader to be a leader smart to make people believe them	Left
Dem. Rep. Scolds Pence for ‘Inciting Violence’ in Venezuela	people are arrested angry to protest aggressive gets arrested to be a good citizen to be a racist justified to make a difference	Lean Right
Doris Day legendary singer and actress dies at 97	people are shocked impressed to be entertained famous gets famous to be a star to have a talent proud to make money	Center
On Eve of Russia Trip Pompeo Squelches Criticism of Moscow	people are offended annoyed to get away from him rude gets scolded to be a bad influence to be a communist bad to make people laugh	Lean Right
This one simple trick can make primaries a lot less annoying	gets hurt annoyed to get away from personx clever gets a lot of money to make money to have a trick happy to be successful	Left
Two active-duty US Marines face alien smuggling charges at the border	people are killed angry to get away from personx dangerous gets caught to be a good soldier to be a spy nervous to make sure everyone is safe	Center
Pipeline Opponents Strike Back Against Anti-Protest Laws	people are attacked angry to win the case aggressive gets arrested to win to be in charge of people's lives justified to win the election	Left
Donald Trump goes completely off the deep end during rally	people are affected nervous to listen to personx brave gets fired to be a leader to have a reason to go down satisfied to get a drink	Left
Judi Dench leads celebrity support for the Mail's dementia care campaign	people are grateful grateful to thank personx helpful gets thanked to be a good citizen to be a politician happy to get a raise	Lean Right
Bernie Sanders Blasts Greed Yet Owns Swanky Vacation Home	to be honest rich to get a new job greedy to be a good salesman to have fun to have a lot of money happy to get rid of them	Right
Feeling marginalized by the California Democratic Party black women push for more clout	people are discriminated against annoyed to get rid of him racist gets rejected to be a racist to have a lot of money sad to get rid of racist women	Lean Left
Burberry to close one in 10 stores worldwide	people lose money happy to buy something else rich gets a receipt to be a good citizen to open the doors satisfied to get the money back	Lean Left
Quentin Tarantino’s Ultimate Statement on Movie Violence	people are hurt scared to get revenge brave gets arrested to make people angry to be a racist satisfied to make people laugh	Lean Left
California snowpack 202% of average for this time of year	they get a raise happy to see how they do average gets more money than expected to be a good citizen to be a year older than average happy to get a raise	Right
Tories at odds over how long to let May stay	they get a new job happy to stay home cautious gets yelled at to be patient to have the ability to stay home happy to be a good friend	Center
Woman launches homophobic attack on gay couple in the UK	gets killed angry to run away mean gets arrested to be mean to have a gun angry to make amends	Lean Right
Priest Arrested For Massaging Woman's Breast While Giving Her Last Rites	gets hurt happy to be saved religious gets a massage to help her to approach woman happy to be a good man	Right
Man dies Saturday in apparent drowning in Fairfax County	mourns sad to mourn unlucky buried to die to have been killed in a boating accident nothing to be buried	Lean Left
Discover Provence and the French Riviera with Odysseys Unlimited: New 12-day Small Group Tour Debuts April 6 2020	none none none none none none none none none	Center
The World Is Watching: Woman Suing Harvard for Photos of Enslaved Ancestors Says History Is At Stake	none none none none none none none none none	Lean Left
Prisoners In Just Two States Can Vote. Here’s Why Few Do.	people are affected happy to protest the law dominant gets called a racist to make a difference in society to be in charge happy to be a leader	Left
Zambia cuts malaria fatalities but not the number of cases	people lose money grateful to thank personx smart gets arrested to be a good citizen to have the right equipment to cut it down relieved to be a hero	Center
Larger actors rarely get cast as romantic leads says James Corden	gets cast happy to get to know personx better unromantic gets rejected to be a role model to be in a cast sad to make a movie	Lean Left
Search expands for Monrovia woman whose boyfriend allegedly rapped about killing her	gets hurt sad to get away jealous gets arrested to be a detective to have a relationship with someone guilty to find out why	Lean Left
Firm fined $3.3M for worst California oil spill in 25 years	loses money sad to pay personx careless gets a receipt to be a bad influence to have a bad oil spill in the car upset to pay for the damage	Lean Right
Bodycams improperly used in police shooting of woman near Yale	gets shot scared to get away careless gets shot to be safe to buy a gun nervous to be safe	Center
Illegal Alien Charged with Murdering Four Americans Claims He Is ‘Mentally Disabled’	people lose their jobs angry to punish personx stupid gets arrested to be a racist to be in trouble ashamed to get help	Lean Left
This Gay Dad Lost Custody of His Own Kids. His Case Matters for All Children.	gets abused sad to cry responsible gets yelled at to help the children to have a case sad to be a good dad	Lean Left
'I Was Utterly Gutted': Farai Chideya Endures 3 Failed Adoptions	they are disappointed sad to get a new job unskilled gets into trouble to be left alone to be a failure sad to get better	Center
Jimmy Carter Says He Sees Trump As An Illegitimate President	people are deceived by the lie surprised to win greedy gets nervous to be right to be a politician happy to get a job	Center
Jordan Peterson’s Book Pulled from New Zealand Shelves Following Mosque Shootings	people died happy to get a new book religious gets a receipt to learn about the bible to go to the new york times surprised to read	Lean Left
Freezing Workers of the World Unite!	people get a job happy to help personx powerful gets a raise to be a part of society to have a meeting happy to be successful	Left
Boko Haram: A decade of terror explained	people are frightened scared to listen brave gets killed to be feared to be a criminal powerful to be a hero	Center
Young Australians Talk Climate Change Immigration Indigenous Affairs and More	people are more informed happy to listen to them intelligent personx is asked questions about the subject to influence people to be a politician happy to be a better citizen	Lean Left
Trump’s Border Obsession Is Courting Disaster	gets nervous annoyed to avoid personx brave gets caught to be a better person to have been in trouble nervous to be a better man	Lean Left
Booker says he felt disrespected in his verbal tussle with Biden	gets hurt offended to get back at him rude gets avoided to show off to be insulted embarrassed to get away from the situation	Center
Scott Warren of No More Deaths Faces Retrial for Providing Humanitarian Aid to Migrants in Arizona	people are saved grateful to thank personx helpful gets praised to be a good person to have lost the race happy to help others	Lean Left
The 25th Amendment wouldn’t work to dump Trump — here’s why	people are affected annoyed to get rid of him careless gets arrested to get rid of the evidence to be a racist sad to get rid of the evidence	Left
Citadel adds traders to profit from stimulus shift	they get a raise cheated to get a good deal smart gets paid to be successful to be in a position of power happy to make more profit	Center
Tariffs Hit Steel and Aluminum Over a Year Ago and They Haven't Boosted Consumer Prices	they lose money angry to buy more products greedy they get rich to be a better salesman to have a good reason to do so happy to make more profit	Lean Left
Former Obama Official Says Trump Separating Children At Border Is Different From When Obama Did It	people are safer sad to protest racist is looked down upon to make people happy to be a racist good to make people laugh	Right
The Perverse Paradox of the Mueller Report	gets into trouble annoyed to argue with personx dumb gets called dumb to be correct to have read about it sad to make a point	Lean Left
Port Allen police chief's stolen gun connected to Oklahoma cold case murder	gets arrested sad to get their money back criminal gets caught to get rid of a criminal to have a gun sad to get a lawyer	Left
Investors face $647bn China banking blind spot	people lose money sad to get out of the situation greedy gets a big tip to be successful to be in a bad mood sad to get a big tip	Center
Cops raid Dallas Catholic Diocese after church leaders reportedly 'thwarted' investigation into child sexual abuse	people are arrested for assault police officers get caught immoral is accused of theft none to be a snitch bad to be arrested	Right
‘Tiger Style!’ roars about stereotypes in Mike Lew’s comedy	laughs amused to tell personx to stop silly gets laughed at to be funny to be a comedian happy to laugh	Lean Left
3rd Mexican Journalist Murdered In 1 Week — 10th in 2019	people are dead sad to get revenge on personx dead gets killed to kill someone to have been shot sad to get a new job	Lean Left
Netflix vows to work with ACLU in fight against draconian Georgia anti-abortion law	none none none none none none none none none	Left
The New SAT ‘Adversity Score’ Turns the Idea of Meritocracy Into a Sham	gets into trouble confused to get a better job naive personx is a fool to make the new sit to have the right information satisfied to make people believe them	Lean Left
Elizabeth Warren schools Mitch McConnell on the Constitution by reading directly from Mueller report on the Senate floor	none none none none none none none none none	Left
To dye for: Wrangler's new denim process eliminates water waste	they get dirty happy to thank personx helpful gets dirty to be clean to buy a lot of dye happy to be a good cook	Lean Left
Vox Reporter Called Out For Posting Express Lie About Trump’s 9/11 Comments	people get nervous angry to find out the truth rude is ignored to be heard to be asked questions guilty to get people's attention	Right
SCHAEFFER: The Greco-Persian Wars. Introduction: The War That Saved The West	people lose their lives happy people powerful people none none happy the world	Right
Jeffrey Epstein in Court Today on Sex Trafficking Charges	people lose money angry to protest criminal gets caught to get rid of a criminal to be a criminal guilty to get a settlement	Lean Right
Canadian commentators criticize U.S. team for celebrating World Cup rout	they win sad to win racist gets a promotion to make them feel better to be in the same league as them happy to win the competition	Lean Right
The Media Is Missing the Real Story of Trump’s Racism	people get more information happy to listen to personx unintelligent gets called racist to be a good listener to be a racist sad to get a better job	Lean Left
The Hawaiian Language Nearly Died. A Radio Show Sparked Its Revival	people get offended annoyed to listen to the music unintelligent gets a new radio to show his disapproval to be in a radio show sad to get a new radio	Center
Canada may regulate social media companies to avoid election meddling	people are influenced by personx's views annoyed to protest the policies smart gets a bill to be a good citizen to have a computer happy to be a good leader	Lean Left
Gov. Ned Lamont Invites Netflix Disney to Abortion-Friendly Connecticut	gets sick happy to thank personx generous gets a receipt to be a good friend to buy a ticket happy to have fun	Right
ACLU Blames ‘Inaccurate Stereotypes’ for Opposition to Male Athletes in Girls Sports	they are offended annoyed to avoid personx racist gets called racist to be a racist to be a racist smart to get a better job	Lean Left
India launches historic mission to the Moon	people are surprised happy to thank personx brave gets a promotion to be successful to have a plan proud to celebrate	Right
Watchdog orders energy companies to reduce their price rises	they do their job happy to make sure the company is running smoothly greedy gets more customers to increase his / her profit to have the money happy to make more money	Lean Right
Hundreds evacuated after WWII-era bomb found in Germany	people die sad to get rid of him brave gets shot to be safe to have the materials to kill the german soldiers sad to kill people	Lean Right
For the Poor Falling Poverty Numbers Aren’t Always Good News	people are poor sad to cry poor gets stressed to be a good person to be poor sad to get a raise	Lean Right
Democratic leadership team pushes Nancy Pelosi to begin impeachment and Pelosi pushes back	people are impeached angry to be heard powerful gets yelled at to stop the administration to be in charge powerful to get rid of the people	Right
The New York Times Is Out to Make Its Obituaries Less White and Less Male	gets a death threat sad to get revenge on personx mean gets a raise to be a good citizen to be a racist happy to be a success	Left
Hear Beyoncé’s Surprise New Song ‘Before I Let Go’	they laugh surprised to laugh playful gets a hug to be a good friend to have a new song happy to make a new song	Center
The Best Movies and TV Shows Coming to Netflix HBO Amazon Prime and Hulu in August	none none none none none none none none none	Left
‘Unprecedented’ decline of plants and animals as global ‘red list’ reveals nearly one-third of assessed species are under threat	none none none none none none none none none	Left
Trump Offers Watered Down Support of Cain for Fed	gets a new job grateful to thank personx generous gets paid to be generous to be cain happy to be a good leader	Left
The school bully has moved online and is following children home	children are bullied scared to get out of the house mean gets yelled at by parents to be a bully to have a reason to be following children happy to get a job	Center
Border Patrol Chief Carla Provost Was a Member of Secret Facebook Group	people get caught by police happy to be a good friend to personx social gets called a snitch to be a part of a group to be a snitch happy to be a leader	Left
The Strange Fun Of ‘Under A Rock With Tig Notaro’	laughs happy to have fun playful gets a sunburn to have fun to be in the wrong place happy to laugh	Right
In Praise of the Wild Overuse of Slow Motion on Chef’s Table	cooks happy to thank personx generous gets yelled at to be a good chef to be in restaurant happy to eat	Lean Left
Groups ask court to block ex-felon voting law in Florida	they get a summons angry to win the election powerful gets yelled at by others to be in control to be a judge good to get their vote	Lean Right
Birthday Boy Jason Momoa Is Immune to Dad Bod Comments and Living His Best Life	gets scolded annoyed to be safe lucky gets called a fool to be a good son to be born happy to get a job	Center
Planting ‘Billions of Trees’ Isn’t Going to Stop Climate Change	people are affected annoyed to get a new plant irresponsible gets a rash to be a success to be a scientist happy to keep it up	Lean Left
Rescue crews follow giggles to find missing toddler in Canada	they are rescued happy to find the missing toddler helpful gets called hero to be helpful to have a boat happy to get the children out	Center
Document of the Week: Trump’s Mistake Reminds the World of This 47-Year-Old Pact	none none none none none none none none none	Lean Right
Here’s why successful impeachment doesn’t necessarily mean a Senate conviction	people are more informed disappointed to protest smart is respected to be a good person to be a politician justified to get their point	Left
‘Woke’ Bank of America Ends Business with Companies that Run Illegal Immigrant Children Holding Centers	people are killed sad to get rid of them greedy gets arrested to be successful to have the money happy to get a new job	Right
Bernie Sanders Plan Would Allow 183K Murderers 164K Rapists to Vote from Prison	to be correct happy to get away smart to be a good leader to kill to be in charge of the revengeful revengeful revengeful revengeful revengeful revengefull revengeful revengefull revengeful revenge happy to be successful	Lean Left
We’re Launching a Paid Work Placement Initiative For Culturally Diverse Graduates	graduates happy to learn new things smart gets paid well to make a change in the world to be an expert happy to make a speech	Lean Left
The Surprising New Effect Of Trump’s Immigration Crackdown	people lose money surprised to get rid of personx influential gets a raise to be a better person to be a representative happy to get a new job	Center
The Senate is Hollowing Out the United States’ Diplomatic Corps	people lose respect for the representatives annoyed to protest powerful gets into trouble to be in power to be a politician powerful to get a good deal	Lean Right
Looks like Donald Trump’s longtime accounting firm is selling him out to House Democrats	gets cheated annoyed to win greedy gets fired to make money to get a job like a loser to get a raise	Left
Trump just told reporters he hopes someone looks into the ‘illegal takedown that failed’	people are interviewed angry to listen brave gets yelled at to be honest to have something relieved to get people's attention	Right
Chinese woman carrying malware arrested at Trump’s Mar-a-Lago	gets arrested sad to get away from personx criminal gets arrested to get away with something to be in jail guilty to get out of jail	Center
Jeffrey Epstein engaged in ‘improper sexual contact’ while doing time in Florida: lawyer	gets nervous nervous to file a complaint immoral goes to jail to get away with illegal things to have a reason to do so nervous to get a divorce	Lean Right
Record flooding along Arkansas and Mississippi Rivers puts crops and levees at risk	people die scared to get a better deal dangerous gets killed to be safe to have the right tools safe to make sure the land is safe	Lean Left
NATO chief plays down divisions as allies mark anniversary	loses defeated to win the war strategic gets a medal to win to have a good reputation good to win	Center
Hot weather and bad air start off the week for Southern California	people get sweaty happy to get to know personx careless gets dirty to stay in the area to have gone swimming happy to go home and relax	Lean Left
Schiff on Impeachment: 'At This Point I'm Not Prepared to Recommend It'	people lose their jobs angry to protest intolerant to be correct to be a better leader to have the authority angry to be a good person	Lean Left
If Trump Had Any Sense Whatsoever He Would Not Be Raising Tariffs After This Jobs Report	they are right disappointed to get their money naive but none to be successful to be in a position of power sad to be successful	Left
Iran Seizes Foreign Oil Tanker With Crew Of 12 State TV Says	people lose their homes angry to get rid of him greedy gets arrested to be a hero to have a shipment happy to get rid of oil	Left
DHS Whistleblower Who Spoke Out Against Obama-Era Immigration Jails Condemns Conditions on Border	none none none none none none none none none	Lean Left
French tycoons show competitive streak over Notre Dame aid	loses money impressed to win the game competitive gets into trouble to win to be in the race competitive to be competitive	Center
CNN’s Brian Stelter tweets cryptic ‘storm approaching’ gif on eve of Mueller report (and LMAO at the replies)	none none none none none none none none none	Right
A top Emirati diplomat says UAE 'very committed to de-escalation' after alleged sabotage of oil tankers	none none none none none none none none none	Center
Hunrdeds of rockets launched from Gaza into Israel	people die angry to get away brave gets killed to kill people to have a rocket launch happy to get rid of them	Center
When John Paul Stevens Eviscerated Antonin Scalia	gets hurt sad to get away from him violent gets killed to be avenged to get a knife sad to be avenged	Lean Left
‘She Put Her Dreams Aside for Me.’ No. 1 NBA Draft Pick Zion Williamson Gets Emotional Talking About His Mother	none none none none none none none none none	Center
UN says war has set back Yemen's development by 20 years	people are affected angry to thank personx dominant gets promoted to be in charge to be in charge good to get a better deal	Lean Right
Schiff: Evidence of Iran Being Behind Tanker Attacks Is ‘Very Strong’	people are attacked by the military angry to avoid the situation smart gets accused to be correct to have the evidence angry to get rid of the evidence	Right
Politico: Democrats' DACA Amnesty Stalls amid Political Fear of Migrant Crime	people are arrested sad to be a good citizen racist is arrested to be a good citizen to be a politician good to make sure they do not get caught again	Right
Sotheby’s snapped up by French tycoon Drahi for $3.7 billion	gets money angry to get paid careless gets a new job to be rich to be in a bad mood sad to get rid of them	Right
Africa Eye: On the front line of Nigeria’s energy crisis	people are affected angry to avoid him aggressive gets stressed to be in control to be in the wrong place angry to be successful	Center
‘Trump Baby’ blimp takes flight as president returns to Ireland	people mourn happy to celebrate brave gets shot to be a good leader to get on a plane happy to get a job	Right
Living Off the Grid and Safe From Hurricanes in Puerto Rico	people get killed safe to thank personx safe gets mugged to be safe to be a seafaring man safe to avoid the law	Lean Left
Celebrations as Puerto Rico Governor Rosselló resigns	people lose money angry to get their money back lazy gets a new position to be free of disease to have a job sad to get a raise	Center
Trump calls Smollett case ‘embarrassment to our country’ at raucous rally	people are offended annoyed to get away mean gets yelled at to make people angry to be in public embarrassed to get a drink	Lean Right
CURL: Biden Shamelessly Begged Me For Money All. Day. Long.	gets tired of personx annoyed to give personx a raise needy gets scolded to be rich to have money guilty to be a good person	Right
After Attacks On Assyrians Northern Iraq’s Christian Minority Recommits To A Homeland	people are killed angry to get rid of him racist gets arrested to be a racist to be in a racist group satisfied to be a leader	Right
The U.S. Women's Soccer Team Is Literal Goals	they get a trophy happy to be competitive athletic gets praised to win the game to train happy to win	Lean Left
McCarthy Slams Dems for Passing Minimum Wage Bill	loses money annoyed to pay personx irresponsible gets yelled at to be fair to have a job guilty to get a raise	Right
US Wants 2 Years to ID Migrant Kids Separated from Families	get divorced sad to get back together lonely gets stressed out to have a family to be married happy to go to the beach	Left
Nepal Says Everest Rules Might Change After Traffic Jams and Deaths	people are safer scared to listen brave gets stressed to be right to have been arrested nervous to be safe	Center
8chan Is a Megaphone for Gunmen. ‘Shut the Site Down’ Says Its Creator.	people are scared of the noise annoyed to listen dominant is respected by others to be heard to be a leader good to be heard	Center
‘What a load of crap’: Brit Hume is not buying Joe Biden’s late apology to Anita Hill	none none none none none none none none none	Right
This Is Not a Surprise: U.S. Sanctions and Saber Rattling Led to Iran's Renewed Uranium Enrichment	none none none none none none none none none	Lean Left
Photos of the Week: Snowy Ladybug Shattered Lance Mexican Smog	people are hurt annoyed to go home careless gets dirty to be a bad person to have been in the wrong city happy to get a drink	Lean Left
U.S. defense bill takes aim at China’s growing influence	people lose money angry to protest determined gets arrested to be in charge to be a politician powerful to win the war	Right
Benjamin Netanyahu Plans to Honor Donald Trump By Putting His Name on Something Awful	people are hurt sad to thank him mean is criticized to show his wealth to be in the wrong place guilty to be successful	Left
The Republican who endorsed impeachment just demolished his party’s embarrassing defense of Trump	people are in pain angry to protest racist is yelled at to be right to be in office happy to be a leader	Left
Party Organisers Describe the Weirdest Ways They've Seen People Smuggle in Drugs	people get arrested for drugs disgusted to get away with it weird gets arrested to be a drug dealer to have a lot of money satisfied to get people to do something else	Lean Left
Still SO MAD! Hillary’s tweet nagging Hasbro to remove certain ‘Trump words’ from Scrabble app BACKFIRES in a BIGLY way	none none none none none none none none none	Right
Disaster aid stalls again after another House Republican objects	people are affected upset to protest unintelligent gets fired to be a good citizen to be a politician sad to win the election	Lean Left
Fiat Chrysler proposes €33bn merger with Renault	they get a new job happy to get their money greedy gets a big tip to be in control to get the paperwork excited to get a new car	Center
Christchurch shooter 'told police he had a bomb' moments before his arrest	people are shocked surprised to call the police scared gets arrested to inform to be in the wrong place at the wrong time nervous to get away	Lean Right
North Carolina Governor Under Fire for Proposing Freezing School Voucher Program	people are affected by the cold weather angry to protest brave gets burned to be a good citizen to have a reason nervous to get the job done	Lean Left
Giving Birth in the Wake of a Storm	people die scared to cry brave gets killed to be a hero to be a tornado scared  to get out of the storm	Lean Left
Experts Accuse China of Murdering People and Taking Their Organs	people are dead angry to get away with it mean gets accused to be right to have a reason satisfied to make a report	Lean Left
Lauren Sanchez and Patrick Whitesell file for divorce as Bezos split is finalized: reports	none none none none none none none none none	Right
California Dems to consider resolution that links Israel to Tree of Life Synagogue massacre report says	people are killed grateful to protest wise is asked to help to be a good person to be a minister good to make a report	Right
Trump lashes out at Central America Mexico on border	people get shot scared to get away brave gets arrested to get away from the border to buy plane tickets happy to get a passport	Lean Right
TIME cover picturing the Buttigieg ‘first family’ is a display of ‘heterosexuality without women’	none none none none none none none none none	Right
Dear Pepper: Trouble with Two Friends	gets hurt annoyed to get away from personx annoying gets scolded by the girls to have fun to have a problem sad to apologize	Lean Left
Fleabag Has a Poignant Insight About Sisterhood	gets into argument enlightened to listen wise gets asked questions to be a good listener to be a seeker enlightened to be a better person	Lean Left
The world’s happiest people have a beautifully simple way to tackle loneliness	they are surprised happy to be left alone humble is praised to be happy to have a lot of time to spare happy to be happy	Center
William Barr just threw himself to the wolves and Donald Trump is next	gets into trouble angry to win brave gets caught to be the worst to be a coward powerful to be a hero	Left
Veteran journalist writes horrifying account of Donald Trump raping her 23 years ago	gets fired angry to tell their friends smart gets called a rapist to be a writer to write about the incident satisfied to publish the story	Left
'That's horses**t!' — Democratic candidate responds to being disqualified from DNC debates	people vote for person x angry to win the debate smart gets yelled at to win the election to debate happy to win	Right
The Republicans’ Cynical Strategy to Win the Jewish Vote	they get into a fight sad to vote for the same candidate smart gets called racist to be a winner to have a strategy happy to get a better job	Lean Left
Lawmaker Skipping Time Off for Cancer Recovery to Block Anti-Abortion Bill: I Wouldn’t Be Able to Live With Myself	none none none none none none none none none	Left
Police and protesters clash on Hong Kong anniversary	people get killed by police angry to protest aggressive gets arrested to be a bad influence to be in the wrong place angry to get rid of the chinese	Lean Left
First Photographs From Inside Fire-Ravaged Notre Dame Reveal Heartbreak And Hope	people cry sad to cry brave to be honest to make them feel bad to be in a bad mood sad to be a hero	Left
Stunning seven-bed Cornish manor house overlooking St Michael's Mount goes on the market for £2.5m	none none none none none none none none none	Lean Right
Man 52 dies after falling down stairs following vicious attack in a pub	gets arrested sad to cry dead gets injured to get away to be in the wrong place sad to get up	Lean Right
U.S. blames Iran for tanker attacks in Gulf of Oman oil prices rise	people lose money angry to avoid the situation greedy gets stressed to be angry to have been asked for help angry to make sure the oil is good	Right
While I Live I Remember: Agnès Varda’s Way of Seeing	they get to see what they do happy to get away from him aware gets a good deal to be aware to have a good memory happy to be happy	Lean Left
Trump allies assail Mueller report even as they defend its conclusions	they get into trouble angry to argue smart gets attacked to win the war to have a reason to do so satisfied to make a report	Center
Lori Loughlin's Daughter Under Criminal Investigation for Admissions Scandal	gets arrested angry to cry criminal gets caught to be a bad influence to be a cop guilty to get away with it	Left
One Casualty of the Palm Oil Industry: An Orangutan Mother Shot 74 Times	loses respect for personx sad to get medical help unlucky gets a black eye to be a success to be a doctor sad to get medical help	Center
Suspected Poacher Killed By Elephant Remains Eaten By Lions In South Africa	people are killed sad to get rid of him aggressive gets poisoned to be a vegetarian to be a vegetarian sad to be a vegetarian	Left
Revulsion in Northern Ireland over riot fatal shooting	people died scared to get out of the country dangerous gets shot to be a hero to be a policeman scared to get out of it	Lean Right
Joy Behar blames President Trump for deadly synagogue attack: 'You are the culprit'	people are dead angry to get away ignorant gets caught to be right to have been betrayed by someone justified to be correct	Right
Trump Pushes Another Bailout for ‘Patriot Farmers’ Hurt by His Trade War	people lose their crops sad to protest aggressive gets arrested to be a good person to have a reason justified to be a leader	Lean Right
Laura Ingraham thinks a mass shooter-praising anti-Semite is being ‘censored’	none none none none none none none none	Lean Left
Ocasio-Cortez Doubles Down Says VA Problems Are a ‘Myth’	people are confused annoyed to get away from personx smart gets in trouble to be a liar to have knowledge good to get away with it	Right
Bad Law Is Corrupting the Obstruction Debate	people are influenced annoyed to listen intelligent gets caught to make people believe something is right to be a politician satisfied to win	Lean Right
Kellyanne Conway Slams Obama Hillary: 'No Confusion' on Victims	it was bad shocked to get away from personx smart is asked questions to make people angry to be a racist satisfied to make sure everyone is ok	Left
Blue States Warned of SALT Apocalypse It Hasn't Happened	people get sick annoyed to ignore the warning smart is ignored to be correct to have been asked to explain it worried to be right	Left
Ari Fleischer Lied and People Died	cries sad to cry deceitful gets arrested to be mean to lie to people guilty to hide	Right
Before Being Hacked Border Surveillance Firm Lobbied to Downplay Security and Privacy Concerns About Its Technology	none none none none none none none none none	Left
Germany Has a Neo-Nazi Terrorism Epidemic	people get killed nervous to get away dangerous gets arrested to be a racist to have been exposed to the german military nervous to get away with it	Lean Right
Trump Suggests John Kerry's Meetings with Iran 'Big Violation of Logan Act'	people are affected by the information annoyed to listen to the information smart gets yelled at to get people in the know to be a leader satisfied to get a response	Right
Booker: Biden Not Up to Dealing With Trump Who 'Uses Racism as Political Currency'	people are victimized by personx's behavior angry to win unintelligent gets caught to win the game to have a bad reputation sad to win	Right
Tlaib Tweets ‘Happy Passover’ Picture With Loaves of Bread	people are surprised happy to eat the bread greedy gets dirty to eat to buy bread happy to eat	Right
Bengals waive troubled running back Walton	loses money angry to win aggressive gets sweaty to be in control to be in a race happy to win	Right
GOP Lawmaker to Introduce Bill to Keep Supreme Court Justices at 9	people get arrested happy to be represented powerful 000 people to be a good citizen to be a judge happy to make a speech	Lean Left
Third Child Dies In U.S. Government Custody Since December	cries sad to cry dead gets buried to die to be a child sad to be buried	Center
War With Iran Wouldn’t Be Like Iraq. It Would Be Worse.	they are safer sad to avoid the iraq dumb they would have to be in a different country to not be like iraq to be in iraq sad to get out	Left
The Intellectual Assault On Our National Identity	people are hurt hurt to be safe rude gets punched to be a bully to be a racist satisfied to be acknowledged	Right
Trump’s FCC votes to end local governments’ ability to regulate and charge cable broadband industry	people are affected by disease bad to be successful powerful etc to be a government person to be a government person good other things	Right
Massive migrant mob WALKS AROUND border wall	people are robbed by personx annoyed to get to the border criminal gets arrested to be in the open to be a criminal happy to get a job	Right
After years of decrying McCarthyism Lindsey Graham accuses members of Congress of being Communists	gets in trouble angry to get away from personx racist gets called a racist to be heard to be in congress justified to be heard	Lean Left
New Rule: Polluters Can Appeal Judgments But No One Else Can	people lose money annoyed to protest the ruling dominant is not trusted to be right to be a politician justified to win the case	Left
Sudanese activists army finalize power-sharing deal	people are affected by the new information angry to win the case powerful gets a new job to gain power to be a politician happy to make sure the information is accurate	Lean Right
The Youngest Known Child Separated From His Family by the Trump Administration	family is sad sad to find the son sad is missed to be a child to be born sad to be alone	Center
Kennedy Granddaughter Found Dead at Family’s Hyannis Port Compound After Apparent Drug Overdose	gets arrested sad to find out who killed personx guilty gets arrested to get away with it to be at the port sad to get away with it	Left
Bitcoin bulls may have to wait 22 years for the cryptocurrency to return to all-time highs	none none none none none none none none none	Center
5 gang members convicted in Atlanta’s ‘most brutal murder’	get arrested sad to win criminal gets arrested to be mean to get caught sad to be a criminal	Lean Right
Melbourne driver who slammed into a concrete barrier breaks her silence on road rage incident	gets injured angry to get out of the car reckless gets arrested to be heard to be driving upset to get out of the car	Lean Right
Federal judge blocks Arkansas and Kentucky Medicaid work requirements	people are treated fairly grateful to get a better deal smart gets paid to be a good judge to have a reason to do so justified to make sure they are safe	Lean Left
This Easter Read Dorothy Parker Viciously Roasting Everyone Else’s Hacky Easter Jokes	people are offended annoyed to laugh mean gets yelled at to entertain to have a lot of people to tell sad to be a good listener	Left
Head of Program Profiling Muslims in Chicago Steps Down Amid Pressure	people are killed in the street by the racist scared to thank personx racist gets arrested to be safe to be a racist satisfied to make sure the information is accurate	Left
U.S. Secretary of State Mike Pompeo says 'several' Americans have been killed in the Easter Sunday b	people mourn sad to protest religious is criticized to be in control to be a minister sad to get rid of all the evidence	Lean Right
No Citizenship Question on 2020 Census as Trump Backs Down	people are killed annoyed to protest the law racist gets arrested to be a good citizen to have the right documents happy to be a good citizen	Lean Right
Viral Video Of Pope Francis Rejecting Kisses From The Faithful Raises Questions	gets kissed confused to get away from him religious gets scolded to be a good person to have a video happy to be a better person	Right
2-year-old killed in Baton Rouge duplex fire ID'd death was accidental coroner says	people are killed sad death careless the death penalty is death penalty to kill someone to have a gun sad to be correct	Left
This ‘Uncensored’ Right-Wing Facebook Clone Allows Racism but Not Nudity	people get into a fight annoyed to be protected smart is criticized to keep people safe to have a ps4 happy to keep it a secret	Lean Left
Mueller Made 14 Referrals Of Potential Crimes To Outside Offices	people are more informed annoyed to listen to personx smart gets a raise to be a good example to have a job satisfied to make a settlement	Lean Left
Mel B says she 'went blind' in one eye blasts fake reports about health scare: 'I was NOT ok'	none none none none none none none none none	Right
‘Surreal’ Pyongyang marathon in spotlight as tensions ease	people get nervous happy to thank personx brave gets tired to be seen as a winner to be in a competition satisfied to relax	Right
Federal Reserve lowers interest rates for the first time since the 2008 recession	people lose their jobs happy to get more money responsible loses money to be a better employee to be in charge of revengeful revengeful revengeings happy to increase interest rates	Right
Puerto Ricans Are Resisting Policing as a Solution to Crisis	people lose money grateful to thank personx dominant gets arrested to be a solution to have a problem justified to be a hero	Left
The Sneaky Politics of Natural Law	people are influenced by personx annoyed to get their money back smart gets caught to be a good citizen to have a political agenda happy to be successful	Lean Left
California Parents Get Life In Prison For Starving And Shackling Their Children	they are taken care of sad to get out of jail criminal gets arrested to punish children to be a criminal guilty to get out	Lean Left
Trump lauds military at Independence Day celebrations	people are offended annoyed to protest arrogant gets arrested to be a hero to be patriotic proud to be a leader	Center
In Stunning Claim Trump Suggests McGahn Lied Under Oath	people are fooled cheated to ask questions deceitful gets caught to be successful to have been cheated satisfied to be a winner	Lean Left
The fight for Trump’s tax returns is just getting started	people lose money angry to protest determined gets arrested to be successful to be a lawyer justified to be successful	Lean Left
The Mueller report is coming. But there’s one big caveat.	gets a good grade happy to listen determined gets a good grade to be successful to be a manager happy to make a good report	Lean Left
The Weird World of Vegan YouTube Stars Is Imploding	people eat meat sad to get a better deal obsessed gets ridiculed to be like the other person to be watching a horror movie sad to get a better deal	Left
8 grilling mistakes that will screw up your Memorial Day cookout	people are upset upset to get revenge careless gets scolded to be a bad example to be a bad person bad to apologize	Right
Photos of Dirt Death and Darkness in the Australian Outback	people mourn for the dead sad to get away adventurous gets dirty to be a naturalistic person to be a naturalistic person happy to go home	Lean Left
‘They’re doing it as we sit here’: Mueller sends a dire warning about Russian interference in U.S. elections	none none none none none none none none none	Left
Feinstein to introduce bill raising age to purchase assault weapons after California shooting	people lose money happy to get rid of him brave gets arrested to be a good citizen to have the authority happy to get rid of the weapons	Lean Right
Sundance Film Festival Co-Founder Gets Six Years to Life in Sex Abuse Case	people get sick of personx sad to be successful young gets a lot of money to be a success to get pregnant happy to get a new job	Right
Study: Fentanyl Deaths Up 122% in West Virginia	people mourn sad to get away with murder unlucky gets killed to be safe to have been poisoned sad to get away from the situation	Right
Political chaos in Israel deals blow to Jared Kushner's peace plan	people get killed angry to get rid of him aggressive gets killed to be in control to have the right information happy to make a change	Lean Left
Netanyahu win leaves Palestinians fearing US peace plan	people pray for personx scared to avoid him brave gets stressed to be safe to be in a meeting with people happy to be safe	Center
US declining interest in history presents risk to democracy	people are more careful annoyed to protest conservative gets criticized to be conservative to have a lot of money happy to be successful	Center
Trump Issues Executive Order Requiring All Govt Agencies to Provide Records on Number of Citizens and Non-Citizens in Our Country	none none none none none none none none none	Right
New Mexico city asks for donations after more migrants dropped off	people get sick happy to help them poor gets money to be a good host to be homeless sad to get more money	Center
Nasdaq ends 0.8% higher at 8170 marking its first record close since May 3	none none none none none none none none none	Center
Peaceful Conservative Attacked By Leftist Liberal For Asking A Question	people are hurt by the violence angry to get away from the situation racist gets attacked to be heard to be a racist satisfied to get away	Right
The Growing Obsession With Linking Iran to Terrorism	people lose their lives annoyed to get rid of him greedy gets stressed to get rid of the corrupt people to have an interest in the subject nervous to make a deal	Lean Left
In Case You Missed It: Bubbles babies and celebrity horses	they get yelled at happy to be happy lucky gets yelled at to be a good mother to have a baby happy to have a party	Center
The Best Memes of the Ultimate Game of Thrones Battle Prove It’s Actually Also a Hilarious Comedy	people are entertained happy to be entertained entertaining happy to be a good person to be a winner happy happy	Center
Buttigieg attracting praise from an unexpected audience — conservatives	people are more informed happy to thank personx influential gets praised to be a success to be a representative happy to be a good example	Center
American Airlines extends 737 Max cancellations until August	people lose their jobs happy to get a good deal responsible gets paid to be a success to have the money happy to get a new product	Center
Nuclear Lobbying Power: NJ Utility Customers Will Pay $300M In Subsidies	people are poorer happy to get their money back greedy to be honest to be a success to be a manager happy to get a raise	Center
Dutch Police Arrest Suspected Gunman In Utrecht Shooting That Left 3 Dead	police are arrested sad to get away violent gets arrested to kill someone to have gun in hand sad to get rid of the evidence	Right
Samantha Bee Brutally Mocks Joe Biden’s Apology	gets hurt angry to cry mean gets yelled at to be right to have been wronged guilty to be forgiven	Left
'Democracy Dollars': Gillibrand's plan to give every voter $600 to donate to campaigns	people lose money happy to be a success or success generous to be a success to help people to have a plan happy to help others	Center
The Radical Roots of Free Speech	people listen annoyed to listen to person x unintelligent gets into argument to be free to have a good attitude satisfied to make people listen	Left
‘Shell on Challenge’: The Viral Hoax Fooling Local News Into Thinking Teens Are Eating Plastic for Fun	people get sick annoyed to get away with it silly is right to be funny to be in the presence of people happy to get away from the situation	Left
Thousands evacuated as forest fire bears down on music festival	people are injured happy to get rid of the smoke brave gets burned to be a good host to get supplies happy to make a speech	Lean Left
The founder of India's biggest coffee chain has gone missing	people are missing their coffee chain angry to find out where they are famous gets a new job to be a leader to have a lot of stuff nervous to make money	Lean Left
MEP Alessandra Mussolini Speaks Out About Her Twitter Feud With Jim Carrey	gets hurt annoyed to get away from the situation rude gets yelled at to be mean to be a snitch satisfied to make people mad	Right
Florida lawmakers approve rolling back voting rights for people with felony convictions	people vote happy to protest the laws fair gets arrested to be fair and just to be a racist happy to enforce the laws	Lean Left
Multiple Fatalities Reported In El Paso Shooting Suspect In Custody	police have a suspect scared to get a lawyer criminal is questioned to be safe to be in a shooting accident sad to be a hero	Center
CymaBay Therapeutics stock price target cut to $7 from $11 at B. Riley FBR	none none none none none none none none	Center
Four technology breakthroughs of BlackPearl.Chain are reinventing the public blockchain	people lose money happy to get a new company smart is criticized to be successful to have a company happy to make sure everyone understands the law	Center
US Takes Illegal Dangerous Actions Toward Regime Change in Venezuela	people are arrested angry to get rid of him brave gets arrested to be a better citizen to be in charge happy to make a profit	Left
Spoiler: She’s CLUELESS! AOC’s attempt to push universal health care gets REKT by Conservative woman in just 2 tweets	none none none none none none none none none	Right
Donald Trump’s two-front trade war just took a turn for the worse	loses money sad to win weak gets hurt to be successful to be in a bad situation sad to get a new job	Lean Left
Britain sets record of 7 days without coal power as renewables surge	people lose money angry to get rid of him determined gets fired to keep the company afloat to have the ability to do so happy to be successful	Lean Left
Feds Say Former VA Employee Used Vets’ Ailing Kids to Scam Millions	gets scammed annoyed to get paid manipulative gets fired to get money to be in a position to do so satisfied to make money	Left
Some Democratic Candidates Point Finger at Trump for Shootings Mulvaney Says Not Fair	people are insulted angry to protest racist gets accused to be racist to be a racist justified to be heard	Left
Dow industrials up 43 points or 0.2% to 26428	they lose happy to congratulate them competitive gets a raise to be the best to be in a competition happy to win	Center
Markets Plunge as Trump Escalates China Trade War	people lose money angry to win the war aggressive gets rich to win to have the money powerful to win the war	Lean Right
Two judges shot during 'disturbance' outside Indianapolis White Castle	people are injured angry to get out of the situation observant gets arrested to be a judge to be in the wrong place at the wrong time happy to get the job done right	Center
US Ambassador Gives Health Update On Journalist Attacked By Antifa Demands Justice Dept. Investigate	people lose money or power angry to get a new job authoritative personx is arrested to be a good citizen to have a reason for the attack satisfied to make sure they are ok	Right
U.S. and Japan Battle China for Influence in Zimbabwe	people are affected by the violence of japan dominated to win the war aggressive gets arrested to gain influence to have a strategy powerful to win	Right
Trump Labels Mueller Probe an ‘Attempted Coup’	gets into trouble annoyed to win clever gets yelled at to be in control to be a politician satisfied to get a good deal	Lean Right
The Coolest Sickest Hottest New Shoes	gets yelled at disgusted to get rid of him ugly gets scolded by parents to be the best to go to a concert embarrassed to get a new pair	Lean Left
Glenn Greenwald: Chelsea Manning's Refusal to Testify Against WikiLeaks Will Help Save Press Freedom	none none none none none none none none none	Lean Left
'Us' Opening Weekend Proves the Black Community Has Jordan Peele's Back	people get a better job grateful to thank person x helpful gets thanked to be a good example to have the ability happy to be a leader	Lean Left
A 6-year-old was swept out to sea and a group of brothers dove in after her	none none none none none none none none none	Lean Left
Donald Trump joins Shannon Airport hall of fame	people see personx in a new light happy to get paid rich gets a new job to get rich to get tickets excited to get a job	Center
Trump says he will seek U.S. trade accord with Brazil	they make a decision happy to buy the product determined gets rejected to make money to have a reason to agree happy to make money	Right
EU hits Qualcomm with €242m fine over pricing	gets arrested angry to win the war careless gets a bad grade to get a good grade to be in a bad mood satisfied to get a new car	Center
Iran Seizes Multiple Oil Tankers Near Persian Gulf	people lose their crops angry to get rid of him greedy gets arrested to make a living to buy oil happy to make money	Right
The Latest: Trump says threats led to carrier deployment	people lose their homes scared to avoid death aggressive gets yelled at to be a threat to have a weapon justified to get rid of the threats	Center
Finding a repository for San Onofre plant's nuclear waste is a difficult task	they get a refund grateful to get rid of it unskilled difficult to understand to find to have the right equipment satisfied to be successful	Lean Left
Deadline passes for publication of gender pay figures	gets money happy to write a magazine smart gets a promotion to be successful to have a magazine happy to get a good deal	Lean Left
The Trouble Starts If Facebook’s New Currency Succeeds	loses money happy to get a good deal smart gets a new job to be rich to be in a situation where they need to buy something sad to be successful	Lean Left
Cops in One Village Have Been Convicted of 70 Crimes. Here’s What They Had to Say About It.	none none none none none none none none none	Center
House Oversight Committee threatens salaries of Interior staff who block interviews	people lose clients angry to protest powerful gets yelled at to be in control to be a manager powerful to get a new job	Center
Treasury Secretary Steve Mnuchin Holds His Ground – Smacks Down Democrat Lawmaker Gunning For Trump’s Tax Returns	none none none none none none none none none	Right
Neutron Stars Merge Form An Extremely Powerful Magnetic Field	people lose their homes controlled to observe personx powerful gets into trouble to be powerful to be a magnetic field powerful to be successful	Right
9 Apocalyptic Lies Fed To Americans About The Republican Tax Bill	people are affected by the loss of their money annoyed to protest racist gets accused of racist racist things to be racist to have a bad attitude guilty to get rid of the racist	Right
UK braves US ire with tax on tech companies	they get a raise annoyed to get paid well smart gets a raise to be a good leader to have a budget powerful to get paid	Center
Mario Lopez Attacked for Saying Parents Shouldn't Let Their Children Choose Genders	they get into trouble annoyed to get away from the parent dominant is yelled at to be a parent to be a parent happy to be a good parent	Right
New York Lawmakers Advance Bill to Provide Congress With Trump’s Tax Returns	people are poorer grateful to pay the bill powerful gets a receipt to be a good representative to have a bill happy to be fair	Left
A 19-year-old with a semiautomatic rifle shatters Gilroy's beloved garlic festival killing 3 including 2 children	none none none none none none none none none	Lean Left
Sperm Donor Is Child’s Legal Father Australia’s High Court Rules	gets sued sad to get a lawyer responsible gets arrested to be a parent to be a fetus sad to get a divorce	Right
Racist Voter Suppression Made Alabama’s Abortion Ban Possible	people are saved happy to protest racist gets accused of racism to be a better person to have the right opinions happy to be a better person	Left
Michael Cohen claims he's given federal prosecutors new evidence of Trump-related crimes	gets sued angry to file a motion smart gets called a snitch to prove his innocence to have a case guilty to get a lawyer	Right
Teflon Toxin Safety Level Should Be 700 Times Lower Than Current EPA Guideline	people are safe cautious to avoid him cautious is more careful to be safe to be a doctor good to be successful	Left
GOP Lawmakers Are Quietly Turning Against the Death Penalty	people are dead sad to win cautious gets arrested to be a good person to have killed someone sad to get away with it	Lean Left
Moment paedophile footballer Adam Johnson twisted his ankle as he stumbled out of bar	none none none none none none none none none	Lean Right
RussiaGate: Rudy Giuliani Predicts 'Criminal' Evidence Against FBI DOJ Officials 'In Six Months'	none none none none none none none none none	Lean Left
John McCain Aide Tried to Keep Paper from Naming Christopher Steele as Dossier Author	they are questioned by the police annoyed to get their paper published smart gets caught to keep the secret to be a journalist nervous to get paid	Right
6 People Shot 1 Fatally At Graduation Party In Philadelphia	people mourn sad to celebrate dead gets arrested to kill people to get a gun sad to celebrate	Center
Canada Responds to Philippines' War Threat with Offer to Take Back Garbage	people lose money angry to thank personx cautious gets attacked to be a good person to have a job relieved to make a deal	Right
DISGRACEFUL: Sadiq Khan’s City Hall Gives Permission for Massive Baby Trump Blimp to Fly Over City During Trump’s Visit on 75th Anniversary of D-Day	none none none none none none none none none	Right
A brief history of women’s fight to wear pants	they get hurt annoyed to thank personx smart gets arrested to look good to be in a fight good to be a good citizen	Center
Ex-minister’s son 25 faces a retrial over the death of three-year-old Alfie Lamb	none none none none none none none none none	Lean Right
Thousands march in Romanian capital’s pride parade	people get killed impressed to enjoy the parade brave gets arrested to show his wealth to go to the parade proud to get out of the country	Right
Forty-five rattlesnakes found under Texas house	they get a new car scared to have a party lucky gets dirty to have fun at the party to be at a bar happy to get out	Center
Malaysia to finalize deal on China-backed railway project early April	they get a deal happy to thank personx for the deal smart gets a deal on the project to get the money to have the money happy to make a deal	Right
International relief organization accuses Trump administration of hypocrisy	people are more informed angry to get away from him wise gets accused to make people understand to be a leader relieved to make sure the situation is under control	Center
Mom suffers severe foot burns after stepping on sand under 'cold' disposable barbecue	gets burned sad to help them careless gets burned to get treatment to go to the beach hurt to get treatment	Right
Trump Steps up War on Whistleblowers: Air Force Vet Daniel Hale Arrested For Leaking Drone War Info	none none none none none none none none none	Lean Left
UK at ‘highest risk of recession’ since 2007	people are affected by the increase in prices happy to get a better deal irresponsible gets stressed to be safe to have been warned sad to get a better job	Center
Bomb-carrying drone from Yemen rebels targets Saudi airport	people die angry to thank personx brave gets shot to be successful to have a plane happy to get away	Lean Right
Man's body is found in wheelie bin behind Waitrose store in north London	gets robbed sad to find out what happened lost is found to be found to have lost their wallet sad to get a job	Lean Right
MSNBC's Deutsch says Democrats 'at war' with Trump	people get into trouble angry to get their way racist gets into trouble to be a racist to have a reason justified to win	Lean Right
These Photos Show Just How Bad India’s Water Crisis Has Become	people are affected sad to avoid the situation careless gets criticized to make things worse to have the right information to explain sad to make sure everyone is safe	Lean Left
Chinese woman arrested at Trump’s Mar-a-Lago resort to remain in custody	gets caught by police sad to be free criminal is convicted of criminal act to be safe to have a court order guilty to be free	Right
Profiles in Chickenshit From the Grand Old Party as Trump Spits on John McCain's American Greatness	none none none none none none none none none	Left
‘No kidding’! John Dean helpfully points out why ‘facts’ are NOT a priority at House Judiciary Dems’ hearing	none none none none none none none none none	Right
Supreme Court Affirms Exception to Double Jeopardy in a Case With Implications for Trump Associates	loses the case bad to win fair gets called a racist to be fair to be a lawyer justified to make the case	Center
Kit Harington’s Brother Had the Best Jon Snow Joke During His Best Man Speech	gets a bad name happy to laugh funny gets a big mouth to impress others to be a good listener happy to be a success	Center
Ben Carson admits that black Americans are struggling in Trump’s economy	people are more educated annoyed to get a job poor gets stressed to be right to be a businessman sad to get a raise	Lean Left
Dayton Police Officers Run Toward the Fire Take out Shooter	people are hurt scared to call for help brave gets injured to save lives to get in the car scared to save the people	Right
The Missouri River Flood Hits a Historic Native American Homeland	people get wet surprised to get out of the river brave gets arrested to be a tourist to go to the river surprised to be safe	Lean Left
Shane Rimmer voice of Thunderbirds' Scott Tracy dies aged 89	people are surprised annoyed to listen to personx annoying gets scolded to be heard to have been born sad to get a new job	Lean Left
Amazon has ‘destroyed’ retail and should be scrutinized Treasury chief Mnuchin says	gets fired annoyed to file a complaint greedy gets fired to be in charge to have a bad reputation angry to make sure they do not lose money	Lean Left
Chart of the Day: Q1 Growth Is Looking Pretty Anemic	they get complimented happy to compliment personx healthy gets complimented to look pretty to have good health happy to get better	Left
Fox News Chyron Calls El Salvador Guatemala And Honduras 'Mexican Countries'	people get hurt people to get a new job a representative of the government to get money none to get a ticket happy to get a good deal	Lean Left
O’Rourke Blasted for Not Endorsing Texas Democratic Candidate	they get fired happy to get their money racist gets yelled at to vote for a different candidate to be a racist happy to protest	Right
The Kickstarter for politics wanted to change how political fundraising worked. Now it’s dead.	people are influenced by the new policy happy to vote political gets a raise to change to have a good reason to change good to change the way the people think	Lean Left
Climate Change Requires Big Solutions. But Baby Steps Are the Only Way to Go.	baby is better grateful to thank personx smart is given a raise to be a good person to have a plan happy to be successful	Lean Right
TV networks are refusing to sell ads for anti-abortion movie 'Unplanned'	people are being affected by ads annoyed to protest stubborn gets rejected to be a better person to have a product sad to get rid of ads	Right
Morocco claims success in slowing migrant voyages to Europe	they get a good deal impressed to get a better deal rich gets a raise to be rich to be a pilot happy to get rich	Lean Right
Paul Mpagi Sepuya Mines the Queer History of the Portrait Studio	people get into trouble annoyed to get paid smart gets paid to make people believe they are a bad person to have the knowledge of the subject satisfied to make a documentary	Lean Left
Cooking Dancing Hoping: A Day in the Life of a Smorgasburg Food Stall	they eat happy to enjoy the night adventurous gets a lot of money to be entertained to go to the restaurant happy to eat	Center
Student reunited with mother after 12 years	mother is hugged happy to talk loyal gets called a fraud to be reunited to be in contact with mother happy to go home	Center
Bill Maher and filmmaker John Waters brutally troll Trump with epic smack-down on HBO’s ‘Real Time’	none none none none none none none none none	Left
Some Easy Ways to Stamp Out Your Festival Carbon Footprint	people get a bad name annoyed to get rid of him mean gets a new hobby to be a leader to be a bad influence satisfied to get a better job	Lean Left
Simona stuns Serena at Wimbledon: game set and ‘best match’ for Halep	none none none none none none none none none	Lean Left
Even Fox News Isn’t Buying Trump’s No Obstruction Lie About the Mueller Report	gets a good grade happy to ask personx questions smart gets accused of lying to be honest to have a good reason satisfied to be correct	Left
Stephen King: 'It is Time for Susan Collins to Go'	they go home happy to leave ready gets up to go home to have a job happy to leave the place	Right
Amazon Offered Job to Pentagon Official Involved With $10 Billion Contract It Sought	gets hired by x grateful to get paid powerful gets fired to be a good friend to be a manager happy to get a new job	Left
The Left Dumps On Apollo 11 As A White Male Enterprise	people are killed angry to go home careless gets into trouble to be left alone to be in a car happy to get a new job	Right
GOP Releases New Video Highlighting 'No Collusion' Newspaper Headlines	people are informed angry to read the new video unintelligent gets fired to be a bad influence to have the information happy to be a good citizen	Right
Donald Trump’s Unprecedented Assault on the Power of Congress	people lose power angry to protest powerful gets attacked to be a hero to have power powerful to be a hero	Lean Left
Beto O’Rourke addressing how much wealth might be TOO much could make the next family gathering ‘a little awkward’	none none none none none none none none none	Right
To 'slay' communication with his students a high school teacher made a Gen Z dictionary	students get stressed annoyed to get out of the class mean gets yelled at to be understood to have a class satisfied to teach the students	Lean Left
Former Acting Attorney General Sally Yates on Trump: ‘I have personally prosecuted obstruction cases on far less evidence than this’	none none none none none none none none none	Left
Security firms see spike in Iranian cyberattacks	people lose money angry to avoid him aggressive gets attacked to be safe to be in iraq scared to get out	Center
This tea party charity sends care packages to troops. California says it misspent funds	people are hurt grateful to get their money generous gets a receipt to be helpful to have a donation happy to get rid of the bad products	Lean Left
Turkish opposition leader safe after attack at soldier’s funeral	people lose respect sad to thank personx brave gets arrested to be safe to be a rebel leader happy to be safe	Right
Team of American Hackers and Emirati Spies Discussed Attacking The Intercept	they are attacked angry to get away smart is criticized for his actions to be a good leader to have the knowledge accomplished to get the job done	Left
Killing Eve Season 2 Is as Macabre and Audacious as Ever	people get sick annoyed to get away mean gets into fights to be mean to have a reason satisfied to be successful	Lean Left
New research finds the HPV vaccine is exceeding expectations and drastically cutting rates of cervical pre-cancer	none none none none none none none none none	Left
Houston ‘Drag Queen Storytime’ Shuts Down After Participant Outed As Child Sex Offender	people are shocked embarrassed to cry mean gets yelled at to be a good listener to be a child sad to be a good storyteller	Right
Trump says he is confident Mexico will enforce new immigration deal	people are more informed happy to thank personx confident gets a raise to be successful to be a businessman confident to make a settlement	Right
EU chief tries to sell top job nominees to hostile lawmakers	they get a raise angry to get their job back aggressive gets fired to be a good leader to have the right information happy to get a raise	Lean Right
Darwin’s Finches Are In Danger Because a Parasite Is Changing Their Mating Song	gets bitten happy to avoid him dominant gets bitten to be more careful to be in danger happy to get away	Lean Left
Mitch McConnell doesn't want migrant children at the border to receive humane treatment	they get sick grateful to get a new job responsible gets a raise to be a good citizen to be a cop satisfied to make sure they do not get into trouble	Right
French special forces rescue hostages in a deadly Burkina Faso raid	people are killed scared to surrender brave gets shot down to save lives to have the resources to save people happy to save the people	Lean Left
Scientists Restore Some Function In The Brains Of Dead Pigs	gets sick grateful to thank personx intelligent gets praised to be a scientist to have a brain function happy to make people more aware	Center
'Holocaust' trends on Twitter after Ocasio-Cortez Liz Cheney remarks on concentration camps	people are watched annoyed to be correct smart is asked to stop none to have been in the wrong place at the wrong time happy to be correct in their views	Lean Right
EPA Move to Phase Out Animal Experiments Could Mean the End of Toxics Regulations	they are asked to stop annoyed to help personx intelligent personx is criticized to be successful to be in charge of animals nervous to be a success	Left
Massive Hong Kong Protests Demand Withdrawal of Extradition Bill Leader's Resignation	people lose money angry to protest aggressive gets a new job to be in charge to be a manager sad to get a new job	Lean Left
Budget Deficit Totals $747 Billion So Far in 2019 On Pace to Top $1 Trillion	none none none none none none none none none	Lean Right
Georgia's Republican governor suffering consequences of his reckless abortion action	people lose their homes sad to protest irresponsible gets arrested to be in control of his own life to have been arrested ashamed to be a good citizen	Right
Police Footage: The Interrogation That Led to Ricky Joyner’s Murder Charge	gets arrested scared to get their money back criminal gets arrested to be a cop to have a gun satisfied to make a statement	Center
This progressive Muslim woman could make history in Virginia’s state Senate primary race	people are influenced by the progressive angry to get a new president racist gets a raise to be a senator to be in the right state happy to be a senator	Lean Left
‘You’re the motherf*cking best!’ Soccer star Megan Rapino urges fans to ‘be better’ in rabble-rousing speech on live TV	none none none none none none none none none	Left
L.A. County health officials warn of measles exposure at Westside shops	people are safer cautious to avoid the disease cautious gets a bill to be helpful to be a doctor worried to make a report	Lean Left
Navy SEAL Pleads Guilty in Case of Strangled Green Beret	gets accused angry to hear the case guilty gets arrested to be heard to be accused guilty to be heard	Center
‘Good rant’: Conservative tweeter’s thread puts MSM meltdowns over Trump’s tweets in much-needed perspective	none none none none none none none none none	Right
Charlamagne tha God: 'I Definitely Don't Buy' Elizabeth Warren's Excuse for Ancestry Claim	gets offended annoyed to be safe untrustworthy gets called a racist to be a good person to be a christian guilty to get away with it	Right
Iran fails in attempt to ‘impede’ British oil tanker	they get fired annoyed to get their job back careless gets scolded to avoid oil spills to have been asked for help by the captain sad to get a better job	Lean Left
Philadelphia Archbishop: ‘Predatory Homosexuality’ Cause of Abuse Crisis	to be safe angry to get away from personx immoral gets arrested to be a better person to be a pervert guilty to avoid the situation	Right
Trudeau Declares Climate Emergency — Then Approves Trans Mountain Pipeline	people lose crops happy to protest smart gets a raise to help the environment to be in a meeting good to make sure the people are safe	Right
As Capitalism Fails We Need a Roadmap to Survive Climate Change	people lose jobs happy to help others poor gets a new job to be successful to have a problem sad to get a new job	Left
More Than 1500 Central American Migrants in Caravans Found to Have US Criminal Convictions At Least 3 Are Murderers	none none none none none none none none none	Right
Moon buggies and bags of poo: what humans left on the moon	people are killed sad to get rid of personx careless gets dirty to be a freak to be a scientist sad to be seen as a hero	Lean Left
Booker’s latest criminal justice proposal: Clemency for 17000 people	people lose money angry to protest powerful gets arrested to be a better law to have a case happy to get rid of criminal justice	Lean Left
Libya's Sarraj calls for elections in 2019 to end war	people lose their homes happy to win the election determined gets called a coward to win the war to have a reason to do so happy to win	Center
In Private Chats Far-Right GOPer Discussed Attacking Spying On Activists	people are betrayed betrayed to be left alone smart gets arrested to get people in trouble to be a spy happy to be successful	Lean Left
Khan's London: Bus Driver Crashes Into Depot After Smoking Crack	people get hurt angry to get rid of him careless gets burned to be a taxi driver to be in the wrong place bad to get back up	Right
Equifax Victims Won’t See Much of $700M Award	people are killed sad to get paid unintelligent gets praised to be successful to have the ability to kill sad to make sure they are ok	Right
Taylor Swift's Fans Boo Kamala Harris Over Braun Fundraiser	people are offended annoyed to get even rude gets yelled at by people to be a good sport to be a fan of the game happy to get a drink	Left
Sooner or Later Dictators Fall Says Eyewitness to Sudan’s Uprising	people are affected angry to get away from him mean gets arrested to be correct to be in power justified to be right	Left
Delingpole: Twilight of the Eco-Loons. Environmentalism Has Reached Peak Absurdity and Hypocrisy	none none none none none none none none none	Lean Left
Storms in America and the Pacific are evidence of climate change	people are affected by the climate change interested to get rid of him environmental gets a lot of money to make a change to have been in a racist environment happy to make a difference	Center
Anti-Islamic tweets further imperil mainstream New Jersey Republicans	people are offended angry to protest racist gets into trouble to be a racist to be a racist bad about themselves to get rid of the racist racist	Center
Libya ‘war crimes’ videos shared on social media	people are angry angry to watch the video mean gets arrested to be entertained to have a tv happy to be a leader	Center
U.S.: Iran Test-Launched a Medium-Range Ballistic Missile	people are shot nervous to get the job done aggressive gets fired to be safe to have the equipment nervous to make sure it works	Lean Right
After 18 Years It Is Past Time To Face The Truth About Afghanistan	they cry sad to cry honest gets hurt to be honest to have been shot sad to make amends	Right
Donald Trump Admits He Doesn’t Really Want to Stop Illegal Immigration	people are affected annoyed to get rid of him determined gets arrested to be a good citizen to have a job guilty to get a job	Left
Gun Control Fail: Mexico Homicides Nearly Three Times Higher Than U.S.	people are killed sad to get rid of him incompetent gets stressed to kill people to have a gun sad to get a better job	Right
Judicial Watch Sues For Documents Potentially Showing FBI Ignored Evidence That Chinese Hacked Hillary Clinton’s Private Server	gets sued angry to file a complaint suspicious none to be a witness to be a witness to the fraud angry to get a lawyer	Right
Ari Berman: GOP Docs Prove Census Citizenship Question Is About Preserving White Political Power	people happy to be correct a policy political parties to be a good citizen to have a reason good political power	Lean Left
From Biggie to Kendrick Lamar: outtakes from hip-hop’s most iconic	to be honest annoyed to get rid of him talented gets a lot of money to be a good person to be a performer happy to be a good person	Center
Tulsi: A Living Reminder of Iraq’s Liars and Apologists	gets hurt betrayed to forgive mean gets yelled at to be a liar to be in the wrong place at the wrong time guilty to make up for their sins	Right
Texas Republican: Migrant conditions in his state the 'worst' he's seen	he is judged sad to get rid of him poor gets called racist to be seen as a racist to have been in the wrong country sad to be a racist	Lean Right
Thousands of pieces of glass spread at Michigan beach with 'malicious intent' officials say	people get hurt angry to get rid of personx careless gets caught to make people angry to be a criminal sad to get rid of the glass	Lean Right
Scientology Church's Cruise Ship Quarantined In St. Lucia Over Confirmed Measles Case	none none none none none none none none none	Left
Review: Euphoria and the Flawed Art of Gen Z Prophesying	gets a bad name annoyed to be successful crafty gets a high score to make a difference to be a magician happy to be successful	Lean Left
Suspected Spies In Iran Could Be Facing Death Penalty: Report	they are dead scared to avoid death penalty cautious gets nervous to be safe to have a bad experience nervous to avoid death penalty	Right
Nurse 49 dies trying to save another woman from drowning in a stand-up paddleboard yoga class	none none none none none none none none none	Lean Right
The Green New Deal Will Hit the Poor With Higher Energy Costs	people lose money sad to thank him rich gets a raise to make the poor happy to have the right money happy to save up more money	Lean Right
San Diego synagogue shooting was almost much worse rabbi says	people are hurt sad to go to the shooting ceremony stupid is criticized to make people angry to have been shot at bad to get better at shooting gun	Lean Right
Tech Companies Can Now Be Fined $1 Million for Spreading Fake News in Singapore	people lose money angry to make sure they are not getting caught irresponsible gets scolded to get away with it to be a bad influence on people sad to get a better deal	Lean Left
2 teens dead after being electrocuted trying to rescue dog in canal	gets killed sad to help them scared gets arrested to save a dog to be in the wrong place sad to get help	Lean Right
IRS Audits Hit the Working Poor African Americans Harder	people are affected by the loss of money sad to get a job aggressive gets arrested to be rich to have a lot of money powerful to get paid	Lean Right
Robert Redford Says Impeaching Trump Is Pointless If There Will Be ‘No Planet to Live On’	people get hurt annoyed to argue stupid is ignored to be right to be in trouble justified to get away with it	Right
House Democrats threaten Barr with contempt if he refuses to provide unredacted Mueller report	they are forced to listen angry to get their point across authoritative none to be heard to be a democrat sad  to make a settlement	Lean Left
Stop Polluting Our Green New Deal	people lose their crops grateful to thank personx greedy gets arrested to be a jerk to be a racist racist satisfied to get a new deal	Left
Australian Man Takes a Piss in His Backyard Triggers a Radiation Alert	gets nervous angry to get away mean gets dirty to get rid of something to have been sprayed with urine relieved to get rid of the odor	Lean Left
Former Atlanta Braves manager Bobby Cox suffers possible stroke: reports	the boss is in pain sad to help them unlucky gets a new job to be successful to have a job sad to get paid well	Right
Trump claims he doesn’t know about any other investigations into his campaign	gets called out annoyed to find out more information ignorant gets called a fraud to be a fraud to have a good reason frustrated to get a better deal	Lean Left
Nolte: Dirty Cop Robert Mueller Selectively Edited Trump Lawyer Voice Mail	to be honest bad to get away with it smart gets scolded to be a good cop to have a reason to do so satisfied to be right	Lean Left
Vladimir Putin Calls For Defending Internet Free Speech	people listen to personx grateful to thank personx smart gets yelled at to defend the rights of others to have a problem satisfied to be listened to	Right
A Brief History of the Movie-Summarizing End-Credits Rap	people are informed happy to listen to personx smart gets a good grade to end the film to have a film review satisfied to make a documentary	Left
Trudeau Ejects Whistle-Blowing MPs From Liberal Caucus	people are offended angry to get away mean gets arrested to get rid of people to have a reason satisfied to be heard	Right
Don McGahn fires back at Donald Trump	people get killed angry to get away from the situation mean gets shot to be a jerk to be a police officer satisfied to fire people	Left
Rep. Ro Khanna Calls for Investigation Into Brazil’s Prosecution of Lula	gets caught angry to get a new case smart gets caught to be a police officer to be in court justified to be right	Left
Fifty Years After Stonewall Many States Still Lack LGBTQ Protections	people are avoided by people annoyed to get rid of him cautious gets called racist to be safe to be a racist happy to be successful	Lean Left
California becomes the first state to make hair discrimination illegal	people get a new look annoyed to get rid of him smart gets arrested to be a good citizen to have a lot of money happy to get paid	Right
Rhode Island Is the Latest State To Abolish Onerous Hair-Braiding Licensing	people are treated better happy to protest strict is hated by others to be a better person to be a racist happy to be a good citizen	Lean Right
Boxing legend Pernell ‘Sweet Pea’ Whitaker fatally struck by car	gets shocked sad to get revenge unlucky gets arrested to get revenge to get into an accident sad to get away	Lean Right
Friday Cat Blogging – 14 June 2019	people get a virus happy to get a new job ambitious gets a virus to get a good grade to have the right gear happy to get a cat	Left
‘This is MAGA Country!’: Smollett-Style Graffiti Found at Jewish Cemetery	people are offended disgusted to get rid of him rude gets arrested to be a joker to be in the wrong place happy to be a racist	Right
Grand Parc Bordeaux review – a rush of light air and views	they are killed happy to see the sights curious gets sweaty to be a pilot to have a car happy to get a better view	Lean Left
Here’s How Many Assault-Style Weapons Have Been Returned In New Zealand	people are injured happy to get rid of the weapons determined gets attacked to be safe to have lost their weapons happy to make a new policy	Right
‘Justice on Trial’ Is The Definitive Account Of Brett Kavanaugh’s Confirmation	they get caught informed to hear the case confident is asked questions to be accurate to be a lawyer satisfied to be heard by others	Right
63-year old dance instructor: 'Exercise saved my life'	gets exercise grateful to thank him skilled gets paid to be helpful to learn dance moves proud to teach me	Center
Democratic lawmaker to drug industry on insulin prices: 'Your days are numbered'	people are dead sad to make a deal poor is dead to be poor to have a gun sad to be successful	Right
International Space Station In Danger After India Shoots Satellite With Missile	people are shot down by bullet scared to avoid the incident dangerous gets shot down to save money to be a pilot nervous to get away from the situation	Right
L.A. rapper Nipsey Hussle’s murder is a familiar refrain for Americans	people are shocked annoyed to listen to the music famous is asked to stop to be a racist to be a fan of music happy to be a singer	Lean Left
Former Peruvian president Alejandro Toledo arrested in US	people are arrested by the police angry to protest the law criminal gets arrested to be a bad influence to have a reason for it guilty to get out of jail	Center
Jamie Oliver's restaurant empire lost £29m in one year - £5m more than it made in a DECADE	none none none none none none none none none	Lean Right
Family of toddler who fell from cruise ship grapples with 'unfathomable' loss	they cry sad to help personx unlucky gets a new experience to be successful to have a job sad to cry	Center
Japanese American internment camp survivors hold protest outside migrant family jail	people lose their homes angry  to get away from personx aggressive gets arrested to be a racist to have a lot of money sad to be treated fairly	Right
James Gill: Salon crash latest example of why New Orleans police can't always give chase to criminals	none none none none none none none none none	Left
HAMMER: Trump Would Be Right To Fully Shut Down The U.S.-Mexico Border	people are killed angry to win the race smart gets a bad name to be right to have a gun happy to be successful	Right
Biman Airlines plane skids off runway in Myanmar; 4 injured	people are hurt sad to help them careless gets hurt to be safe to be in the wrong place scared to get medical attention	Center
Donald Trump even has lies hiding in the underpants of the secret service | First Dog on the Moon	gets nervous happy none deceitful gets scolded to be a good dog to have sex happy to get away	Lean Left
The use of banned drugs is rife in sport	people get addicted annoyed to get away with it addicted gets arrested to avoid drugs to be addicted guilty to get a better deal	Center
Florida waitress 19 breaks her back after diving 20 feet off a pier to save a drowning child	gets hurt sad to swim brave gets wet to save a life to jump in the water scared to swim to shore	Lean Right
Aid group: More funds needed for Ebola safe burials in Congo	people lose money happy to help them rich gets a raise to be safe to have money happy to be successful	Lean Right
New Research Shows the European Union's Anti-GMO Rules Are Ridiculously Bad	people are offended annoyed to listen to the information arrogant is avoided to be a bad influence to have the right information bad to make people believe they are superior	Lean Right
‘The View’ attacks ‘liar’ Sarah Sanders who ‘diminished the office’	loses money sad to get away mean gets arrested to win to be a liar satisfied to make a change	Right
Making Georgia’s Bad Elections Even Worse	loses money angry to win incompetent gets yelled at to win to have a bad election sad to win the election	Lean Left
Bernie Has Opened the Door for Democratic Socialism	people vote happy to thank personx political gets a tip to be polite to be a political leader happy to be a leader	Left
Michael Cohen Claims He Has Evidence of Possible Illegal GOP Contributions From China	they get a new employee angry to get the evidence intelligent gets accused to be a witness to have a report card satisfied to make sure it's true	Left
Penn State prof moonlighting as Uber driver accused of kidnapping: report	gets caught angry to get away criminal gets arrested to be a criminal to have a car happy to be arrested	Right
New report finds same-day voter registration laws produce a sizable boost in voter turnout	none none none none none none none none none	Right
Workplace Overdoses on the Rise New Study Says	they are grateful to him happy to listen to personx ambitious gets sick to be a better person to have the knowledge happy to be successful	Right
August WTI oil down 7 cents or 0.1% to settle at $57.83/bbl	none none none none none none none none none	Center
Trump suggests 'loose and stupid' Iranian officer attacked US drone	gets hurt angry to fire rude gets yelled at by the captain to be a leader to have the knowledge of the situation happy to get rid of the enemy	Lean Left
Bloomberg Op-ed Suggests Iran Tanker Attack Was a False Flag	people are hurt angry to get away from the situation aggressive gets fired to make people angry to have the information nervous to make sure it worked	Right
Help each other pope tells prisoners at foot washing rite	people are cleansed grateful to listen religious gets dirty to be a leader to be a preacher good to make people believe them	Right
Read Bernie Sanders’s 2019 Medicare-for-all plan	people get sick grateful to thank him smart gets a promotion to help people to have a plan happy to be successful	Lean Left
Amir Khan's parents say boxer hasn't spoken them for SIX MONTHS	parents are disappointed sad to get away with something quiet gets scolded to be quiet to have been beaten up sad to be quiet	Lean Right
El Paso Walmart shooting: Police respond to gun attack	people are injured scared to get out of the situation brave gets shot to protect people to have a gun scared to avoid police	Center
Trump and the GOP somehow find a way to sink to a treasonous new low	loses money disappointed to get their money back greedy to have a new job to be rich to have a bad experience happy to get a good deal	Left
Border Patrol Agents Save Migrant from Deadly Exposure in Texas	they are safe safe to avoid being caught cautious gets caught to be safe to be a border agent proud to be a good citizen	Right
TV comic takes lead in Ukraine election first round early results show	people lose money disappointed to win the race smart gets praised to win to be in the race happy to celebrate	Lean Left
Mick Jagger back on stage three months after heart surgery	gets nervous sad to get better brave gets a new experience to be the best to have a reason to do it sad to get paid	Lean Left
Six Killed And Multiple Injured In Deadly Chinese Chemical Plant Explosion	people died in the jungle sad to help them dangerous gets poisoned to be killed to have been poisoned sad to get medical help	Right
22 Years After Bestselling ‘I Kissed Dating Goodbye’ Joshua Harris Leaves His Wife And Faith	gets a kiss sad to cry lonely gets a new job to move on to have a girlfriend sad to move on	Right
June gold loses $4.40 or 0.3% to settle at $1273.20/oz	001 disappointed 001 bad 001 001 to be competitive sad to be successful	Center
Pound falls to lowest level in 27 months amid no-deal panic	people are worried worried to get personx back irresponsible gets stressed to be safe to be in the wrong place sad to get back up	Lean Left
Boris Johnson faces questions over ‘arguably racist’ comments	people get offended by the comment annoyed to get away from him racist gets yelled at to be understood to have a lot of knowledge smart to get a good grade	Lean Left
President Sticking Firmly to Position That It’s Not Racist to Tell Nonwhite Americans to Go Back to Where They Came From	none none none none none none none none none	Left
Bomb targets tourist bus in Egypt	people get shot annoyed to go home mean gets arrested to be a leader to get a gun happy to get rid of tourists	Center
Switch to Medicare for All Would Be ‘Complicated and Potentially Disruptive’: CBO	people are in danger annoyed to be helped careless is in danger to be a good doctor to be a doctor bad to be a doctor	Lean Right
Little Caesars is the latest chain where you can try out meatless meat	gets hungry happy to eat it daring gets a good deal to be a better cook to have a recipe satisfied to eat meat	Lean Left
Fierce critic of bare feet on airplanes posts (and then deletes) topless photo to promote USA Today op-ed that calls Trump a ‘laughingstock’ [Screenshot]	none none none none none none none none none	Right
Radical Islamists Have Opened a New Front in Mali	people lose money angry to get rid of the bad guy aggressive gets arrested to be in the know to have a product powerful to get rid of the people in the new front	Lean Right
Treasury Department says IRS memo doesn’t actually mean anything	gets fired annoyed to listen to personx dumb gets fired to not get in trouble to be a fraud bad to get a new job	Lean Left
GOP Rep: Immigrants Know Trump Is Serious About Border	people are offended annoyed to listen to personx wise gets arrested to be right to be a racist good to get a passport	Left
Alyssa Milano wants to destroy Georgia’s film industry to preserve sacrament of abortion	people lose their homes angry to get away from personx immoral gets arrested to be immoral to have a reason to do it satisfied to get rid of the evidence	Right
Cape Town - tourist hotspot where eight people are murdered a day	people are killed sad to go to the police station adventurous gets arrested to have fun at the beach to drive to the hotspot happy to go home	Center
Cori Coco Gauff: 'Cool that Michelle Obama knows I exist'	to be honest happy to learn more about them smart is proud of his accomplishments to learn to be in school happy to be a good influence	Lean Left
Bans on paying for human blood distort a vital global market	people lose their lives grateful to thank personx responsible gets bitten to be rich to be a doctor satisfied to be a doctor	Center
US hiring bounces back in March but wage growth cools	they get paid well happy to get a new employee responsible gets promoted to be successful to have a good reputation happy to get a raise	Center
Fox’s Jesse Watters Says He’s ‘Tired and Bored’ of AOC Proceeds to Talk at Length About Her	none none none none none none none none none	Left
Letters: GOP neglecting its duties on election security	people are more secure annoyed to protest careless gets fired to do something else to have a job guilty to get a raise	Left
Connecticut House sends nation's most generous family leave policy to governor	people get a new job grateful to go home generous gets yelled at to be generous to have a policy happy to make a speech	Lean Right
Today’s back pages: Oh Nou! United blown away by a Barcelona and Messi masterclass	none none none none none none none none none	Lean Left
Ralph Nader: We know exactly who gave us Trump	get caught happy to thank him smart gets thanked to be helpful to be a snitch happy to give us the benefit	Left
Fearing Populism France and Germany Flee Into the Past	people are killed by bullet sad to be successful brave gets killed to be a hero to have been in the wrong country sad to get away with murder	Lean Right
Hal Prince Transformational Broadway Producer And Director Has Died	people are informed of the death of personx happy to get paid famous is famous to be famous to have a talent happy to be famous	Center
Compost potatoes might be José Andrés’s ‘most insane recipe’ yet. Here’s what they taste like.	none none none none none none none none none	Lean Left
For young adults colorectal cancer is a growing threat. It’s unclear why.	they are sick sad to avoid the disease scared they are in pain to be in pain to have a cancer problem sad to get help	Lean Left
Zimbabwean Manners Mukuwiri recycles rubbish into art	people get offended by personx annoyed to thank personx rude gets into trouble to be a better person to learn about the subject good to make people understand	Center
Meghan Markle edits Vogue: what to expect	they get a good deal annoyed to get a good grade smart gets yelled at to be prepared to be in charge happy to get it done well	Lean Left
Quentin Tarantino Did Not Like This Question About Why Margot Robbie Didn’t Have Many Speaking Lines in His Movie	none none none none none none none none none	Center
Pence staffer claims Trump can’t be racist because he hired Elaine Chao	people are offended annoyed to get their point across racist is racist to be a racist to have a lot of knowledge justified to be a racist	Lean Left
Distracted teen driver who killed cop wife gets 60 days in jail	gets arrested sad to cry guilty gets arrested to be free to be a cop guilty to get a lawyer	Lean Right
Meghan Markle Had Very Specific Photography Standards for Her Guest-Edited British Vogue Issue	they are complimented annoyed to thank personx smart is asked questions to make her look smart to have a camera satisfied to make sure she gets a good deal	Center
Mic DROP! Dana Loesch has a super inconvenient question for Lefties accusing Tulsi Gabbard of being a Russian puppet	none none none none none none none none none	Right
Trump Approved Military Action Against Iran Strike Called Off With Planes In Air Report Says	people are shot angry to get their plane back safely patriotic gets shot to stop the bleeding to have a meeting happy to fire	Right
CNN Hits Harris for Repeatedly Dodging Questions: ‘Could Be a Big Problem for Her’	gets hurt annoyed to get away with it careless gets fired to be careful to have been shot worried to get a job	Right
Julián Castro the Democratic Presidential Candidate Eager to Challenge Trump on Immigration	people are affected by the democratic process nervous to protest greedy gets arrested to be a good citizen to have the right documents happy to get their money	Lean Left
Pep’s toughest title: Man City boss hails his incredible Premier League champions	gets a new employee impressed to get paid for their work powerful gets yelled at to be the boss to be a professional powerful to win the championship	Lean Left
Germany: 26yo Eritrean Migrant Repays Family Who Took Him In By Stabbing Their 11yo Child While Shouting ‘Die Die Die!’	none none none none none none none none none	Right
Private Investigator Says He Shared Two Epstein Female Fixer Names with Feds	gets into trouble annoyed to get away from personx mean gets called a snitch to be a snitch to have a conversation guilty to get a second opinion	Left
John Cornyn points out that government can only do so much but law-hungry leftists of course know better	none none none none none none none none none	Right
Hiding from ICE raids: 'People are terrified to go out on the streets'	people are safe scared to avoid danger scared get's some fresh air to be safe to have a gun scared to avoid the police	Lean Left
Pelosi hits Trump over use of 9/11 images to criticize Muslim lawmaker	people are offended angry to get even racist is yelled at to be a good citizen to be a racist happy to make people mad	Right
Video shows far-left activists storm ICE facility remove American flag — then raise Mexican flag	people are hurt angry to protest aggressive chinese  to be a racist to get people to leave happy to make a speech	Right
'April fools': what the papers said about the failure of indicative votes round 2	they get fired disappointed to argue ignorant gets yelled at to prove his innocence to be a fool disappointed to get a good grade	Lean Left
Notre Dame Celebrates First Mass Since Fire Destroyed Parts Of Iconic Church	people are hurt happy to pray religious gets burned to be a hero to have faith happy to repent for what they did	Left
This Video Reveals The Absurdity of The Russian Witch Hunt	they are shocked annoyed to argue with x arrogant gets yelled at to be a joke to have a video silly to laugh	Right
Premier League transfer news: Hazard Guardiola Insigne Eriksen Sancho	none bad to be correct aggressive none none to be a team player bad news to be respected	Lean Left
PTSD Can Supercharge Sex Drive and Researchers Aren't Sure Why	they get into a car accident annoyed to get a good grade curious gets arrested to be safe to be in the wrong field happy to get a new car	Lean Left
Libyans Stop Boats Carrying Hundreds of African and Bangladeshi Migrants to Europe	people get seasick annoyed to avoid the africans racist becomes a racist to stop the africans from becoming racist to be a racist happy  to be free	Lean Left
Bernie Sanders Got It Right on CNN: Felons Ought to Be Allowed to Vote	they get their vote happy to protest smart gets a raise to be fair to have a good reason to vote happy to be a good citizen	Left
Backfire: Senate Democrats Tweet poll pitting Ginsburg against Kavanaugh and guess what	none none none none none none none none none	Right
US sanctions to hit Iran's metals industry a major employer	they get into trouble angry to buy a plane greedy gets paid to be a success to have a reason to do it powerful to get a raise	Lean Right
Anchorage Hits 90 Degrees for First Time in Recorded History	people are surprised happy to congratulate personx young gets a medal to be a winner to be a professional happy to be successful in the next season	Left
Trump administration says it could take 2 years to reunite separated migrant families	people lose money sad to get back to work generous gets a raise to help people to have the authority sad to get back to work	Lean Left
University of Illinois at Chicago Missed Warning Signs of Research Going Awry Letters Show	people are in danger annoyed to get away from him careless gets scolded to be a bad influence to be in a car bad to avoid the wrong people	Center
Security Brief: Bolton’s Warning to Iran	people are affected scared to listen wise gets arrested to be a good leader to have the information nervous to make sure everyone is safe	Lean Right
Wasserman Schultz: No Surprise Trump 'Coddling' Acosta Who Protected Sexual Predator Epstein	none none none none none none none none none	Lean Left
Republicans plan to win House by appealing to women people of color. Because that will happen	vote for persony happy to win influential is a political leader to be a good example to be a politician happy to win the election	Right
A U.S. Marine Looks Back at Fallujah	they get shot at happy to go home curious gets shot to see the beauty of the land to be at a mosque happy to see the sights	Lean Right
Porsche offices raided in payments probe	loses money cheated to get their money back greedy gets caught to be rich to have a reason to do it satisfied to get a good deal	Center
Walmart plans $73 million in upgrades for Louisiana stores; here's where what to expect	they have to pay the money happy to get the best deal prepared to get money to be prepared to have a good product happy to be the best	Left
The Republican Party Is Losing Its Future	loses election sad to protest upset loses money to win to be in a political situation sad to win	Lean Left
Theresa May Is Hilariously Bad at Her Job	gets fired annoyed to fire personx bad gets fired to be a bad person to have a job ashamed to get a new job	Left
Trump warns China may delay trade deal to after US election	people are upset with person x upset to protest wise gets accused of a fraud to be correct to be in office good to make sure it's done well	Center
Schumer backs up Pelosi's resistance to impeachment inquiry	people are offended angry to get their point across stubborn gets arrested to be right to have heard the case justified to be heard by others	Lean Right
The Angle: Despite Their Recent Success Abortion Bans Are Extremely Unpopular	people get hurt sad to get rid of him unpopular gets praised to be successful to be in competition with others happy to get a new job	Left
Our Views: Don't shroud Louisiana's death penalty drug providers in secrecy	people are dead sad to avoid the death penalty cautious is avoided to be a good citizen to have been asked to do so by others good to avoid the law	Left
Rep. Steve King Belittles Hurricane Katrina Victims for Needing Help Unlike Iowans	people are attacked by the police sad to get help aggressive is accused of racist racist racist racist racist to be a better person to be in the presence of the police satisfied to get a new job	Left
Hundreds of thousands are set to march in London for a second Brexit referendum	none none none none none none none none	Center
First Facebook Censored Pro-Life Content. Now A Top Exec Donated A Million Bucks To Abortion Factory	none none none none none none none none none	Right
Cyclist narrowly avoids being crushed by blue-lighted fire engine making quick turn	people are hurt scared to get out of the fire cautious gets burned to avoid fire to be in the car scared to avoid fire	Lean Right
Sen. Elizabeth Warren introduces $1.2 trillion plan to tackle student debt	students are stressed upset to get a job done smart gets stressed to help the student to have the resources happy to make sure they are ok	Lean Left
Latino votes could swing the Democratic primary. And the candidates know it.	vote happy to vote smart gets a vote to be a good leader to be a political leader happy to win	Center
NJ Millionaires Tax Has No Chance Top Lawmaker Says	loses money sad to get a new client irresponsible gets stressed to be a failure to have a bad reputation sad to get a raise	Left
Joy turns to fear in Sudan as army takes control after ousting President	they lose their freedom scared to win scared gets killed to be safe to be a rebel scared to surrender	Lean Left
A Decline in Capital Investment Reveals the False Promise of Trump’s Tax Bill	loses money disappointed to get their money greedy gets yelled at to make money to have a reason relieved to get the money back	Lean Left
Not a ‘Racist Bone in My Body’ Says Trump as Pelosi Urges House to Condemn	people get offended angry to be racist racist bone to be honest to be a racist bone to be racist happy to be right	Lean Left
Burn. Build. Repeat: Why Our Wildfire Policy Is So Deadly	people get burned annoyed to listen to personx dangerous gets burned to be a good person to have a policy bad to keep the peace	Left
A key Mueller probe witness was just indicted with new felony sex trafficking charges	gets arrested angry to get a lawyer criminal gets arrested to be a witness to be a witness guilty to make a settlement	Left
Five numbers that explain US border crisis	people are affected grateful to thank personx smart gets called a hero to help people to know about the situation smart to help people	Center
Serbian leader calls for Kosovo compromise issues warning	they are forced to make decision angry to listen to personx dominant gets stressed to be in charge to have a problem with the kosovo satisfied to make a deal	Right
RNC accusing Democrats of 'deafening silence' over desecrations sends 74 American flags to top Dems	none none none none none none none none none	Right
This Is the Trump 2020 Video That Got Removed for Using the Wrong Superhero Movie Score	people are disappointed disappointed to be safe irresponsible none to be the best actor to be a bad actor happy to get back to work	Center
Disturbing Video Shows Clam Sushi Still Moving as it's Being Served	they eat happy to eat hungry gets full to be entertained to have the right sushi happy to get a drink	Lean Left
Myanmar holds repatriation talks with refugees	people get sick angry to get rid of personx aggressive gets arrested to be in control to have a reason to be a rebel happy to get a new job	Center
Wirecard spikes on report SoftBank is considering an investment	they get paid happy to get a good grade smart gets a report card to make a good decision to have a report card satisfied to make sure the information is accurate	Center
Colt Data Centre Services Announces Its Expansion in Frankfurt	people are asked questions annoyed to get a good deal smart gets a promotion to make a report to be in the presence of customers satisfied to make a report	Center
Republicans’ new smear of Rep. Rashida Tlaib can be easily fact-checked	they get a good grade annoyed to thank personx smart to be correct to be correct to have the information happy to be correct	Lean Left
Your Kids Will Never Love Their Siblings Exactly the Way You Love Them	gets hurt sad to be happy mean is ignored to be mean to be a parent sad to be a better parent	Left
Liberal Filmmaker Explodes at Van Drew (D)	gets shocked shocked to get revenge angry gets arrested to be mean to have the right equipment angry to get even	Right
Rapper A$AP Rocky freed from Swedish jail after U.S. hostage envoy warns of 'negative consequences'	people lose money sad to get away powerful is looked down on none to be a criminal sad to make sure they do not get caught	Right
EARTHQUAKE! American Humane Rescue Team Offers Tips to Keep Pets Safe Before During and After Earthquakes	people get bitten by dogs grateful to help the animals caring is called a racist racist racist to save animals to be a veterinarian happy to save animals	Center
Mueller Fears Trump’s Embrace of Russian Interference Could Be a ‘New Normal’	they are cautious around personx cautious to be safe cautious becomes cautious to be a better listener to be in russia nervous to be safe	Lean Right
Former Bush adviser: Senate should reject Stephen Moore	none annoyed to get their money back wise gets called a racist to be right to have a lot of experience satisfied to get a good grade	Lean Right
Pence: US astronauts will walk on the moon ‘by any means necessary’	they see them do well happy to see personx brave gets a medal to be a astronaut to be a pilot happy to get to the moon	Lean Right
Hunter Biden Reacts to Helicopter Over His Home: 'F*ck you Mr. President!	president happy to thank him scared pilot to fly a helicopter to have a plane pilot happy to get a plane	Lean Left
San Francisco Police Got a Warrant to Monitor a Journalist's Phone Before Raiding His Apartment	gets caught annoyed to find out what he is doing suspicious gets arrested to be safe to have the information nervous to get the information out	Lean Right
One restaurant's simple approach to fighting food waste	they eat annoyed to get away with it greedy gets dirty to eat to be hungry satisfied to eat	Center
The Sinking of the M.V. Sewol and the Confusion of Disasters	people get lost sad to get back on their feet ignorant gets yelled at to make things worse to have a problem sad to get a better job	Lean Left
Mohamed Morsi and the Passing of Egypt’s Democratic Moment	people are cheated annoyed to get away from personx arrogant gets praised to be a leader to have been invited to a political party happy to be a success	Lean Right
MS-13 members from L.A. charged in string of grisly killings prosecutors say	people lose their homes angry to get revenge criminal gets caught to punish people to be a member guilty to get a new case	Lean Left
Same-sex borrowers 73 percent more likely to be denied mortgage study finds	they get a new job disappointed to get a new mortgage irresponsible gets a raise to be a failure to have a bad experience sad to find a new place to stay	Center
Drug dealer fleeing police on motorbike hit and killed grandmother	grandmother is dead sad to call the police criminal gets arrested to be a criminal to be a dealer guilty to run	Lean Right
Sea of Solitude review - a dazzling and cathartic exploration of mental health	they get a lot of new information enlightened to help personx thoughtful is praised to be a better person to be in a bad situation happy to relax	Lean Left
Alabama governor denies reprieve for condemned killer	people lose their jobs sad to get rid of him willful gets arrested to be a good citizen to be a cop justified to be a hero	Lean Right
Detained Abused & Denied Medical Care: How Trump Immigration Policies Led to Child Deaths at Border	people are killed sad to help irresponsible is arrested to be a criminal to be a criminal sad to get medical help	Lean Left
Giuliani's Sunday talking point: 'There's nothing wrong with taking information from Russians'	they are grateful grateful to listen observant personx is misunderstood to be helpful to be in church satisfied to be understood	Right
All-female spacewalk cancelled over spacesuit sizes	people lose money annoyed to thank personx careless gets scolded to be a better person to have a reason why sad to be left alone	Lean Left
Manafort Tells Hannity in Text Exchange That He Would Have to Make Sh*t Up on Trump and Kushner For Mueller to Cut Him a Deal	none none none none none none none none none	Right
‘This Is Not a Burger King Buffet at Mar-a-Lago.’ Late Night Comedians Feast on Trump’s Buckingham Palace Visit	none none none none none none none none none	Center
House Dems Consider Flexing Their Power of the Purse in Trump Oversight Battles: Report	loses money annoyed to win the case wise gets called a fraud to be a good citizen to have the authority satisfied to win	Lean Right
Baker School District applying for $12.5 million USDA loan to help fund Baker High renovation	people get a loan from person x happy to have a good job to get a good job a good citizen get money to be successful to apply for a loan happy to make a profit	Left
'Unplanned': How former Planned Parenthood Director Abby Johnson became America's most influential ​anti-abortion activist	none none none none none none none none none	Right
What to expect at the second Democratic presidential debate	vote for person x happy to protest confident gets nervous to be in control to have the authority happy to win	Lean Left
Trump’s Strange Tense Campaign Against Iran	people are affected annoyed to get away with it aggressive gets arrested to be left alone to have a bad experience nervous to get away with it	Lean Left
Chris Lythgo confirmed Commissionaires National Chair	people listen happy to thank personx dominant gets fired to be a leader to have a meeting with the president satisfied to get a raise	Center
Karen Pence insists Pete Buttigieg misunderstands her family's religious beliefs	they get offended annoyed to listen to personx religious gets yelled at to be a good friend to understand the religious beliefs guilty to be a better person	Right
Mass Protests in Colombia and Abroad Decry Killings of 500 Activists Since Peace Accords	people are killed peaceful to be safe aggressive peace treaty with the world to be a good citizen to be in the presence of a racist group justified order	Lean Left
Ninth Circuit Temporarily Permits Trump Administration’s ‘Wait-In-Mexico’ Policy To Remain In Place	people are not allowed to enter the country happy  to be in good standing responsible to be safe to be a good citizen to be a part of the budget happy to be a perfect example	Right
Natural History Museum May Still Host Gala For Brazil Leader Who Stripped Amazon Protections	people get a lot of money happy to thank personx successful gets a reputation as a leader to be successful in his career to be a member of a group proud to get a good name	Left
The Trump Administration Is Planning Mass Video Proceedings for Immigrants in Tents on the Border	people are affected by the loss of money or goods happy to get out of the country organized gets accused of illegal immigration to be a good leader to have the authority happy to make a settlement	Left
Few sports are doing enough to protect athletes from brain damage	they get better grateful to win the game smart gets a scholarship to protect others to be a professional proud to win a championship	Center
Take That Hollywood: Georgia Governor Kemp’s Popularity Surges As Fetal Heartbeat Bill Progresses	people get nervous annoyed to get rid of him influential gets a lot of money to make money to have a bad reputation happy to be popular	Right
Betraying Its Own Bias Journalism Group Smears Daily Signal as Fake News	people get offended annoyed to be left alone mean gets called a racist to be a good person to have heard about it satisfied to make people believe them	Lean Left
Trump Acknowledged Someone Hid USS McCain To Please Him. Now He's Backtracking	gets a raise happy to get back at him smart is not trusted to be in control to have a reason happy to be successful	Lean Left
Imran Khan hopes to win over Donald Trump in first US visit	loses disappointed to win the game confident wins the race to win to have a strategy happy to win	Lean Left
HUD’s plan to remove shelter protections for transgender people would be ‘devastating’	people get hurt safe to stay safe aggressive to be safe to protect people to have the ability to protect people powerful to be safe	Lean Left
Boris Johnson says UK will leave EU on 31 October ‘do or die’	people lose money sad to go to the airport brave to be honest to be left alone to be in a bad mood sad to leave the country	Lean Left
Ukrainian President-Elect and Prime Minister Are Both Jews	people are affected annoyed to vote for the right people racist gets called a racist to make a difference to be a racist happy to make sure the people vote	Lean Right
IRS Eases Penalty for Taxpayers Who Paid Too Little	people lose money grateful to get their money back generous gets a raise to save money to be a politician justified to be a good citizen	Lean Right
Nepal Considering Everest Rules Change After 11 Deaths Overcrowding	people lose money happy to thank person x wise gets a raise to be a better person to have the authority happy to be a better person	Left
Advance notice of ICE raids may push immigrants toward unauthorized legal help	people lose their homes angry to protest cautious gets arrested to be a better citizen to be a government officer happy  to get rid of the immigrants	Lean Left
Theresa May hints at one last go for her Brexit deal but UK could face third election in four years	none none none none none none none none none	Lean Right
Demise of key nuclear pact looms as US Russia meet	people are affected by the event nervous to avoid the situation powerful gets attacked to be a threat to have a meeting powerful to win the conflict	Lean Right
Alexandria Ocasio-Cortez melts down over NY Times’ ‘glamour shot’ of former Trump aide Hope Hicks	none none none none none none none none none	Right
Joe Sanberg Dares Trump to Call Him a Socialist	gets nervous annoyed to get their money brave gets yelled at to be heard to be a racist happy to get a good grade	Lean Left
Sanders Laughingly Dismisses Biden’s Claim on Having the ‘Most Progressive Record’	they are surprised annoyed to listen smart gets a raise to prove his position to be a racist satisfied to be successful	Right
ThePokerDepot.com Launches Web-to-Print and Print OnDemand E-Commerce Application for Custom Poker Chips and Playing Cards	none none none none none none none none none	Center
Erdogan: ‘Solution’ Possible to Help Muslims Held in Chinese Concentration Camps	people are safe grateful to thank him helpful is thanked to be helpful to be a minister happy to help people	Lean Left
Doing Someone Else’s Uni Homework Could Soon Be a Crime in Australia	gets caught angry to get a better job criminal gets arrested to get away with it to have a reason for it guilty to be a hero	Lean Left
Joe Biden Courts Blue Collar Voters Says 'I Am a Union Man': Reason Roundup	people are persuaded annoyed to vote for the right person fair is a good citizen to be right to be in the union good to make a point	Lean Right
Tiananmen's tank man: The image that China forgot	they get paid for their work annoyed to help him careless gets money to be a good citizen to be in the presence of the chinese government sad to get a new one	Center
French Satirist Bemoans 'Stupid' New York Times Cartoon Ban	gets offended annoyed to tell personx to stop talking mean gets yelled at to be annoying to be in a comic book satisfied to be a jerk	Right
Riverside student hacks into school computers and changes grades authorities say	students lose respect for personx annoyed to teach personx dishonest gets scolded to be smarter to get a job smart to get the best grade	Lean Left
Wheeler pledges help for Miami’s water woes but ignores climate change	people are saved grateful to thank person x wise gets yelled at to be a good person to be a politician good to keep people calm	Lean Left
Trump will allow Americans to sue companies in Cuba	they get arrested angry to get their money greedy gets sued to be a good citizen to have a monopoly happy to get rid of competitors	Lean Right
The aftermath of deadly tornadoes in Missouri	people are dead scared to avoid the tornado scared gets killed to be safe to have been kidnapped by tornado scared to get medical help	Center
House Dems Get Dark Money Group After Introducing Bill Against Dark Money	loses money angry to get away with something greedy gets arrested to be a success to have the money sad to make money	Right
Cook County Judge Loosens Unusual Restrictions on Publishing Details of Child Welfare Case	gets a new book deal grateful to read the case smart gets a good deal to be a good judge to be a lawyer satisfied to be a good judge	Center
RNC Chairwoman 'personally' supports rape incest exceptions to abortion bans	people get sexually assaulted angry to get back at person x racist gets arrested to be a better person to be a minister satisfied to make a difference	Right
Hillary Clinton Says Election Was ‘Stolen’ From Her	gets shocked upset to protest mean gets arrested to be right to be a politician happy to win the election	Lean Left
Judge Agrees To Release Coast Guard Officer Accused Of Plotting Terror Attack	gets arrested angry to file a motion willful gets arrested to protect people to be a cop relieved to get rid of the evidence	Lean Left
These Horrifying Family Separation Cases Have All Happened Since Trump Ended the Policy	family cries sad to get away from the situation unintelligent gets stressed to be in control to be in court sad to get away with it	Left
John Tanton quiet architect of America's modern-day anti-immigrant movement dies at 85	people are more informed sad to thank personx racist gets arrested to be a racist to have been hired by a company sad to be successful in their career	Lean Left
The Hezbollah Sleeper Agent Busted for Black Ops in America	people get arrested scared to thank personx immoral gets arrested to be a racist to have a gun happy to get out of trouble	Left
'Genocide' Has Been Committed Against Indigenous Women And Girls Canadian Panel Says	women are discriminated against angry to get away from personx racist gets arrested to be a good citizen to be a racist angry to protest	Center
Ryanair announces plan to cut hundreds of jobs	people lose jobs angry to protest commanding gets fired to be a leader to be in charge satisfied to make sure the job is done	Lean Left
Oprah Always Travels With Avocados Grown From Her Own Orchard Because ‘It’s Ridiculous to Pay for Avocados’	none none none none none none none none none	Center
People Can’t Stop Laughing at James Comey’s Introspective Responses to the Mueller Report	gets punched annoyed to get personx's attention humorous gets scolded to be funny to listen to personx happy to ask persony questions	Center
John Paul Stevens Was Right: Citizens United Opened the Door to Foreign Money in U.S. Elections	people are affected by the new policy grateful to protest powerful gets money to be a good citizen to have the right information happy to get rid of foreign customers	Left
Everyone Is Screaming for Meryl Streep’s Big Little Lies Scream	gets shocked annoyed to get away from personx mean gets yelled at to get attention to have a bad experience guilty to be heard	Center
After Andy Ngo Beating It’s Time For Portland To Shut Antifa Down	people get hurt angry to get away determined gets tired to be polite to be in a bad mood satisfied to get a new start	Right
McConnell opens door to vote on Iran war authorization	people vote angry to protest aggressive gets arrested to win to be in a political party good to get a vote	Lean Right
Teenagers are better behaved and less hedonistic nowadays	they get a raise happy to thank personx intelligent gets praised to be a better person to have a good attitude happy to be a better person	Center
Trump’s made-for-TV moment in North Korea	people get tired happy to watch the movie lazy gets dirty to have fun to have a tv happy to be a better person	Center
'Pharma Bro' Martin Shkreli Loses Appeal Will Stay In Prison	gets arrested sad to get away from him guilty gets arrested to be a better man to be arrested sad to be free	Center
José Antonio Reyes former Arsenal and Spain player dies in car accident aged 35	people grieve for him sad to cry careless is arrested to be dead to be driving sad to be a hero	Lean Left
Jerry Nadler Was Born to Battle Trump	they cry sad to win brave gets hurt to win to be in war scared to win the game	Lean Left
Nearly 8 Months After Hurricane Michael Florida Panhandle Feels Left Behind	people lose money sad to get rid of him unlucky gets stressed out to move on to have gone to miami sad to go back home	Center
Lawsuit Seeks Class Action Status for Students Whose Due Process Rights Were Violated During Title IX Investigations	students are sent to jail to get their papers signed to get their papers signed willful is asked to sign petition to be a good example to have a class angry to make a report	Lean Right
WOW! Trump Hauls In Whopping $25 Million on Launch Day For Re-Election Campaign	people are affected by the event happy to thank personx powerful gets a medal to win to have a good reason happy to win the race	Right
June gold settles at $1285.40/oz up $11.20 or 0.9%	001 happy to win the game lucky is lucky to be a good driver to have a lot of money happy to be successful	Center
5 cool online startups that drop new products every single week of the year	people get new products happy to buy the new products rich gets a new product to have fun to have a job happy to buy new products	Center
Trump to Congress: It’s None of Your Business if I Break the Law	i'm not interested annoyed to get away from personx irresponsible gets arrested to be left alone to be a politician guilty to be a lawyer	Left
Scientists explain how climate change made Hurricane Maria so devastating	people lose their jobs enlightened to ask questions intelligent gets a raise to explain to know how to explain it good to make a report	Lean Left
Vox Sentences: Black churches are burning	people are burned angry to repent religious gets burned to be a christian to be a christian guilty to repent	Lean Left
The European Left Needs a Vision of the Future	they get a new job happy to thank personx ambitious gets a raise to be successful to have a vision happy to make sure they are ok	Left
Rep. Collins: Dems Should Be Upset Over Spying on Campaign	gets yelled at annoyed to get away with spying angry gets yelled at to be sneaky to have seen the video upset to get away with it	Left
Scientists discover remains of another unknown species of small human in the Philippines	they are surprised happy to wonder what the discovery is curious gets a new job to be a researcher to research curious to find out the truth	Right
An Australian Teen Hacked Apple Twice Hoping They'd Give Him a Job	gets hacked annoyed to thank him hopeful gets a new job to get a job to be in a gang sad to get a new one	Lean Left
In ‘Dignity’ We See The Faces Of Poverty And Our Forgotten Neighbors	people cry sad to be grateful humble gets a good name to be a good citizen to be in the presence of people sad to be a good citizen	Right
Missouri’s Last Abortion Clinic Faces Closure. OB-GYNs Are Fighting Back.	people lose their lives sad to get better determined is arrested to be a good person to be a doctor sad to get medical help	Left
Pence's abrupt travel cancellation sparks speculation	people are confused annoyed to get back on track rude gets fired to be heard to be in a meeting annoyed to get away from people	Center
David Blaine: magician accused of sexual assault	gets caught angry to run away mean gets arrested to be mean to be a magician guilty to run away	Lean Left
Trump tweets bizarre parody video suggesting he'll be president 4EVA	people are surprised annoyed to listen to personx arrogant gets ridiculed to be the leader to have a video happy to make a speech	Lean Right
Stacey Abrams Equates Abortion Restrictions with ‘Forced Pregnancy’	people are healthier worried to thank them responsible gets pregnant to be a good person to have sex relieved to be a good father	Lean Right
North Korea presents nuclear disarmament’s biggest challenge yet	people lose money angry to win the contest aggressive gets a medal to win to have a reason powerful to win the war	Center
Drunk driver busted when cops find gas pump nozzle attached to Range Rover	gets a ticket angry to get their car back careless gets arrested to be a cop to be driving upset to drive away	Lean Right
Yemen Hospital Reportedly Hit By Airstrike Killing At Least 7	people are dead sad to get medical help injured 000 people to kill people to be in the airstrike zone sad to get medical attention	Left
Stranded baby elephant rescued from lake	baby elephant is safe happy to thank personx brave gets a hug to save a life to have a cage happy to feed the baby	Center
Everyone loses when women like Serena Williams are forced to play fewer sets than men	they get into trouble disappointed to win the game unskilled gets yelled at to be more successful to be a cheater sad to win the game	Center
Long summer holidays are bad for children especially the poor	children cry sad to be left alone sad gets yelled at to have fun to have children sad to be a good parent	Center
Senators To Consumer Watchdog: Prove You're Protecting Student Borrowers	gets a good grade grateful to thank personx smart gets a good deal to be a good example to have a job satisfied to make sure the student is safe	Center
Immigrants in US military denied citizenship more often than civilians	people are forced to work hard annoyed to protest patriotic gets a promotion to be a patriotic citizen to have been discriminated against justified to be more careful	Lean Right
Trump thinks it’s funny that one of his supporters wants migrants to be shot	they are shot annoyed to get rid of him mean gets shot down to be a better candidate to be a leader happy to get a vote	Lean Left
Hezbollah Isn’t Just in Beirut. It’s in New York Too.	they are surprised surprised to get to know personx in the country is a foreigner to be somewhere else to be in a different country happy to be a good person	Lean Right
Jerks Landed a Helicopter on California's Wildflower Super Bloom	gets a sunburn surprised to thank personx skilled gets a sunburn to be a good pilot to have a license happy to get a new job	Lean Left
Jim Carrey and Alessandra Mussolini—Benito Mussolini’s Granddaughter—Are Feuding on Twitter	none none none none none none none none none	Left
Nike inks endorsement deal with basketball star Zion Williamson	loses money disappointed to win competitive gets yelled at to be a better player to be a player happy to win the game	Right
Cardinal Burke: Notre Dame Fire ‘A Sobering Reflection On The Destructiveness’ Of Our Times	people get into trouble annoyed to get back to work insightful is criticized to be a better person to have a bad experience satisfied to be correct	Right
Trump Administration Finally Wins a Sanctuary City Grant Condition Case	they lose happy to win the case proud gets congratulated to be a winner to apply for the grant happy to celebrate	Lean Right
Clerical sexual-abuse scandals strengthen the pope’s conservative critics	get more clients angry to get away with the behavior influential gets yelled at by others to make people believe them to be a racist satisfied to make more money	Center
This Week: Acting Pentagon Chief's Alleged Pro-Boeing Bias Gets New Attention	people get nervous annoyed to learn more influential gets nervous to be a better person to be a leader happy to be a good leader	Lean Left
Colorado's Oil And Gas Regulators Must Now Consider Public Health And Safety	people lose money grateful to avoid oil or gas fumes responsible they are more careful to be responsible to have the authority to do so responsible to be safe	Center
Celebrating the Texts of Those ‘Dead White Males’	gets hurt annoyed to ignore the texts mean gets yelled at by the females to be mean to be a racist sad to get attention	Right
Nancy Pelosi Has Chosen Her War and it’s With Her Own Party’s Future	they get into trouble happy to get away from him brave gets into trouble to be in charge to be in charge happy to be a leader	Left
Facebook’s cryptocurrency hopes hit a wall in Washington	they are disappointed in personx annoyed to read the books stupid gets caught to be a hero to have the books happy to get a good deal	Center
Coal CEO hosts Trump fundraiser as industry’s hurdles mount and workers are left behind	people lose respect nervous to get rid of him powerful is praised to be a success to be in charge powerful to get the job	Lean Left
US-Mexico border apprehensions soared to over 144K in May	people lost their jobs happy to get a good deal adventurous personx gets a ticket to be safe to have been robbed nervous to be successful	Lean Right
6 Crucial Facts You Need to Know About US Spending	gets into trouble informed to listen to what he says smart gets asked questions to be correct to have a conversation smart to make a report	Lean Right
Poll: Immigration ‘Most Important Problem’ Facing US	people are stressed worried to thank personx important gets stressed to be a success to be a leader worried to solve the problem	Lean Left
Little Kid Who Mistakenly Got a ‘Happy Birthday Loser’ Cake Has a Universally Relatable Reaction	people who were given the gift are surprised sad to celebrate untalented gets a gift to be a bad person to eat cake sad to celebrate	Center
Wayfair workers walk out to protest furniture sale to migrant detention center	people get caught angry to get their money mean gets arrested to be a good citizen to be a worker satisfied to make a profit	Center
Rep. Ilhan Omar slams 'bigoted' Trump administration for barring pride flag from foreign embassies	none none none none none none none none	Right
Jony Ive leaves Apple: the best devices from the designer’s 30-year career at Cupertino - and the worst	none none none none none none none none none	Lean Left
Niagara Distillery Opens In Niagara Falls	people are surprised happy to see the results adventurous gets arrested to be a good citizen to get a container happy to get a drink	Center
Donald Trump warns Megan Rapinoe not to 'disrespect' US flag at World Cup	people listen to person x offended to listen to personx authoritative is thanked to be respectful to know about it satisfied to make sure everyone understands	Lean Left
David Knight Show: Comey Threatens Trump Indictment Post-Presidency	to be honest angry to win powerful gets fired to be in charge to have a gun powerful to win the case	Right
Morehouse commencement speaker promises to pay off student loans for entire graduating class	gets a receipt grateful to thank person x responsible gets a receipt to help students to have a class happy to get paid back	Right
Disturbing report reveals Trump is allowing U.S. bomb parts to be built in Saudi Arabia — despite objections from Congress	none none none none none none none none none	Left
Cyanide-laced meteorites may have seeded Earth's first life	people are affected by the poison happy to avoid him dangerous personx gets sick from the chemicals to be a god to have a reason to kill happy to be a scientist	Right
TAC Bookshelf for the Week of March 18	they get a good grade happy to read prepared gets tired to be a good reader to buy a book happy to read	Right
Americans Are the Real Casualties of the Trump-‘Squad’ Showdown	loses respect nervous to win aggressive gets shot down to be the real casualties to be a team player defeated to be the best	Lean Left
We Hear You: Visiting the Border Patrol in Laredo Texas	gets attacked happy to go to jail curious gets shot to be safe to get a gun nervous to go home	Lean Left
Alan Dershowitz pens panicky op-ed in anticipation of a New Yorker ‘hit piece’ about him and underage girls	none none none none none none none none none	Left
China To Close Loophole On Fentanyl After U.S. Calls For Opioid Action	gets accused of cheating grateful to thank personx for their service smart gets arrested to be a good citizen to have the authority good to get rid of the poison	Center
Gaslighting On Abortion Intensifies As Georgia Passes Fetal Heartbeat Bill	people lose money scared to get help sick gets arrested to be a better person to have a fetus nervous to get help	Right
Mueller Reminds the Public: Trump Betrayed the United States	people are affected by the loss betrayed to get revenge influential gets yelled at to make a difference to have the knowledge powerful to be heard	Left
Trump to claim US is environmental leader in spite of ripping up protections	people are affected by the policies annoyed to protest aggressive gets yelled at to be a leader to have a lot of money justified to be a leader	Lean Left
MSNBC’s Mitchell: None of Trump’s Targets Are Socialists	they are more careful around people grateful to win smart gets promoted to be successful to be in charge proud to make a difference	Right
Nigel Farage Makes Trumpian Trouble with His New Brexit Party	gets yelled at annoyed to have a good time mean gets yelled at to be annoying to be a bad influence happy to make amends	Lean Left
Overworking kills more than 300 poll staff	lose money angry to win the competition greedy gets arrested to win the competition to be a racist satisfied to get a raise	Lean Left
Officials announce new investigation into infamous Atlanta child murders	people are dead scared to get away with murder curious gets questioned to investigate to have a report nervous to make a report	Center
High-Tax Illinois Faces a Progressive Tax Push	people get a bad name annoyed to get out of the tax bracket poor gets stressed out to be a better citizen to have a budget nervous to get a good deal	Lean Right
Gunfire from Mexico Crossed Border and Hit Texas Woman in Face Believe Police	gets arrested scared to call the police dangerous gets shot to kill a woman to be in a mexican country angry to get away	Lean Left
It may take 2 more years to end Congo Ebola outbreak	people die nervous to get rid of him slow gets sick to be thorough to have been shot nervous to go home	Lean Left
A Genuine Populist is Running for West Virginia Governor. His Donor Rolls Broke the State’s Campaign Finance Software.	none none none none none none none none none	Left
Keanu Reeves Was the Best Companion on a Bus Ride With a Bunch of Stranded Plane Passengers	none none none none none none none none none	Center
Lakes Erie Superior set records as water levels surge	people get wet happy to be respected powerful gets a promotion to be a better swimmer to be in water happy to get more respect from people	Center
Kellyanne Conway rips Nikki Haley for Trump criticism just as husband George urges the former UN ambassador to join ‘the right side of history’	none none none none none none none none none	Left
Media attorney CHARLES HARDER named to Variety's 2019 Legal Impact Report	people are more informed annoyed to win smart gets sued to be correct to be in court happy to win the case	Center
Gabbard: Harris Leveled ‘False Accusation’ of Racism at Biden	people are skeptical angry to get even mean gets caught to be right to be a racist justified to make people believe them	Right
Canvassing the 55 Percent of Rural Voters Wanting Medicare for All	people get sick grateful to get their money back helpful gets paid to help the people to have a good view happy to make a difference	Left
US government is forcing Chinese owners to sell Grindr	people lose their jobs upset to get their money demanding gets a commission to be in control to have the right people powerful to make a profit	Center
‘What a snob’: Alec Baldwin says Trump ‘fooled all these flyover Americans’ (cue backpedaling!)	none none none none none none none none	Right
Saudi Arabia Plans To Let Women Leave The Country Without The Permission Of A Man	gets into trouble sad to go home mean gets arrested for illegal immigration to be alone to be a minister sad to get back to work	Right
Patrick Beverley Jared Dudley and the Art of Being an NBA Pest	they get paid well annoyed to get rid of him talented gets scolded to make people angry to have a talent satisfied to be a good person	Left
Libya may shut migrant detention centres after deadly airstrike	people lose jobs sad to protest against the law responsible gets caught to be a good citizen to have a bad reputation relieved to be a good person	Lean Left
The Descendants of Slaves in Nigeria Fight for Equality	people lose money sad to get away from him racist gets arrested to be racist to have been enslaved proud to be a racist	Lean Left
The real reason NRA leaders are suddenly eating each other alive	gets sick angry to be left alone mean gets arrested to eat to be hungry satisfied to get rid of the food	Left
Ten Things You Need to Know Today: Sunday 21 Jul 2019	people are saved by the people of the church grateful to thank him smart is praised to know the truth to be a priest happy to get a good grade	Lean Left
Extremist materials found at home of Gilroy Garlic Festival shooter source says	people are shocked surprised to find out what happened curious gets arrested to be accurate to have a weapon happy to make money	Lean Left
Brutal truth behind honour killing of 17-year-old Shafilea Ahmed is told in chilling documentary	none none none none none none none none none	Lean Right
ISIS recruit from Coventry 'has been executed by terror group as a Western spy'	they are killed scared to kill personx aggressive gets killed to be feared to have been killed scared to kill the people	Lean Right
Meet The Radical Technocrat Helping Democrats Push Single-Payer	people are saved annoyed to protest the policy smart gets arrested to be a racist to be a racist satisfied to be a better person	Right
Joe Biden Defends Non-Apology to Anita Hill: ‘I Don’t Think I Treated Her Badly’ During Hearings	none none none none none none none none none	Lean Left
Federer makes winning French Open return after 4-year absence	they are congratulated happy to win talented gets congratulated to win to practice happy to celebrate	Lean Left
WNBA Suspends Riquna Williams For 10 Games Over Alleged Domestic Violence	people are hurt angry to get back at person x mean is arrested to be a good sport to be a bad sport justified to be the boss	Center
Don Lemon Admits AOC Faked Black Accent	gets confused annoyed to get away from him mean gets asked questions to be funny to be a liar embarrassed to be deceptive	Right
Iran Says It Will Break Uranium Stockpile Limit Agreed On In Nuclear Deal	people lose their jobs angry to buy a new product smart gets money to be correct to be a scientist good to buy a nuclear weapon	Left
Ethiopian Airlines was a symbol of national pride. Then disaster struck	people are affected sad to help him powerful is praised to show his wealth to be in a plane crash proud to be successful	Lean Left
Red Cross ready to aid Venezuela warns against politics	people get hurt grateful to protest smart gets criticized to be a good citizen to have an interest in politics good to make a speech	Lean Right
Global $397.2 Bn Facade Systems (Residential and Non-residential) Market 2018-2019 & Forecasts to 2023	none none none none none none none none none	Center
Here’s What You Need to Know About Indonesia’s Massive Elections	people lose money grateful to protest powerful gets accused to help to be in power satisfied to get a good deal	Lean Left
Iran rolls back nuclear pledges but stops short of violating pact	people are offended angry to protest willful gets ejected from the country to stop something from happening to be a rebel satisfied to avoid conflict	Right
US Says Venezuelan Plane Aggressively Shadowed a US Military Aircraft	people get killed angry to get away from the situation aggressive gets into trouble for flying to be a bad influence to have a plane proud to fly	Left
Feds probe MTA overtime king Thomas Caputo and other LIRR workers	loses money annoyed to get a new job greedy gets yelled at to get the job done to be a manager satisfied to win the case	Lean Right
6-year-old boy hospitalized after dingo attack in Australia	gets a new friend sad to make sure they are ok young gets a cast to be safe to have been shot by a bullet scared to be treated	Lean Left
Antifa Plasters Posters Around Washington DC with Tucker Carlson’s Address as Warning — After Attacking His Home Last Year!	none none none none none none none none none	Right
A Better Address Can Change a Child’s Future	they learn more happy to thank personx smart gets a new job to be a better person to have a better understanding of things happy to be a success	Center
Reddit group becomes flashpoint in sex abuse scandal at La Luz del Mundo church	none none none none none none none none none	Lean Left
Biden Sorry He Didn’t ‘Understand’ How Accusers Felt Will ‘Change’ How He Campaigns	they get a new perspective sad to listen wise gets stressed to be a good person to have lost his job sad to be right	Lean Right
When an alligator breaks into your house at night	gets startled scared to get their stuff back mean gets arrested to be a thief to be in the house at night scared to run away	Center
Trump’s Immigration Deal With Mexico Is a Nothingburger	gets cheated annoyed to get a passport unintelligent gets caught to get a better deal to be a mexican citizen nervous to get a new passport	Left
RIOTS IN FRANCE! After Algeria Wins African Cup — Migrants Terrorize Women Taunt Marine Le Pen It Took Us Just 3 Hours! to Take over Paris	none none none none none none none none none	Right
Cory Booker’s plan to fix the housing crisis and make renting affordable	they get a new home grateful to thank personx responsible gets paid to live in a better area to have a plan happy to move out of the apartment	Lean Left
Syrian woman's 2200-mile journey to 'save' her daughter	daughter is safe grateful to thank personx helpful gets thanked to save her daughter to get in the car happy to be a good friend	Center
Before the double-dealing allegations there were red flags over $30-million DWP contract	people are angry angry to win aggressive none to be a good salesman to have a reason angry to get even	Lean Left
‘Stonewall Generation’ Confronts Old Age Sickness — And Discrimination	people are treated better annoyed to get away with it smart gets arrested to be a good citizen to be a racist good to get a job	Left
Tourist boat sinks in central Budapest	people are killed sad to go fishing adventurous gets seasick to be in a different country to go to the place sad to get out	Lean Left
Beto O’Rourke wouldn’t get rid of just the existing border wall but maybe the citizenship test too	none none none none none none none none none	Right
Pat Gray: We are one step closer to '1984'	they are disappointed happy to see how they did hopeful gets a tan to be a success to be a student of the same class nervous to get the job	Right
A Woman in China Tried to Cure Her Cancer by Swallowing Maggots	they get sick grateful to help her brave gets sick to be healthy to have a reason sick to get a treatment	Lean Left
Jussie Smollett's Attorney Suggests Attackers May Have Been In 'WHITEFACE'	they are surprised angry to get out mean to be correct to be right to have been accused of a crime justified to win	Right
Boeing sees me as its ‘piggy bank’ Lion Air co-founder says	gets mad annoyed to get rid of him greedy gets yelled at to be mean to have a reason to do so happy to get a new employee	Right
Syrian troops take village in last rebel stronghold	they get killed defeated to surrender the village brave gets attacked to be a rebel to have the supplies powerful to take a break	Center
CNN's Cooper: Trump's 'Cruelty' Is 'Not a Bug of the System It’s a Feature'	people are affected annoyed to get rid of the bug mean people are more careful to be a pest to be in a position of power happy to be a good listener	Lean Left
William Barr doubles down on campaign spying claims slams Democrats	they get into a fight angry to get their point across mean gets arrested to be a leader to have a reason to do it satisfied to win	Lean Right
Believe it or not the British pound is one of world’s best-performing major currencies this year	none none none none none none none none none	Center
Border Patrol Rescues Five Migrants near Texas Border	people are saved grateful to get away brave gets arrested to be a hero to be a cop accomplished to get a new job	Lean Left
Pete Buttigieg shows how to campaign on values in the age of Trump	people get into trouble impressed to vote smart gets ridiculed to be a leader to have a good reason good to be a leader	Lean Left
‘It snuck up on us’: Scientists stunned by ‘city-killer’ asteroid that just missed Earth	they are dead sad to be safe careless gets killed to be safe to be on a moon sad to get away	Lean Left
Sri Lanka Blames Easter Bombings On Local Jihadis	people are hurt sad to avoid him mean gets yelled at to be a good person to have seen something guilty to apologize	Right
Republican-led Maryland commits to sweeping clean energy standards	people are clean grateful to thank personx responsible gets tired to be clean to be a politician happy to clean up the mess	Lean Left
GLAAD Poll: Young Americans Are Increasingly Uncomfortable With LGBTQ Culture	they are avoided annoyed to avoid personx ignorant gets stressed to be a racist to have been taught how to behave in a culture uncomfortable to avoid people	Right
Brexit Is Making Britain Look Weak	people are weak weak to avoid him weak gets criticized to be a leader to be a leader powerful to be successful	Lean Left
Farage's Brexit Party Smashes 100000 Registered Supporters Target Aims to Pass Tory Party	none none none none none none none none none	Right
A Nasty Swine Flu in China Means Big Trouble for US Farmers	people get hurt sad to avoid him mean gets sick to get away with something to have a bad reputation bad to get away with it	Left
California Legislators Urge Caution but Greenlight a Plan That Could Lead to the Widespread Use of Forestry Offsets	none none none none none none none none none	Center
Clapper Believes Barr Used The Term ‘Spying’ During Hearing ‘Deliberately’	they are shocked annoyed to listen to personx smart gets accused to be correct to be in a meeting satisfied to tell everyone about it	Lean Left
Trump and Putin Joke About the US Problem with Fake News	people laugh at person x annoyed to laugh mean gets laughed at to make people laugh to be a fraud happy to make people think they are funny	Lean Left
China tariffs devastating says soybean farmer	people are forced to buy food annoyed to get away from him mean gets accused to be a good farmer to have a reason to be racist happy to make sure the crops grow	Center
Asylum-seeker falsely accused of gang ties by border officials is reunited with kids after 184 days	none none none none none none none none none	Right
Beto O’Rourke Plans to Give Minority Americans More Loans	they gain more money grateful to thank personx generous gets thanked to help them to make a decision happy to help them	Lean Left
Venezuelan regime circles opposition leader Guaidó	gets stressed annoyed to win the race aggressive gets promoted to be a leader to be a leader happy to be successful	Center
Californians Flood Gun Stores When Magazine Ban Is Lifted For One Week	people get killed angry to get rid of the gun stores irresponsible gets arrested for smoking to be safe to have a reason to buy gun guilty to get more money	Right
What We Do in the Shadows Just Staged the Greatest Celebrity Vampire Reunion of All Time	people are jealous happy to be entertained famous gets praised to entertain to be a celebrity happy to get a good name	Left
Netflix thinks we won’t notice if it just remakes A Quiet Place with different actors and a new title	none none none none none none none none none	Center
No US president has intervened as unapologetically in recent years in British affairs as Trump	people are shocked surprised to thank personx smart is praised to be a leader to be a representative happy to be successful	Lean Left
Boeing CEO Muilenburg: Confident in the 'fundamental safety' of 737 Max	they are safe happy to be safe confident none to be safe to be in charge proud to make a difference	Center
Manchester City accuse Uefa of leaks amid Champions League ban threat	people are scolded by personx angry to get away from the situation angry gets accused of leaks to get rid of the leak to have a leak leak in their car angry to get a new job	Lean Left
As Ilhan Omar Said Trump Is a Fascist — and His Rallies Prove It	people listen to personx's arguments annoyed to listen to personx arrogant is well known to be true to be in a political party justified to be right	Left
‘Obliteration like you’ve never seen before’: Trump threatens Iran in NBC interview	people lose respect for personx scared to avoid personx mean gets arrested to be a threat to be a politician satisfied  to get away with it	Left
Dow industrials end more than 260 points higher up 1%	they lose happy to win the race smart gets promoted to win the game to work hard happy to be successful	Center
Viral Search Helps Woman Find Man And Child She Photographed Before Notre Dame Fire	gets burned grateful to find a husband helpful gets thanked to be helpful to find the man happy to get a reward	Left
Journalist Who Peddled Shoddy Kavanaugh Story Defends Al Franken	gets offended annoyed to listen smart gets yelled at to be heard to have heard the story good to get a better deal	Right
Biden unveils health plan doubling down on the Afforable Care Act	gets sick grateful to thank personx responsible gets a raise to be helpful to have the knowledge happy to help others	Right
As Joe Biden Hints at Presidential Run Andrew Cockburn Looks at His Disastrous Legislative Legacy	gets nervous annoyed to protest manipulative gets yelled at to be transparent to be in charge happy to be successful	Lean Left
Injured turtle saved by a bra	they get a new one happy to help him lucky gets compliments to save money to buy a bra happy to be safe	Lean Left
Supreme Court Deserves Praise for Reversing Itself on Takings Clause	they are disappointed disappointed to win smart gets a raise to prove his innocence to have a bad reputation satisfied to be a better person	Lean Left
Heartbreak anew after 2 Parkland teens Sandy Hook father dead from apparent suicides	father dies sad to cry unlucky gets killed to get back on track to be in school sad to be free	Right
All 21 Marvel Superhero Films Ranked	people are amazed amused to watch them more brave gets a lot of attention to be entertained to be a comic happy to be a hero	Right
Improved Prosthetic Hand Has A Lighter Touch And Easy Grip	gets hurt happy to thank personx skilled gets complimented to be able to move faster to practice happy to be more careful	Center
Homeless Man Sentenced to 5 Years Probation in $400000 GoFundMe Scam	gets caught sad to punish him bad gets caught to be a good citizen to get caught sad to get out	Center
Trump’s ‘Madman Theory’ of Trade with China	people are skeptical annoyed to argue stupid gets into trouble to be a fool to be in the wrong place at the wrong time stupid to make a deal with the chinese	Lean Right
Republicans Plan to Rig Elections for a Decade	people lose money annoyed to protest smart gets elected to win to have a plan happy to win the election	Lean Left
Kim Jong-un sets conditions after Trump suggests third summit	people lose respect happy to listen to personx confident gets fired to be a leader to have a meeting happy to make a decision	Lean Left
Ocasio-Cortez Puts the Postal Service on the Path to Ruin	people are affected angry to get rid of personx mean gets scolded to be mean to have the right tools powerful to get rid of them	Right
New York lawmakers introduce legislation to decriminalize sex work	people are discriminated angry to get a new job powerful gets a raise to be a better citizen to be a politician happy to enforce the law	Lean Left
Stephen Colbert Tears Into Trump’s Mueller Report Response: ‘That’s Not How an Innocent Person Reacts’	none none none none none none none none none	Center
Europe failed to act after the 2003 French heatwave. We cannot ignore this one | Ruben Hallali	none none none none none none none none none	Lean Left
Virginia Beach Shooting Leads Governor to Call Special Session on Gun Violence	people are shot scared to get rid of him brave gets shot at to be a hero to have a gun happy to make sure everyone is safe	Center
Letters: Article seemed to blame victim in rape case	gets raped sad to get away mean gets arrested to be a hero to have a reason to be accused guilty to be vindicated	Left
Creepy Porn Lawyer Michael Avenatti Endorses Mollie Hemingway’s Kavanaugh Blockbuster: ‘Complete Trash’ By ‘Complete Hacks’	none none none none none none none none none	Right
St. Louis Prosecutor Wesley Bell Launches Independent Unit to Hold Police Accountable	police lose their jobs angry to get a new case authoritative gets arrested to be in control to be a police officer justified to make a settlement	Left
Jay Inslee has a radical plan to phase out fossil fuel production in the US	people are affected by the event annoyed to protest smart gets stressed to be a racist to be a racist satisfied to make sure it works	Lean Left
U.S. military contractor found alive after he was reported killed in Afghan bombing	people mourn sad to mourn dead gets arrested to be safe to be in iraq sad to get a medical bill	Center
Trump Finds His Red Line on Iran	gets hurt by the loss angry to get revenge greedy gets a promotion to get a job to have a red line happy to go home	Lean Right
Tom Hanks on parting with 'Toy Story' character Woody: 'It was terrible'	gets hurt sad to cry mean personx is scolded to be mean to have a bad day sad to cry	Right
McConnell Challenger Video Missing Marine DoD Endorsement Disclaimer	to be honest to get a new job to get a new job smart gets yelled at to be correct to have been asked for advice bad about it to get the truth out	Right
South Africa says unemployment at highest level in a decade	people are affected by the increase in unemployment annoyed to get a raise rich gets a raise to be a good worker to be in a foreign country satisfied to get a raise	Center
We Asked People Who've Never Smoked Weed What They Think it'd Feel Like	they get burned annoyed to get away with smoking curious gets rejected to be healthier to have cancer satisfied to get some smokes	Lean Left
Egyptian Monks Face Death For Murdering Abbot	people die scared to be left alone brave gets arrested to be feared to be a monk powerful to be a monk	Right
Chinese Soldiers Think It’s Impressive And Intimidating To Jump Into Some Mud	they get into trouble impressed to get out of the mud brave gets dirty to be impressive to see something scary proud to jump out of the mud	Right
Baltimore Writer D. Watkins: We Speak for Ourselves: A Word from Forgotten Black America	none surprised to write a book smart is well known to be a writer to write good to write about it in a journal	Lean Left
Navy SEAL Acquitted of Murder Is Sentenced Over Posing With a Corpse	people mourn sad to get away criminal gets a death penalty justice to have a murder weapon sad to be a hero	Center
Dad plunges to his death after falling asleep and rolling off hotel balcony	they cry sad to wake up exhausted gets hurt to be dead to be tired scared to wake up	Lean Right
Clashes break out at Jerusalem holy site	people get injured angry to get away from personx violent gets arrested to be mean to be in jerusalem happy to be a leader	Center
Newly Released Files Document the FBI's Participation in the Hunt for Bigfoot	they get caught grateful to get their files back responsible gets arrested to help the hunt to have a reason for it satisfied to get a new client	Lean Right
Raw Data: Workers Earning Minimum Wage	workers get paid happy to work harder hardworking gets promoted to be efficient to have a job happy to get a raise	Left
Manny Pacquiao Might Be Making a Terrible Mistake	they get into trouble annoyed to avoid him careless gets fired to be right to have a mistake bad to make things right	Lean Left
Two very different executions show the Supreme Court’s anti-blackness and Islamophobia	people are killed annoyed to get away racist is avoided by people to show his power to be a judge satisfied to be right	Lean Left
Lyft IPO sets the stage for Uber listing later this spring	people applaud happy to listen to personx prepared gets paid to be a star to be a performer happy to make a good impression	Center
Burger King calls police for help with bobcat trapped on roof	gets called a hero scared to help scared gets arrested to be safe to be in the car scared to get help	Right
House Republicans spin CBO report to claim $15 minimum wage is socialism	people are affected annoyed to get their money racist gets yelled to be a good citizen to have a bad attitude good to get the right result	Lean Left
The Growing Crisis of Guns on Campus	people are hurt scared to get away from the situation violent gets stressed to cause trouble to be a cop scared to get a new gun	Lean Left
Florida man describes 'shocking' alligator attack on 5-year-old granddaughter in lake	screams scared to run brave gets scolded to be informative to have a reason to do it happy to make her cry	Right
Donald Trump goes completely bonkers as House Democrats seize his financial records	people lose money sad to win the election irresponsible loses money to win to be a democrat sad to get a raise	Left
The Alex Morgan Tea-Sipping World Cup Celebration Is the Ultimate Power Move	people drink happy to thank personx powerful gets drunk to be a good person to have a cup happy to have fun	Center
Warren has lots of plans. But not on health care.	they are stressed worried to help them irresponsible gets sick to avoid sickness to have a bad day worried to get better	Center
Chinese billionaire faces charges in $1.8-billion scheme to smuggle aluminum through L.A.	they lose money cheated to get their money back rich gets arrested to be successful to be a good citizen happy to get out	Lean Left
House Democrats rush to pass border aid bill before July 4 Trump vows veto	people are killed happy to vote greedy gets arrested to be in control to have the authority happy to be a good citizen	Right
In Guantánamo Case U.S. Government Says It Can Indefinitely Detain Anyone — Even U.S. Citizens	people lose their jobs bad to be safe powerful is arrested to be correct to be in government happy to be correct	Left
Democratic Presidential Candidates Endorse Pro-life House Democrat’s Primary Challenger	people are voted out of office happy to protest powerful gets a bill for election to be a good leader to be a candidate happy to make sure the candidate wins the election	Lean Right
Chicago’s Police Accountability Office Fails a Major Test	gets a bad grade angry to give personx a warning irresponsible gets scolded to get better grades to do something wrong sad to get a better job	Left
Family pay tribute to a 'loveable larrikin' after a car packed with teens T-boned him	none none none none none none none none none	Lean Right
Kellyanne: Pelosi Treats Me Like I'm Her Maid	gets hurt annoyed to be left alone mean gets a kiss to treat me well to be in charge superior to be a good friend	Left
Marijuana bill dead: New Jersey lawmakers to move forward with referendum	people are arrested angry to get rid of him determined gets arrested to get rid of the old ones to have a problem sad to make sure they do not get caught	Center
Doctor Fined $100000 for ‘Anti-Vax’ Social Media Posts	people are upset angry to keep the post mean personx is reprimanded to be a jerk to be in a bad mood guilty to keep their privacy	Right
LAPD officers will fight British cops in charity boxing event	people get hurt annoyed to win the fight brave gets arrested to be a hero to be in the presence of the cops happy to get a promotion	Lean Left
Meet the Underground Feminist Group That Provided Abortions Before Roe	people get killed angry to protest racist gets arrested to be a racist to be in the group satisfied to get rid of them	Left
‘NOW do abortion. We’ll wait.’ Ilhan Omar doubles down on her gun violence claim and only makes herself look even WORSE	none none none none none none none none none	Right
As San Francisco District Attorney Kamala Harris’s Office Stopped Cooperating With Victims of Catholic Church Child Abuse	get caught angry to get out righteous gets arrested to be a good citizen to have a reason to stop the cases satisfied to make sure the case is closed	Left
Democrat Rep. Al Green Moves To Impeach Trump for his Attacks on 'The Squad'	gets demoted angry to win the election aggressive gets arrested to win to have a reason to do so justified to win the election	Lean Right
Zachary High coach hosts summer baseball camp	play happy to play baseball athletic gets tired to have fun to get a baseball glove happy to have fun	Left
The Planet Is Heading to Catastrophe and Joe Biden Apparently Wants to Take the Middle Ground	people are killed scared to avoid the planet brave is defeated to get out of the situation to have a bad experience nervous to be safe	Left
Putin Xi Assad and Maduro vs. the American Hegemon	they are defeated angry to get away smart gets into trouble to get rid of his enemy to be in charge happy to get away with it	Right
Ex-headteacher 65 stricken by motor neurone disease prepares to end his life at Dignitas	none none none none none none none none none	Lean Right
Terrified city workers in Virginia Beach shooting: All you could hear was gunshots	people are shot scared to run away loud people screaming to kill people to be a gun shot scared to run away	Lean Right
Jimmy Carter: Trump ‘Didn’t Actually Win the Election’	they are disappointed disappointed to congratulate personx defeated gets ridiculed to be disappointed to have won sad to celebrate	Right
Dem Rep. Sherman: Impeachment 'the Only Thing I Can Get on TV to Talk About'	people are affected by the news annoyed to listen to personx smart none to be heard to have a reason to do so satisfied to get people's attention	Lean Left
Donald Trump’s new last ditch dastardly plan to save himself	gets hurt happy to thank personx for saving them brave gets arrested to be saved to have a plan relieved to get away with it	Left
Jesus Army: shocking reports of life inside Christian cult	people are killed scared to get away from the cult religious gets killed to be in a cult to have seen christian cult scared to kill the cult	Lean Left
Democrats introduce bill to reverse Trump's Muslim ban	people vote sad to protest racist gets called a racist to be racist to be a racist happy to change their ways	Right
Sri Lanka Troops Raid Militants Linked To Bombings Find 15 Bodies In House	people died sad to kill the terrorists violent kill people to kill people to get the people's attention sad to kill people	Left
Screenwriter with HIV racked up thousands in debt by pretending to be dead brother	gets money sad to get rid of him immoral gets caught to get money to have a brother guilty to get money	Lean Right
There Aren’t Mass Marches But There’s Still an Antiwar Movement	people are in a bad situation happy to protest religious is arrested to protest to be in a protest march happy to be a good leader	Left
Maher to Schiff: It Looks Like You’re ‘Stalking’ Trump Now	gets nervous angry to get away from personx mean gets arrested to be in control to have a reason to stalk justified to get rid of me	Right
Italy explains refusal to recognize Venezuela's Guaido	they learn about it too annoyed to get an answer stubborn gets rejected to be stubborn to be a foreigner annoyed to be a good example	Right
Cricket World Cup’s summer dream is turning into a washout nightmare | Adam Collins	gets hurt sad to get revenge on personx for his mistake ambitious gets stressed to have fun to have a dream sad to get out of the situation	Lean Left
Starbucks Promised a Recyclable Drink Lid. Don’t Believe the Hype.	people are offended annoyed to listen untrustworthy gets yelled at to be polite to be a leader satisfied to be heard	Left
Donald Trump’s impeachment turns crucial corner	people lose respect for personx annoyed to listen to personx smart gets yelled at to be a better person to be in charge of a situation bad to change things	Left
Democratic Candidates Court Black Voters; Biden Apologizes	vote angry to protest racist gets a black eye to be a good citizen to have been asked to vote guilty to make a speech	Left
NRA: Supreme Court Should Move Forward on Gun Case Despite NYC Attempt to Undercut Suit	none none none none none none none none none	Right
The Senate just extended the September 11th Victim Compensation Fund through 2090	people lose money grateful to thank them for their service greedy gets a raise to get a better deal to have a budget satisfied to get a new budget	Lean Left
Frightening Drug-Resistant Infection Cropping Up Around The World	people are affected by the disease scared to get rid of him sick gets sick to be a bad influence on others to have been infected sick to avoid drugs	Right
Judicial Crisis Network’s New Ad: Dems Must Release SCOTUS Nominee List	people are affected by the change in the company angry to protest powerful gets fired to be a good citizen to be in a meeting happy to be a success or a failure	Right
Jeffrey Epstein prosecutors aided by ‘excellent investigative journalism’	people are saved grateful to win smart gets a promotion to be successful to have the skills satisfied to win the case	Center
S&P 500 Hits Fresh Record High on Trade Optimism	they are disappointed disappointed to encourage him smart gets a promotion to win to have been given a high score happy to get a new job	Left
The Cooking Cartoonist: Guilt-Free Ways to Prepare Octopus	they eat annoyed to eat the food unintelligent gets dirty to be a good cook to have the ability to cook happy to eat	Lean Left
Tillis' Democratic challenger brings in over $720000 in two weeks	people lose their homes happy to protest powerful gets a raise to win to have a lot of money happy to make a difference	Lean Right
Jeffrey Epstein Abused Victims While Serving Time in Florida Accuser’s Lawyer Says	people are hurt sad to get their money back mean gets arrested to defend his position to have been abused guilty to get their point across	Left
Buttigieg: Questions on Third-Trimester Abortions Are Hypotheticals	people are asked to leave the country annoyed to avoid personx smart gets called out to be accurate to have the knowledge smart to be correct	Right
New House Bill Would Bar Israel From Using U.S. Military Aid to Detain Palestinian Children	children are enslaved sad to get a better deal responsible is arrested the people to be in military sad to be a good leader	Left
Most-active gold futures end the month about 2% higher	loses money happy to win the competition determined loses money to win to be a good gambler happy to be successful	Center
Sri Lanka's Catholic Churches Cancel Sunday Mass A Week After Deadly Bombings	people pray angry to repent for their sins religious loses money to be religious to have a sermon guilty to repent	Left
YouTube faces federal investigation for allegedly violating children’s privacy	people are questioned annoyed to find out what happened smart gets arrested to be a better person to be in public nervous to get away with it	Lean Left
DC Comics Sends Cease And Desist Over Alexandria Ocasio-Cortez Comic Book Cover	people get caught annoyed to read comic books mean gets fired to be a comic to be a comic happy to be a comic book author	Right
Boris Johnson is at risk of losing his seat in the next election	loses money disappointed to win nervous gets nervous to be a better candidate to be in a political situation nervous to get back on their feet	Lean Right
The El Paso and Dayton shootings weren’t an aberration. They were a statistical certainty.	people get killed none none unintelligent a mistake none to be a statistic like a failure of human nature to be a statistic	Lean Left
Rod Rosenstein reveals damaging info about Obama admin's handling of Russia probe — then targets media Comey	none none none none none none none none none	Right
Rescue team search for British man who vanished after taking a jet ski out to sea in Tenerife	none none none none none none none none none	Lean Right
Game of Thrones: The White Walkers Are Coming	people lose respect for personx happy to be safe powerful gets praised to be powerful to be a king happy to be the king	Lean Left
After Baby’s Death Rhode Island 911 Operators May Receive Enhanced Training	people are saved scared to help skilled gets a raise to be helpful to be a manager sad to be successful	Center
This Week in Brexit: Theresa May Can’t Stop Won’t Stop	gets hurt annoyed to get away from personx persistent gets arrested to get it done to be in a fight with personx annoyed to stop	Left
North Carolina Man Pleads Guilty to 2015 Murder of 3 Muslim Students	people are dead sad to protest guilty gets arrested to get rid of a criminal to be a racist guilty to make up a story	Left
Mexico’s Government Still Foolishly Thinks It Can Reason With Trump	people are fooled annoyed to argue naive gets fired to be right to be in government stupid to get away with it	Left
Nasdaq on track for best monthly gain up 5.4% since January	they are praised happy to encourage him to keep up competitive gets a lot of money to be competitive to be in a competition happy to win the race	Center
Beto: We Must Defeat 'Dangerous' Trump or Risk Unraveling Our Democracy for Generations	people are affected happy to protest smart is praised to be a leader to have a good sense of ethics powerful to be successful	Lean Left
Exclusive--Buddy Carter: Mueller Hearings a 'Disaster' for the Democrats	loses money angry to get their point across influential gets yelled at to be right to be in a debate bad to win the election	Lean Left
Health Apps Can Share Your Data Everywhere New Study Shows	gain knowledge informed to learn smart gets thanked to be a better person to be a professor smart to be a good leader	Lean Left
August WTI oil up 21 cents or 0.4% at $58.68/bbl ahead of Nymex settlement	none none none none none none none none none	Center
Turkey and New Zealand row over the Christchurch massacre	people die surprised to thank him religious gets dirty to be a christian to go to church satisfied to be a success	Center
Democrats Pass Resolution To Condemn All Presidents Named Trump [Satire]	people vote sad to protest wise is looked down on to be correct to be a politician happy to vote for the president	Right
San Francisco Has Ditched Its Dumb 'IPO Tax' (For Now)	gets caught annoyed to find out what personx is doing irresponsible gets caught to be a better person to be a bad influence happy to get a new job	Lean Right
Emerging market stock funds suffer $3.8bn withdrawals	people lose money sad to make sure they are safe poor gets a receipt to make money to make a profit sad to make more money	Center
The Internet Is in Agreement. Tormund Is the Mood-Lightening MVP of Game of Thrones	gets excited happy to win confident gets a raise to win the game to be in charge of the game happy to win the game	Center
Earthquake: Magnitude 4.6 aftershock reported near Ridgecrest Calif.	people are shocked scared to get away from him violent is reported as an incident to be safe to be in the wrong place scared to be a hero	Lean Left
MLB to open New Delhi office in bid to gain India foothold	people are affected happy to thank personx greedy gets a new job to gain more influence to get a job happy to make a profit	Right
Ralph Nader's Grandniece Died in Ethiopian Plane Crash; Now He Is Urging Boycott of Boeing Jet	none none none none none none none none none	Lean Left
Arte Johnson ‘verry interesting’ comedian on ‘Laugh-In’ dies at 90	laughs amused to laugh funny is laughed at to be funny to be a comedian happy to tell a joke	Lean Left
Greta Thunberg teaches us about autism as much as climate change | Ian Birrell	people are influenced annoyed to listen to personx smart personx is a teacher to educate others to have knowledge satisfied to be thanked	Lean Left
Thousands of taxi drivers sign up against Uber claiming the service has left them bankrupt	gets angry angry to get their money back greedy gets yelled at to be in charge to be in the wrong business powerful to get a receipt	Lean Right
A Breakthrough in the Mystery of Why Women Get So Many Autoimmune Diseases	they are treated better grateful to get away from personx smart gets a disease to be a doctor to research smart to get a prescription	Lean Left
U.S. Eyes Plans to Cut Diplomatic Staff in Afghanistan Iraq	people are shot nervous to protest diplomatic gets attacked by taliban to be a diplomatic leader to get supplies nervous to get rid of the staff	Lean Right
Jussie Smollett could win an NAACP award—and host Anthony Anderson hopes he does: 'the system worked for him'	none none none none none none none none none	Right
Baseball is the only sport that justifies optimism on Opening Day	they get into trouble annoyed to listen to personx smart gets yelled at to be right to be a good sport justified to be successful	Lean Left
One Small Step for a President One Giant Leap for Pyongyang	people are influenced happy to protest ambitious gets praised to be a leader to be a politician happy to make a difference	Lean Right
The Outsize Imagination of Orson Welles	they get a good grade impressed to ask questions imaginative gets called out to be creative to be a dreamer happy to make a documentary	Lean Left
Mike Lee’s New Bill Would Enforce ‘No Regulation Without Representation’	people are affected annoyed to protest powerful gets yelled at to be in charge to have authority powerful to enforce rules	Lean Left
Don’t Let Beto O’Rourke Kill Medicare for All	gets hurt sad to be safe willful gets arrested to save others to be a doctor happy to save people	Left
Deficit Widens to $691 Billion in First Six Months of 2019	they get a lot of money happy to get a good deal powerful gets a lot of attention to be the best to have a lot of money happy to make a profit	Lean Right
The Double Talk of Trump’s Favorite Dictator	they get stressed annoyed to listen arrogant gets yelled at to be in control to have a lot of experience with the subject happy to be a dictator	Lean Right
If Comey Is Not Lying Then He Just Outed Australians for Using Mifsud to Entrap Papadopoulos	none none none none none none none none none	Right
Ukraine’s Presidential Election Proves the Country’s Democratic Spirit Is Alive and Well	vote happy to win the election influential gets praised to win to be a politician happy to win	Lean Left
Bernie Says ‘No’ to Pelosi’s ‘Incremental’ Approach to Health Care: Medicare for All	they are healthier sad to get better cautious gets sick to avoid disease to have a disease relieved to get better	Lean Left
When Nekhidia Harris was born doctors didn't think she would live past 3 days — now she's a college grad	none none none none none none none none none	Right
Perjury Fantasies: No Barr Didn’t Commit Perjury. Here Are the Facts.	is shocked angry to argue smart is not guilty to prove the facts to have seen the evidence satisfied to be correct	Lean Left
Kentucky Legislature Passes Bill Stripping Grimes of Authority Over State Board of Elections	people lose money angry to win the election powerful gets called a racist to be in control to have authority powerful to win	Center
9-Year-Old Pays School Lunch Debt for His Entire Class	gets a receipt happy to thank him for it responsible gets a receipt to be responsible to go to school happy to get a job	Lean Left
Hey Donald Trump the eyes of history are watching	people look at person x impressed to be entertained curious gets into trouble to be entertained to be watching something happy to be a hero	Left
German families plead for return of stranded ISIS children	they cry sad to go home desperate gets yelled at to be a good person to have lost their home sad to be a good family	Lean Left
The Mueller Report Was Just Released. Read It Here.	they are informed informed to ask questions about the report informed gets asked questions to be informed to read good to write it down	Left
EXCLUSIVE: Juanita Broaddrick on Bill Clinton's Jeffrey Epstein Statement: 'Your Denials Are Worthless'	you are wrong surprised correct rude are  correct to have a conversation satisfied to be correct	Lean Left
Jared Kushner’s telling indifference on refugees	they are forced to leave annoyed to get rid of him mean gets yelled at to be mean to have a reason justified to be left alone	Lean Left
The Controversy Over Old Town Road Reveals Problems Beyond Just Race	people are affected annoyed to argue smart gets yelled at to be a good citizen to have a good argument good to make people understand the issue	Left
Female Reporter Assaulted By ANTIFA Exposes Charlottesville	people are hurt angry to get away mean gets arrested to be a reporter to have a gun satisfied to get away with it	Right
Trump Slaps Back ‘Fake’ Reports Delivers Details On New Agreement With Mexico	gets a new job annoyed to get a new job dishonest gets yelled at to be a liar to be in mexico satisfied to make a deal	Right
Bernie Sanders: The Boss’s Worst Nightmare	to be safe scared to avoid him bad gets a headache to be scary to be a nightmare scared to be a nightmare	Left
Protesters flood London streets as Trump meets British Prime Minister	people get killed by the bombs annoyed to get rid of the people rude gets dirty to get people to vote to be in the presence of the public happy to make people angry	Center
Ilhan Omar in Her Own Words: I Know What Hate Feels Like	gets offended confused to listen to personx wise is misunderstood to be honest to be a teacher good to be a good listener	Lean Left
The Brexit Party Arrives in the European Parliament	people are invited happy to thank personx curious gets invited to the diplomatic party to be in control to get ready for the party happy to have a good time	Lean Left
Google Suspends Partial Business with China’s Huawei after Trump Blacklist	people are disappointed angry to punish him mean gets yelled at to be a better person to have a reason to be wrong guilty to get back to their job	Right
I regret to inform you that Trump’s lawyers are right about a crucial civil rights case	gets into argument angry to get their case cautious is yelled at to be correct to be in court sad to get a lawyer	Lean Left
It’s Illegal for Federal Officials to Campaign at Work. A Trump Official Just Did So.	people are affected by the information annoyed to protest corrupt gets arrested to win the election to have the authority happy to get a good deal	Center
Man charged with killing 7 elderly women	are dead sad to get revenge violent gets arrested to kill women to be a criminal guilty to make sure the women are dead	Center
Taiwan puppet master's push to keep ancient art alive	people are grateful to personx grateful to thank personx talented gets praised to be a good teacher to be a teacher happy to teach the art	Center
The Surprising History of the Standard Deduction	they learn something new surprised to ask questions smart gets a good grade to be correct to have a lot of knowledge smart to be right	Lean Right
Israeli soldiers routinely detain Palestinian children for throwing rocks	children are hurt scared to get away mean gets arrested to protect children to be in military happy to keep the children safe	Lean Left
‘Miracle’: Plane crashes into Florida river but no deaths	people are dead sad to cry lucky gets hurt to be a good swimmer to be in florida sad to get a new job	Center
Man's stressed friend: Dogs feel owners' anxiety	gets stressed worried to make personx feel better worried gets stressed to feel better to have a dog worried to get a dog	Center
Missouri Could Become the First State Without an Abortion Clinic	people are healthier happy to help personx sick gets arrested to get rid of cancer to have a reason relieved to get a better job	Lean Left
The Flip Side of Billionaire Robert Smith’s Student Loan Surprise	gets shocked surprised to get their money back rich gets a big check to make money to have a lot of money happy to make sure they are ok	Lean Right
Game of Thrones: Attack of the Killer Zombies!!	people are dead defeated to get away from the killer evil gets killed to kill to be in the wrong place at the right time powerful to kill them all	Lean Left
Ukraine Seizes Russian Tanker Frees Crew After Moscow Threat	russia angry to get away from him aggressive gets a bad reputation to be a bad influence to have the authority angry to make sure the shipment is safe	Right
The U.S. Can’t Make Allies Take Sides Over China	people lose their jobs angry to get rid of him aggressive gets yelled at to be in power to be a racist sad to win	Lean Left
Democratic Presidential Debate: See The 20 Candidates Who Will Be Onstage	they are asked questions about the candidate happy to win the debate confident get's the job done to win to be in a meeting happy to make a speech	Center
A father fights to keep his daughter alive as anti-vaccine sentiment swells in Italy	they are treated better grateful to stay safe aggressive gets arrested to be a hero to have been vaccinated happy to get away with it	Lean Left
Drivers Can Get Cheaper Collision Car Insurance Following The Next Tips	gets money sad to pay them for their services lucky gets stressed to be safe to have a licence happy to get a new car	Center
Trump says he would turn to Supreme Court if Democrats move to impeach him	they are surprised angry to protest powerful gets called a racist to be in power to have a case justified to win	Lean Left
Trump Rails Against Potential Mueller Hearing: 'Bob Mueller Should Not Testify'	people are more informed annoyed to listen to personx smart gets yelled at to be correct to be a journalist nervous to be heard	Lean Left
At least 18 injured in shooting at Walmart in El Paso	people are injured sad to get medical help injured gets a bandage to be a hero to have shot a gun sad to get medical attention	Lean Right
Suspect reportedly steals man’s vehicle with man’s child inside. Suspect finds out hard way that he picked the wrong car to jack.	none none none none none none none none none	Right
Panic Over War With Iran Is An Info Operation To Preserve The Iran Deal	people lose money nervous to protest strategic gets killed to save the company to have a meeting nervous to get a new deal	Right
Trump will have to defend his disastrous failures	they are disappointed disappointed to win unintelligent gets scolded to be successful to have failed defeated to make things better	Lean Left
7 Ways to Fix America’s Fiscal Mess	people lose their homes angry to get rid of him resourceful gets yelled at to be efficient to have the tools satisfied to get a new job	Lean Right
Trump Administration Drafting Plan to Allow Drug Imports from Canada	people get a better deal happy to get a new product smart gets money to make money to have a plan happy to make sure they do not get into trouble	Lean Right
Patient's request for pizza on hospital window gets great response	gets a tip happy to help to give the order hopeful gets a pizza to be healthy to ask for a tip happy to get a pizza	Right
Mark Zuckerberg Says the Supreme Court of Facebook Is Coming Soon	people read the message happy to read the text confident personx is asked to sign a petition to be correct to be in court happy to be heard	Lean Left
2020 Hopeful Julián Castro Vows to Break Up ICE & Calls Trump's New Asylum Rule Unconstitutional	none none none none none none none none none	Lean Left
Dutch police arrest Syrian suspected of war crimes terror	they get arrested scared to get away criminal gets arrested to be a hero to have been arrested powerful to make sure they are ok	Lean Right
France warns UN against unilateral path to Mideast peace	people are safe annoyed to listen wise is respected by others to be a leader to have a policy good to be a good citizen	Lean Right
Kellyanne Conway’s Irish Ancestors Were the Enemy When Donald Trump’s Dad Was Arrested at a Klan Riot in 1927	none none none none none none none none none	Left
Canadian Transportation Agency announces plans to enhance accessibility of Canada's national transportation system	people are affected by new information grateful to thank personx smart personx is thanked to help the environment to have a budget happy to get a contract	Center
F1: Lewis Hamilton overtakes Michael Schumacher as highest-paid driver in history	001 % of the competition happy to be a good driver skilled 001 to be successful to practice good to win the race	Lean Left
Corruption Is the Tie that Binds for Trump-Era Republicans	people are affected cheated to protest corrupt gets a raise to make a change to be a politician powerful to be a success	Lean Left
Thanks Mr. President for making D.C.’s glitziest dinner as dull as it should be	people are fed annoyed to eat lazy gets yelled at to eat to be a politician happy to be a leader	Lean Left
Good News About Democracy: It's Good For Your Health	people are healthier happy to thank personx smart is thanked by people to help people to have a good health happy to be successful	Center
Dan Crenshaw slams Chuck Schumer for ‘immature and deeply cynical’ reaction to the deal with Mexico	people are shocked annoyed to get away from him rude gets yelled at to be correct to be a jerk satisfied to be a leader	Right
ICE Begins Nationwide Raids on Undocumented Immigrants	people are killed scared to get away aggressive gets arrested to be a leader to have a lot of people satisfied to make a difference	Lean Right
The 2018 Nobel peace prize is awarded to a surgeon and a former slave	they get a medal happy to win the award proud gets a medal to be successful to apply for the position proud to get a medal	Center
SWAC media day: Grambling's confidence site of conference championship game more	they are disappointed happy to win untrustworthy gets praised to be successful to have a good reason happy to be successful	Left
#BackPoch: Tottenham fans urge Daniel Levy to back boss Mauricio Pochettino	none none none none none none none none none	Lean Left
Colorado Baker Faces New Legal Battle For Refusing To Bake Transgender Cake	people eat cake angry to make sure they eat the cake stubborn gets yelled at to be stubborn to have the right ingredients angry to make more money	Right
Judge Napolitano says Americans should be troubled by 'amoral deceptive' Trump exposed in Mueller report	none none none none none none none none none	Right
Pizza deliveryman who called 911 after seeing naked child in man's motel room honored by police	gets called a liar scared to help personx scared gets called to help to have seen a naked man scared to call 911	Center
Barr confirms key Mueller finding: Trump directed a criminal scheme to violate campaign-finance law	gets caught angry to be correct willful gets arrested to be a good citizen to have information happy to get a new job	Lean Left
White House effort to stop visa overstays targets nations with few offenders	people lose their homes grateful to protest responsible gets arrested to be helpful to have a policy happy to be a success	Lean Left
Iran Foreign Minister: Iran Considering Talks With US On Ballistic Missiles	people lose their jobs angry to get a diplomatic response intelligent gets attacked to be a diplomatic leader to be a minister nervous to make a decision	Right
5 winners and 18 losers from the Democratic presidential fundraising quarter	they are congratulated sad to congratulate them proud gets a medal to be the best to be in a contest happy to win the race	Lean Left
Premier League transfer news: Rodriguez Maguire Asensio Sane Felix Perisic	none none to be a good listener smart none none to have a meeting happy to make a report	Lean Left
AOC claimed world will end in 12 years if climate change not addressed. Now she's changing her tune.	none none none none none none none none none	Right
Trump Says Political Correctness Caused Kentucky Derby Upset	people are affected angry to argue mean gets yelled at to be right to be in the wrong place justified to make people angry	Left
Conway doesn’t contradict McGahn’s testimony but still casts some doubt	gets into trouble annoyed to listen to the information skeptical is questioned to be correct to be a witness confused to be correct	Center
Congress Scraps Provision to Restrict IRS From Competing With TurboTax	people lose their money annoyed to protest greedy gets a budget cut to be in control to have a budget powerful to be a good leader	Center
Washington Post Editorial Board Slams Sanders Teachers Unions for Charter School Opposition	students get in trouble angry to get away from the situation mean gets scolded to get away from the administration to get into trouble angry to get their point across	Right
Yet Another Former Obama Official Warns Border In ‘Tremendous Crisis’	people lose their jobs scared to get rid of him brave gets a warning to be correct to have been a racist before relieved to be correct	Right
Twitter Files Motion To Dismiss Nunes Suit: Twitter User Rules Are Not 'Political'	people are offended angry to protest racist personx gets into trouble to not be discriminated to be a racist good to be left alone	Lean Left
Novak Djokovic gives a qualified backing to disgraced Justin Gimelsto	gets into trouble angry to thank personx powerful gets yelled at to be a good friend to be a manager justified to get a good reputation	Lean Left
July WTI oil down $1.80 or 3.4% to settle at $51.68/bbl on Nymex	none none none none none none none none none	Center
The Last Time There Was This Much CO2 Trees Grew at the South Pole	they get a new plant happy to get a new plant old gets dirty to have a good time to have a good time happy to buy a new tree	Left
Border Patrol: US Facing 'Unprecedented' Immigration Crisis at Border	people lose money scared to get out of trouble brave gets arrested to be a hero to have the resources to handle the situation nervous to get a new job	Left
Biden Under Fire For His Nostalgia For Segregationist Senators	gets burned annoyed to avoid him unintelligent gets burned to be a bad influence to be in a bad situation guilty to get away with it	Left
A$AP Rocky freed from Swedish jail pending assault trial verdict	they are sentenced sad to get out of jail guilty gets a lawyer to be free to have a criminal record sad to get a lawyer	Lean Left
'Do Something!': Calls For Action After Mass Shootings In El Paso And Dayton	people are shot scared to get away scared gets arrested to be safe to have a reason to go to the border nervous to get out of the situation	Center
Trump sues lawmakers NY officials to thwart potential release of state tax returns	gets caught angry to file appeal mean gets sued to be in power to be in court justified to get a lawyer	Lean Right
Warren and Sanders Refuse to Cozy Up to Wall Street Donors	gets nervous annoyed to get to know them rude gets ignored to avoid people to have a reason annoyed to be left alone	Left
Media Lies About Trump To Cover Up The Brutal Reality Of Late-Term Abortion	people are hurt sad to get away with it deceitful gets caught to cover up the truth to have a reason to lie guilty to be a liar	Right
Man Imprisoned for Drunk Driving Says His Body Actually Turns Food into Alcohol	gets drunk angry to get away from him immoral gets arrested to be a criminal to have drunk ashamed to get drunk	Lean Left
Haru Coryne to Join ProPublica Illinois as Data Reporter	people are interviewed happy to be involved to get a good deal smart gets paid to be successful to have the information satisfied to write a book	Center
U.S. psychoanalysts apologize for labeling homosexuality an illness	people are treated better grateful to thank personx for their honesty smart gets scolded to be helpful to have a problem with people relieved to help people understand	Center
Seven House Republicans Join Democrats in Voting to Amnesty 2.1 Million Non-Citizens	people are discriminated against happy to vote for their rights racist to vote for the right to vote to vote happy to win election	Lean Right
Trump's labor secretary insists sweetheart deal for billionaire predator was for the best	gets a raise happy to thank him confident gets a raise to be successful to be a good salesman satisfied to get a good deal	Right
High winds wreak havoc on window washers outside high-rise	people get hurt annoyed to get revenge careless gets yelled at to be mean to be careless guilty to get a new car	Lean Left
Trump Is Expanding Obamacare . . . in a Good Way	people are more successful happy to support him ambitious gets praised to be successful to have the right equipment happy to be successful	Lean Right
Washington Post Publishes Abortion Article So Stupid You Won’t Believe It	people get shocked and cry shocked to write a caption stupid gets fired to be right to read the article ashamed to tell others	Right
7-foot snake scares Oklahoma man as it pokes head out of dryer vent	gets scared and runs scared to run away creepy gets yelled at to scare the man to get into the car satisfied to scare the snake away	Right
Dem. Rep. Slams Chase Bank Tweet that Discouraged Wasteful Spending	people are offended annoyed to get their money back rude gets yelled at to be a good citizen to have the authority to do so satisfied to get a good deal	Lean Right
Will Hurd says he’s leaving Congress to help GOP become more diverse	people get more jobs happy to protest influential gets arrested to be more powerful to have a lot of people to help them happy to be a better leader	Center
State Department Admits Over 30 Security Breaches Related To Clinton Emails	people are reprimanded angry to file a complaint authoritative gets fired to be a good citizen to be a government employee angry to get the job done	Right
At Sergio Moro’s Suggestion Brazil’s Anti-Corruption Prosecutors Plotted to Leak Secret Evidence Aimed at Helping Venezuela’s Opposition	none none none none none none none none none	Left
Dear Therapist: My Wife Is Pregnant With a Child Neither of Us Wants	gets a baby happy to be a good mother caring gets a baby to have a child to be married happy to have a baby	Lean Left
The Drug War's Hidden Foster Care Crisis	people are taken advantage of sad to get away scared gets abused to be a better person to have been abused sad to get out of jail	Lean Right
At Least 30 Migrant Children Have Been Separated From Their Parents for More Than a Year	parents are worried sad to cry sad gets stressed to be alone to be in a bad environment sad to go home	Lean Left
The Inevitable Emptiness of the 2019 Met Gala	people are dead sad to be left alone unmotivated gets a new job to be a failure to have been invited to the party sad to get away from the scene	Lean Left
UN tells Italy proposed decree violates migrants' rights	people are forced into hiding angry to get away willful gets arrested to enforce to have a proposal happy to enforce the law	Center
Quote of the Day: Russian Election Meddling Is A-OK With President Trump	people get into trouble annoyed to protest mean is a politician to be a good person to have been asked to vote happy to be a good citizen	Left
Federal Judge Blocks Part of Trump’s Border Wall Construction	people get arrested annoyed to thank person x smart gets caught to be in control to have a reason to do so happy to make sure people do not get hurt	Left
DraftKings And The Arena Football League Launch New Fantasy Sports Game	they get a trophy competitive to win the game competitive gets a trophy to be a star to have a strategy excited to win	Center
Lucy Flores Discusses Her Allegations Against Joe Biden	they get into a fight angry to argue mean gets accused to be heard to have a case justified to get their point across	Center
Palestinians: EU Russia and UN should counter US peace plan	people lose money annoyed to get rid of him aggressive gets arrested to be in control to be in charge of policy good to win	Lean Right
Greta Thunberg became a climate activist not in spite of her autism but because of it	none none none none none none none none none	Lean Left
Dow drops 671 points or 2.6% to 25270	001 disappointed to win skilled gets a high score to show off to be playing baseball good to be a winner	Center
Ro Khanna Forces Beltway Bandit to Refund Millions From Price Gouging	loses money cheated to get even with personx rich gets a receipt to get even to have a lot to pay for it happy to get a good deal	Right
August WTI oil trades at $57.53/bbl vs. $57.44 before the rig data	none none none none none none none none none	Center
Signature Bank upgraded to overweight from neutral at J.P. Morgan	they are more affluent annoyed to get their money back lazy gets a receipt to be a better salesman to make a decision happy to get a raise	Center
Duke Energy applauds Trump decision on uranium production	they get a good grade happy to get paid smart gets praised to be a good leader to be a scientist happy to be successful	Center
ProPublica Wins Hechinger Grand Prize for Distinguished Education Reporting	they are proud proud to congratulate person x smart gets praised to be famous to be a winner proud to get a good name	Center
Marine Le Pen claims to have been tricked into preforming white-power salute	people are fooled annoyed to get away deceitful gets scolded to be a good person to be a follower ashamed to be successful	Lean Right
Watch Pete Buttigieg explain why women shouldn’t vote for one of their more qualified sisters	they get fired annoyed more informed intelligent none to help women to have a reason to vote for the women satisfied to be right	Right
Angela Merkel says she rejects Trump’s racist remarks stands ‘in solidarity’ with Ilhan Omar	gets yelled at offended to be heard racist gets called racist to be heard to be a racist happy to be heard	Lean Left
Detective who preached gay people are 'worthy of death' having cases reviewed for bias	people are dead sad to listen to the cases righteous gets called a racist to make people believe they are worthy of death to be a preacher justified to make people believe they are worthy of death	Center
Ridgecrest earthquake aftershocks move toward dangerous faults sparking concerns of triggered temblors	people are affected worried to be saved careless people to be a hero to have a problem worried to be a hero	Lean Left
DOJ Announces Release Of 3000 Prisoners As FIRST STEP Act Goes Into Effect	people lose their homes happy to protest the decision powerful gets arrested to be in control to have a speech happy to make sure the prisoners get out safely	Right
Playboy’s Brian Karem thinks Seb Gorka should have been the one banned from the WH (Gorka tells Karem how to get his pass back)	none none none none none none none none none	Right
The GOP’s anti-choice zealots are threatening to lurch America into a cold civil war	none none none none none none none none none	Left
A Foreign Policy Without War or Corporate Power	people are affected by the new policy angry to win the war powerful gets attacked to be a good citizen to be a politician powerful to be successful	Lean Left
Books in Brief: Recent Releases on Richard Holbrooke and America’s Hidden Empire	people lose money happy to read the books smart is praised to be a writer to have the books happy to publish the book	Lean Right
Malawi's antibiotics crisis: Why the drugs don't work for some	gets sick sad to help personx careless gets sick to be healthy to be sick sick to get better	Center
Three drugmakers settle with California over deals to keep generic medications off the market	gets a receipt happy to get their money smart gets a receipt to avoid drugs to have the right drugs satisfied to get a better deal	Lean Left
Former US attorney Preet Bharara slams Rudy Giuliani for downplaying impact of campaign taking info from Russia	none none none none none none none none none	Left
‘Three Peaks’: An Avalanche of Family Jealousies High in the Sky	gets hurt annoyed to get away careless gets yelled at to be a pest to be in a group happy to have a party	Left
‘Clean-up in aisle 5!’ Kimberley Strassel spots something ‘convenient’ about post-Mueller media scoops	none none none none none none none none none	Right
Trump Is Getting Dangerously Close to War With Iran	they are afraid nervous to win dangerous gets stressed to be a threat to have a conflict nervous to win	Left
DNC raises the bar for Democrats to qualify for third primary debate	vote grateful to vote smart gets called a racist to be a good leader to debate good to win the election	Right
American Psycho Author Should Stick to Fiction	people are more informed annoyed to listen to personx dumb gets called dumb to be a writer to read a lot smart to write a book	Right
Utah Karaoke and Ax-Throwing Bars Are Using Pool Tables To Circumvent Stupid Liquor Laws	people get drunk annoyed to have fun immature get drunk to have fun to be a joker drunk to get drunk	Lean Right
Mass Shooting In Dayton Ohio; 9 Killed 27 Injured	people are dead sad to get medical help injured gets killed to be safe to shoot a gun sad to get medical attention	Right
Pompeo Warns Russia That U.S. Won’t Tolerate Election Interference	they get into trouble annoyed to protest authoritative gets criticized to be correct to have the information justified to get a vote	Lean Right
Sen. Durbin: Mueller Testimony Won't Likely Bring Breakthroughs	people are affected by what happened angry to listen to personx unintelligent is ignored to be a success to have a good story sad to be a good listener	Left
On Public Lands Visitors Surge While Federal Management Funds Decline	people are affected annoyed to get their money back powerful gets a raise to be in power to be a government official nervous to get a new job	Center
Sally Rooney’s Normal People will be tough to beat as book of the year	they get hurt sad to be successful confident gets beat up to be tough to be in a tough situation proud to be successful	Lean Left
Tunisia's foreign minister: 'Democracy is the best tool to fight terrorism and extremism'	none none none none none none none none none	Lean Right
Meet the Data Institute Class of 2019	students are taught interested to learn smart gets called a failure to learn to have a degree smart to make sure they understand	Center
Polish opposition rallies to condemn attack on LGBT march	they are attacked angry to protest willful gets arrested to defend to have heard the arguments of the people good to win the election	Center
CNN Disgraces Itself as the Mueller Report Shatters Media Dreams	people are disappointed angry to get revenge untrustworthy gets fired to be a fraud to be a fraud sad to be a better person	Right
Trump’s Twitter Attacks Are a 2020 Test	people are killed annoyed to get a better job stupid gets a medal to be a better person to have a problem nervous to get better	Lean Left
Climate scientists partner with McKinsey to push companies to self-regulate	they get sick of it enlightened to get a good deal intelligent gets a promotion to be a better person to be a scientist good to be successful	Right
The Republicans Are Dead to Planet Earth	people die sad to get rid of him dead gets killed to die to be dead dead to be dead	Lean Left
With Support of 8 Republicans House Passes Equality Act	people get into trouble happy to protest racist gets arrested to be a good example to have a good reason to vote happy to be a good citizen	Lean Left
Trump’s Shadow War on Climate Science	people get killed annoyed to avoid personx intelligent gets killed to be a hero to have a reason to do so happy to get a better job	Lean Right
Carl Benedikt Frey: The robot revolution is here. Prepare for workers to revolt	people lose their homes angry to protest powerful to be correct to be successful to be a leader powerful to make a difference	Lean Left
Liz Warren is stunned when a voter confronts her for claiming Native American heritage	people are surprised surprised to get away from him ignorant gets yelled at to prove his / her heritage to have heard rumors surprised to tell everyone about the heritage	Right
Trump's Furious At Underlings Who Made Him Look Bad In Mueller Report	gets fired annoyed to apologize angry gets yelled at to be heard to be in charge upset to make a report	Lean Left
Koch Network Willing to Back Dem. Candidates In 2020	they get hired grateful to get their job helpful gets a raise to help to have the skills to do it happy to make a speech	Lean Right
Strike paralyzes Haiti protesters demand president's ouster	people lose their jobs upset to get away from the scene aggressive gets shot to be a leader to have the authority satisfied to get rid of the haqords	Center
She Was Loyal to Chris Christie. Now She Faces Jail Time for Bridgegate.	gets caught sad to get out of jail responsible gets arrested to be a better person to have a bad reputation guilty to get out	Center
Greta Van Susteren Back On TV	they get yelled at happy to watch a show bored gets yelled at to watch something else to turn on the tv happy to watch a movie	Right
With Craig Indictment Mueller Probe Sends Ripples Through the Swamp	gets into trouble annoyed to find out what happened aggressive gets caught to be a bully to be a journalist satisfied to get away	Lean Left
Warren’s Manufacturing Plan Echoes Trump’s ‘America First’	people get killed annoyed to listen smart gets a raise to be successful to be a racist happy to make a profit	Right
Security Brief: Boeing 737 Safety Systems Under Scrutiny; Terror in Christchurch	people lose money safe to make sure the flight is safe responsible none to save people to have the necessary equipment nervous to be safe	Lean Right
Even college students call millionaire Bernie Sanders a ‘hypocrite’	they get into a fight angry at person x to get their point across arrogant gets yelled at by the professor to make people understand to be a racist justified to get away with it	Right
‘What a SLAP in the face’: Brigitte Gabriel and other legal immigrants drop the HAMMER on Dems pushing open borders	none none none none none none none none none	Right
UN rights chief 'appalled' by conditions in US for migrants	people lose their homes angry to protest disgusted gets a new job to be a racist to observe the situation disgusted to make a difference	Center
Couple infuriate officials by landing their helicopter in the middle of a California nature reserve	gets nervous annoyed to go to the airport arrogant gets yelled at to get away to be in a helicopter angry to go to the hospital	Lean Right
U.S. Commander: Al Qaeda Operating ‘Across’ Afghanistan	people are killed angry to help the people strategic gets shot at to be in control to be in the army happy to get a promotion	Right
Russia Violates Critical Nuclear Treaty NATO Speaks Out	people lose their jobs angry to protest aggressive gets shot to be a bad influence on people to be a spy bad to get away with it	Right
The Only Thing Worse Than a ‘Mad’ Daenerys	gets yelled at angry to get away unlucky gets scolded to be a bad person to have a bad experience upset to get away from the situation	Lean Left
Man falls to death from airplane in London	cries sad to help him unlucky gets buried to get out of danger to have been shot dead to get help	Lean Left
The caliphate has crumbled but ISIS still haunts Yazidi refugees in Canada	people die sad to get away aggressive is hated to be saved to have a reason sad to be successful	Lean Left
Governor’s Veto Means Hawaiians Will Continue Suffering Property Rights Violations	people are affected annoyed to avoid personx willful gets sued to be a good citizen to be a racist sad to be a good citizen	Lean Left
Search warrants show how New Zealand far-right terrorist inspired copycat in California	people are affected by the new policy annoyed to get away from personx arrogant gets arrested to be a better person to have been asked to do something by the government satisfied to make a documentary	Lean Left
Earthquakes leaves dozens of homes unfit for living in Trona	people are homeless sad to get rid of the neighborhood irresponsible gets arrested to be alone to be a bad influence sad to be a better person	Lean Left
In Georgia’s Murderville Devonia Inman May Finally Have a Chance to Prove His Innocence	none justified none brave or her innocence to be right to be a fraud justified / or herself to everyone	Left
TDS MELTDOWN: Mexican Trump Supporter Assaulted by Psychotic Androgynous Liberal in Post Office For Wearing MAGA Hat	none none none none none none none none none	Right
Former Iranian minister: Iran will not be bullied	they are forced to do things angry to protest smart gets a raise to be safe to be a minister upset to be a good leader	Center
MALKIN: Epstein Bean & Buck: The Democratic Donors' Sex-Creep Club	none none to get away with it immoral gets arrested to be a good citizen to have sex happy to be a good citizen	Right
German Minister Wants To Fine Anti-Vax Parents Up To $2800 Mandate Compulsory Shots	they get into trouble upset to get rid of him mean gets stressed to be a good citizen to have the authority bad to get rid of the bad kids	Right
The Unbearable Emptiness of the Presidential Debates	people lose respect for personx annoyed to win the debate ignorant gets stressed to be the best to be in a debate sad to be a better speaker	Left
Scouted: TOMS Added Four Issues to Its Charitable Portfolio From Ending Gun Violence to Access to Safe Water	none none none none none none none none none	Left
Narendra Modi’s Election Challenge: Create Jobs. Lots of Them.	people lose happy to win determined gets a lot of money to be a good candidate to have a lot of work happy to get a raise	Lean Left
Scouted: The Buffy Cloud Comforter Is One of the Best Out There — and It’s on Sale on Amazon	none none none none none none none none none	Left
Newsletter: Less than a week after Gilroy two more mass shootings stun the nation	people lose their jobs angry to get rid of personx aggressive gets arrested for killing gilroy to kill the people to be a politician happy to get away with it	Lean Left
A Very Chill Bear Follows His Bliss By Soaking Its Troubles Away in a Bath	gets wet happy to have fun lazy gets wet to be alone to have a bath happy to get a drink	Center
He was wrongfully jailed for more than a decade. Years later he died in a hit-and-run	none none none none none none none none none	Lean Left
Trump official blames migrant father for drowning with daughter	gets grounded sad to get away from him mean gets yelled at to be mean to have a bad experience sad to apologize	Lean Left
Sol Pais Woman Wanted Over Columbine Threats Is Dead	gets nervous angry to get away from personx mean gets arrested to be in power to have a gun angry to get away	Center
Inflation deniers are the anti-vaxxers of the economic world	people are criticized annoyed to get rid of him mean gets into trouble to be a good person to be in politics justified to be successful	Center
NC GOP Candidate Likened Repealing LGBTQ Protections To Rescuing Jews During WWII	none none none none none none none none none	Lean Left
Burkina Faso Church Attack Leaves 6 Dead	people lose their homes sad to get revenge dead gets killed by bullet to kill someone to be in church sad to get back up	Right
Trump’s Abuse of Executive Privilege Is More Than a Present Danger	people get hurt cautious to avoid him arrogant gets into trouble to be a better person to have been abused ashamed to be a success	Center
I’m an Outsider on the Inside: An Interview with Bruce Davidson	gets nervous annoyed to get personx's job back untrustworthy gets fired to be accepted to be a journalist nervous to get an interview	Lean Left
War With Iran Would Be Even More Disastrous Than Iraq	people are affected by the situation angry to get away from the situation hostile gets killed to be a bad influence to have been asked for help bad to avoid it	Left
Mike Pence’s reply to Pete Buttigieg ignores the brutality of anti-LGBTQ policies	none none none none none none none none none	Lean Left
Laura Yeager to make history as first woman to command Army infantry division	they are promoted proud to be a good army strong gets promoted to be in charge to have the skills to make history proud to get paid	Lean Right
The Latest: Reports: Rocket attack hits Baghdad's Green Zone	people are killed scared to get away aggressive gets injured to be a hero to be in a vehicle happy to get out of the situation	Center
Anti-trump activists leave behind a mountain of litter after listening to ranting Corbyn blast Trump	none none none none none none none none none	Lean Right
The Serial Golf Cheat in the White House	loses money cheated to win mean gets arrested to be a cheater to cheat someone guilty to win the game	Lean Left
Trump: White House Lawyer Emmet Flood 'Will Be Leaving Service On June 14th'	people lose money happy to hire a lawyer responsible gets paid to get rid of his / her clients to have a contract happy to get a new job	Lean Left
Chinese e-sports platform DouYu files for IPO	they get caught happy to learn more smart gets yelled at to get a good grade to be in a meeting happy to be successful	Center
Control tower at Sydney Airport is evacuated after smoke was detected	people are saved worried to go home cautious gets burned by fire to be safe to be in a plane nervous to go home	Lean Right
Climber Dies On Everest As Death Toll In Himalayas Reaches 18	cries sad to cry dead personx is buried in the ground to die to have been murdered dead to be buried	Left
Brazilian gang jokes with knives in video before Paraguay prison riot left 10 dead six decapitated	people are killed angry long time bad 000 dollars to kill people none sad counting	Lean Right
Pilot died in military jet crash near Death Valley's 'Star Wars Canyon' Navy confirms	cries sad to cry brave is buried to be dead to have a plane crash sad to go to heaven	Lean Left
What men need to give to make gender equality a reality: 50 minutes a day	they get a raise grateful to be helped helpful is praised to be helpful to be a doctor happy to be a good example	Center
Sen. Kennedy Calls The Squad 'The Four Horsewomen Of The Apocalypse'	they get into trouble annoyed to get back at them commanding gets yelled at to get rid of them to have a reason satisfied to get a report	Lean Left
Arms Dealers and Lobbyists Get Rich as Yemen Burns	people lose their homes cheated to get rid of him greedy gets rich to make money to be in government happy to make more money	Right
New York State Which Celebrated Abortion Extremism Outlaws Declawing Cats	people are arrested angry to protest the decision racist gets arrested to be in control to have a reason happy to be a racist	Lean Left
The Decathlon: ten things from the world of sport on 23 April	they get into a fight happy to get a good deal from x young gets a lot of money to be rich to be a sports player happy to go on a trip	Lean Left
John Bolton Says Iran Doesn’t Own A ‘Hunting License In The Middle East’	people are killed annoyed to get rid of him ignorant gets arrested to be a racist to have a permit nervous to get a gun	Right
Cartoon: A Lack of Common Census	people are affected by the loss annoyed to help them poor gets arrested to be a better citizen to have been in the same place as everyone else sad to get a new job	Lean Left
Ryan Babel’s late winner for Fulham leaves Cardiff on brink of relegation	loses disappointed to win the game mean gets a medal to be the best to be a winner sad to get even	Lean Left
Babson To Host 39th Annual Babson College Entrepreneurship Research Conference (BCERC) June 5-8 2019	none none none none none none none none none	Center
Emily Post’s Great-Great-Granddaughter Explains the Proper Way to Get High	gets excited happy to be proud helpful gets thanked to show his skills to be a good listener proud to show off	Left
At Least 323 Public Execution Sites Located Around North Korea: Report	people are killed happy to watch the shooting capable get a ticket to be accurate to be a pilot happy to be successful in his job	Right
Poll: Immigration overtakes health care as top issue for voters	people are affected by the illness grateful to vote responsible gets a bill to be a good citizen to have a problem with the election good to be a good citizen	Lean Right
Pennsylvania teenager wins $3M in Fortnite World Cup	gets a trophy disappointed to congratulate them lucky gets a medal to be successful to be a good athlete happy to celebrate	Center
Hamas rebuffs leader's call for worldwide attacks on Jews	people are hurt angry to protest stubborn gets called racist to avoid the situation to be in a mosque upset to get away with it	Center
Instant Opinion: ‘Boris Johnson is utterly unfit to be prime minister’	people are offended by personx annoyed to protest incompetent gets rejected to be the best to be a minister sad to get away from people	Lean Left
U.S. sees surge in confirmed cases of measles CDC reports	people get sick worried to help others too intelligent gets sick to know the outcome to have a report worried to make a settlement	Center
Ross Perot donated to Trump’s re-election campaign before death: report	they get their money happy to protest dedicated gets a medal to win the case to have a vote happy to get a medal	Right
Secret Service Take Chicago Restaurant Employee into Custody After She Spits on Eric Trump	gets a tip sad to go home mean gets arrested to be a good employee to be in a bad mood guilty to go to court	Right
Fortnite World Cup: 15-year-old Brit Jaden Ashman wins million dollar prize	none none none none none none none none none	Center
The Myths of Means-Testing Are Still Alive Among Democrats	people are skeptical of the product annoyed to get rid of him racist gets called a racist to be a racist to be a racist happy to be a good citizen	Left
2 men plead guilty in gun thefts from national trade show	people are arrested angry to find a new case criminal gets arrested to be a criminal to be a criminal guilty to get money	Right
Help! I Found Child Porn on My Fiancé’s Computer but I’m Afraid to Report Him.	is scared sad to get the report scared to be honest to be a pervert to be in trouble guilty to get the report	Left
This April 15 Don’t Fall for the Right’s Favorite Lie About Taxes	people are fooled happy to protest ignorant gets arrested to be a good citizen to be in a political party happy to get away with it	Left
Pentagon to 'loosen the rules' on troops at the southern border	they are defeated controlled to get away from the border careless gets attacked to be a good citizen to have the discipline powerful to make sure the border is safe	Right
This Year’s Near-Normal Hurricane Season Could Still Be Devastating	people are affected by the storm sad to avoid storms unlucky to be honest to be a disaster to have been born sad to avoid storms	Left
Alabama Mayor Suggests Killing LGBTQ People Is Only Way to Fix Society’s Problems	none none none none none none none none none	Left
Donald Trump goes berserk about everyone and everything as the impeachment process against him finally begins	people are affected by the situation angry to be heard by others fast none to get rid of the evidence to have a reason to do so satisfied to get a raise	Left
Austrian chancellor set to face confidence vote next week	people listen nervous to vote confident gets nervous to win the election to have the authority confident to be successful	Center
Meet the artist who makes unforgettable sculptures that hover in the sky	people look at art impressed to admire the art artistic gets praised to be admired to buy art supplies proud to display the art	Lean Left
Chicago elects its first black woman mayor	gets a new job nervous to get rid of him hopeful gets a new job to be in control to have a reason to vote happy to make a speech	Lean Right
William Barr just threw Donald Trump under the bus	people are upset angry to get away from him careless gets yelled at to be mean to be a joker satisfied to get away with it	Left
London Bridge attack: what we’ve learned from the inquest	people lose their homes angry to be safe smart gets hurt to be correct to have a reason satisfied to be correct	Lean Left
Facebook Emails Reveal That Mark Zuckerberg Doesn’t Care About Your Privacy	gets hurt betrayed to get away from him rude gets yelled at to be mean to be in a meeting guilty to tell everyone	Left
Hezbollah Isn’t Iran’s Favorite Proxy Anymore	they get a raise annoyed to avoid him unpopular gets yelled at to be a better person to be a bad person guilty to get a new job	Lean Right
Real Sanctuary Demands More Than Lip Service. Cities Must Step Up.	people are forced to work overtime annoyed to get paid greedy gets stressed to get something to be in a bad situation satisfied to get a job	Left
Malaysia To Send 3000 Tonnes Of Plastic Waste Back To Countries Of Origin	people lose money sad to get rid of him careless gets dirty to be a product to have a product sad to get rid of waste	Left
Truck Plows Into Crowd On Guatemala Highway Killing At Least 30	people get killed angry to get away from personx reckless 000 feet high to get to the destination to get in the car angry to get out of the car	Left
Openly gay Democratic presidential candidate wants to 'broker that peace deal' with Chick-fil-A	gets into trouble annoyed to get rid of the bad guy racist none to be a racist to be in a debate happy to get rid of the tensions	Right
Man Sues Parents For Trashing His Porn Collection	gets sued angry to file a lawsuit mean gets arrested to be rich to have a porn collection guilty to get money	Right
Barr makes no apology for handling of special counsel report	gets fired grateful to thank personx responsible gets scolded to be a better person to have been wronged relieved to be forgiven	Lean Left
UK police warning to media over diplomat’s leaked memos stirs anger	people get hurt angry to listen to the information mean gets nervous to be in power to be a journalist angry to get rid of them	Right
Rupert Murdoch and Roger Ailes Gave Us Fox. These Shows Try to Make Sense of It All.	they get a good grade grateful to get away with it smart to be understood to be understood to understand the situation good to be understood	Center
Driver allegedly high on erotic ‘whippets’ when he killed lawyer	gets arrested sad to file a complaint immoral gets arrested to be a murderer to be in court guilty to get a lawyer	Lean Right
Restaurant stocks have caught up with soaring S&P 500 gains in the last year. These 10 companies have surged and led the industry.	none none none none none none none none none	Center
California just thought up another green tax; Wait staff hardest hit	gets a raise annoyed to give them a raise smart gets a raise to get it done to have an idea of what to do happy to make a decision	Right
3M stock price target cut to $195 from $205 at CFRA	they buy the product happy to buy the product skilled gets rich to be a good product to make a plan happy to buy more	Center
Philadelphia Politicians Want to Ban Bay Windows	people get into trouble with others annoyed to get rid of him racist gets yelled at by people to stay away from the windows to be in the presence of politicians annoyed to get rid of the windows	Lean Right
Transgender woman says former Chicago sergeant forced her into sex act	gets raped surprised to get away from him immoral gets arrested to be a racist to be in a sex act satisfied to be a good man	Lean Left
House Passes Mass Amnesty Bill Which Would Give Millions Of Illegal Immigrants A Path To Citizenship	people lose money happy to protest immoral is arrested to be a blessing to have a lot of money happy to be a good citizen	Right
Rights groups sue Tennessee over latest voter suppression scheme	people are arrested angry to get their point across racist gets arrested to get rid of the bad people to have a problem with the product justified to make a settlement	Lean Left
As Big Tech Gets Richer We Get Smaller and More Vulnerable	they get robbed happy to be safe rich gets robbed to be rich to have a big business happy to be rich	Right
Bernie Sanders Fox News town hall draws more than 2.55 million	people are affected by the incident annoyed to listen to personx talented gets fired to be rich to be a reporter satisfied to make more money	Lean Right
MPs blast 'irresponsible' Jeremy Kyle Show over 'fake' lie detector tests	gets shocked annoyed to tell their parents mean gets caught to get people to believe them to be a liar guilty to be a better liar	Lean Right
Delingpole: Trump Supporter Attacked with Milkshake in London's Parliament Square	people are affected angry to get away mean gets arrested to win the election to be in parliament square happy to get away with it	Lean Left
Woman sentenced for pushing commuter to her death in subway	gets arrested sad to get out of the train cruel gets arrested to be mean to be a criminal guilty to get a lawyer	Right
Marine shot killed while on guard duty at California base	gets killed sad to get revenge brave gets shot to be a hero to have been shot sad to get medical help	Lean Right
Boy 14 is airlifted to hospital after a TREE falls on him while he walks into school	gets a hospital sad to help him injured gets a heart attack to get medical care to be hurt scared to get medical help	Lean Right
Hilarious! President Trump: I wanted to Kiss My General Who Defeated ISIS But I Went to Kiss the General And I Felt Like Joe Biden	none none none none none none none none none	Right
Before Trump criticized the urban poverty he uses to attack Democrats he profited from it	people are poorer angry to protest racist is hated to be a racist to be a racist justified to make people believe he is right	Lean Left
In Canada insulin is a tenth of the price it is here—because our healthcare system is still broken.	none none none none none none none none none	Right
POLL: Majority Of Americans Oppose Reparations Despite Democratic Focus On The Issue	people vote happy to vote racist is asked to vote to be fair to have a vote good to be a good leader	Right
Abolishing the Electoral College Would Be a Mistake	they are defeated disappointed to protest irresponsible gets rejected to be a better person to be a politician happy to get a better deal	Lean Right
‘You lied to Congress’: Democratic Sen. Hirono unleashes on Bill Barr — and infuriates Lindsey Graham	none none none none none none none none none	Left
US diplomat Pompeo comes to Europe with a tough Iran message	people lose money nervous to get away with something bad diplomatic gets stressed to be diplomatic to have a diplomatic immunity nervous to get rid of the foreign influence	Lean Right
Wall Street rises as Fed’s Williams bolsters rate-cut hopes	people are more affluent annoyed to get a good deal smart gets a raise to be successful to have a good reputation happy to get more customers	Right
Former MLB Pitcher Aubrey Huff to Athletes ESPN: 'Leave Politics Out of Sports!'	get yelled at annoyed to be a good sport rude get's the job done to be a good sport to have a reason satisfied go home	Lean Left
Here’s what Mayor Pete gets right on foreign policy	people get into a bad situation annoyed to listen to the information smart gets a promotion to be right to have authority smart to be right	Left
High-Income Households in High-Tax States Were Big Winners in GOP Tax Overhaul	none none none none none none none none none	Lean Right
Presidential candidate Beto O'Rourke releases LGBTQ+ Equality plan	people are more tolerant of personx happy to protest smart gets a raise to be a good leader to be a senator happy to be successful	Right
Trump signs bill ensuring 9/11 victims fund will never run out of money	people lose money grateful to thank personx responsible gets arrested to be a good citizen to have the money to pay happy to save money	Center
Trudeau Clamping Down On ‘Asylum Shopping’ Illegal Refugees Who Were Denied Asylum Elsewhere	people are enslaved sad to get away from the scene powerful is shunned to be safe to be a businessman justified to get rid of unwanted people	Right
Al Qaeda’s Master Terrorists Are Still on Facebook and YouTube	people are watched by the media angry to find out why dangerous gets ridiculed to be in power to be a member of a group happy to be the leader	Left
Robert Kraft sex spa case lives on after Appeals Court agrees to hear state prosecutor's argument	gets sued angry to file appeal smart to be honest to be heard to be in court satisfied to appeal	Lean Right
'Act Cautiously': China Warns U.S. Against Push to Label Pakistan-Based Jihadi a ‘Global Terrorist'	people are criticized bad to be correct wise none to be cautious to be a leader good about it to make sure the information is accurate	Right
Barr Is Right: The Trump-Russia Conspiracy Is ‘Bogus’	people are deceived annoyed to listen smart is criticized to be correct to have a conversation smug to get away with it	Lean Left
AG Barr Orders First Federal Executions Since 2003. Here Are The First 5 People In Line.	people are being watched by the police angry to get a good deal greedy and to get a good deal to get the job done to be in charge happy to be the first to get the most money	Right
Chaotic scene at Sydney Airport all flights grounded due to control tower fire	people lose money upset to get back to work careless is reprimanded to avoid a disaster to have the plane tickets upset to get back to work	Lean Right
Study: Children Near Lead Smelters Are Exposed to Lead in the Womb	children are exposed scared to help them out scared gets sick to be a good parent to be pregnant scared to be saved	Left
Widow questions husband’s death in Dominican Republic after tourists die	they are arrested sad to tell their families curious gets arrested to know more to have been asked for help sad to get a lawyer	Lean Right
Video Game Reviewer Turns in Sexist Troll—to His Mom	gets scolded annoyed to tell personx to stop racist gets scolded to be mean to be a racist happy to make fun of him	Left
NBA coach Walton accused of sexual assault	gets arrested angry to get out of the situation angry gets arrested to be right to be a racist angry to get away	Lean Left
North Carolina Republican Party chair indicted for role in alleged bribery scheme	people are accused angry to get rid of him immoral gets accused to be a fraud to be a politician guilty to get away with it	Right
Forum Reflects On Rising Concerns For Jews Across The World	people are affected by what they have seen grateful to listen to personx wise gets criticized to make a difference to have heard about the subject good to make sure the problem is solved	Right
As climate change threatens California officials seek 'sustainable insurance'	people lose their jobs cautious to help personx wise gets sued to be a good citizen to be a government person good to get a new policy	Lean Left
Experts Are Already Arguing Over How to Rebuild Notre Dame	they get fired annoyed to argue argumentative gets yelled at to be heard to have a problem with the budget frustrated to get a better deal	Lean Left
Senior Palestinian official denied US visa	people are forced to leave the country disappointed to get out angry gets scolded by others to be a good citizen to have a passport sad to get out of trouble	Lean Right
American Woman Kidnapped In Uganda Held By Gunmen For Ransom	they get kidnapped sad to escape from him criminal gets kidnapped to save money to be in the wrong country sad to get away with it	Right
Global meat-eating is on the rise bringing surprising benefits	people eat meat happy to eat successful is praised to be a success to have the right meat happy to eat	Center
Beyoncé makes black feminism accessible in her Coachella film ‘Homecoming’ — building on the education she’s delivered for years	none none none none none none none none none	Left
Anxious and Suspicious Citizens in Wealthy Countries Want Stronger Safety Nets	people are protected safe to be safe cautious gets nervous to be safe to have a budget safe to keep the peace	Lean Right
Julian Assange dragged from Ecuadorian embassy	they are arrested angry to go home criminal gets arrested to be in the presence of the holy one to have been arrested ashamed to get away with it	Center
Trump’s sanctions on Iran are hitting Hezbollah hard	people are killed angry to protest racist gets arrested to be a racist to be in the wrong country sad to get rid of the evidence	Lean Left
Nigeria’s small businesses want government help but corruption is draining it away	people lose money happy to help them greedy gets stressed to get more customers to have a monopoly on them sad to get rid of corrupt people	Center
YouTube Beauty Influencer World Erupts Over Gummy Vitamins Scandal	people are affected by the product happy to get away from personx smart gets arrested to be a good person to have a lot of money happy to be successful	Right
Plane stowaway falls into London garden	gets hurt happy to catch personx careless gets hurt to have fun to be in a plane happy to get out of the country	Lean Left
Deutsche Bank axe hovers over 1000 clients	clients lose money happy to get a new client powerful gets a commission to be rich to have a job powerful to make a profit	Center
South Korea Fires Hundreds Of Warning Shots At Russian Military Plane	people are injured scared to get out of the country aggressive gets shot to kill people to load the gun rounds satisfied to get rid of the weapons	Left
EU Leaders Agree To Extend Brexit Deadline Until End Of October	they get a new job happy to get a new job responsible gets a raise to make a deadline to have a meeting happy to make a deal with the new people	Left
Pelosi Bows to Conservatives on Border Funding	they get a good deal happy to thank person x racist gets arrested to be a good citizen to be a politician happy to be successful	Lean Left
San Bernardino County sheriff's deputy injured in shooting in Victorville	gets hurt angry to get their car fixed careless gets arrested to be a good citizen to drive to the county sad to be a good driver	Lean Left
Trump Asserts Executive Privilege on 2020 Census Documents	people lose their homes annoyed to protest the policy powerful gets a raise to be a good citizen to be a politician powerful to be in charge	Center
‘Sit this one out bro’: Bob Menendez calling on Alex Acosta to resign over Jeffrey Epstein is what ratio dreams are made of	none none none none none none none none none	Right
In Turkey the latest elections had over 80 percent voter turnout. Here’s why.	people lose money angry to protest greedy gets a raise to be a good citizen to have a lot of people happy to get the right results	Lean Left
Judge Blocks DOJ's Attempt to Switch Lawyers in the Census Citizenship Question Case	gets nervous angry to get their case smart gets caught to win the case to be in court justified to win the case	Lean Right
Ashton Kutcher and Mila Kunis Silence Divorce Rumors With a Very Comedic Take	people are offended sad to cry mean is yelled at to make them look bad to be in court sad to be alone	Center
Maine Gov. Signs Bill Allowing Non-Doctors to Perform Abortions	people are cured grateful to thank personx powerful gets a bill to help people to have the consent good to make sure they are treated	Lean Right
Si le pagó a TurboTax pero ganó menos de $34000 podría obtener un reembolso de la siguiente manera.	none none none none none none none none none	Center
American Mother Loses Saudi Arabian Custody Battle For Her Daughter	gets stressed sad to thank him aggressive gets stressed to protect her daughter to be a diplomat sad to get a new job	Right
Prosecutors: Boston cabbie fatally shot after declining ride	gets into trouble angry to get out of the car unintelligent gets arrested to be a bad driver to have a car sad to get a new car	Right
Kwame Akoto-Bamfo: 'You see the faces of our ancestors'	they are surprised sad to be honest wise gets called a fool to be a good listener to be a historical figure happy to tell others	Center
Zarif says Iran not seeking nuclear arms: Twitter	people lose their jobs angry to protest the policy cautious gets fired to be safe to be a politician nervous to get away with it	Right
TAC Bookshelf for the Week of July 22	they have a good time happy to read prepared gets a tan to be productive to buy the books happy to get a good deal	Right
Measles vaccine fears cost me my children	children get vaccinated scared to thank personx for their concern helpful gets a raise to help children to have a vaccine happy to make me feel better	Center
House panel approves bill to sanction foreigners for election interference	they get a bill angry to protest wise gets a bill to be a racist to have the authority to approve the policy good to make a speech	Lean Right
Dow takes 700-point nosedive as trade war escalates	lose their job angry to win aggressive gets arrested to win to have the ability to fly a plane nervous to get even	Lean Left
France Is The Latest Country To Authorize Killing People Who Aren’t Dying	people die sad to be saved powerful gets arrested to be a murderer to have a gun powerful to kill people	Right
Redskins pick-by-pick draft analysis: Bryce Love joins crowded backfield; Washington adds depth on offensive line	none none none none none none none none none	Lean Left
Immigrant children sent to Chicago shelters are traumatized and sick sometimes with chicken pox or tuberculosis	none none none none none none none none none	Left
House Panel Subpoenas Kellyanne Conway over ‘Egregious’ Ethics Violations	people are asked questions bad to win the case racist gets caught to be a better person to have a case guilty to get a new job	Lean Right
Europe is beating the US in the battery race—with China’s help	they get hurt angry to win aggressive gets hurt to win the race to be in charge of the game happy to win	Center
Vaping: the astonishing surge in e-cigarette use	gets burned annoyed to get away careless gets yelled at to be a smoke screen to buy cigarettes happy to get rid of the cigarette	Lean Left
Hong Kong clashes: BBC reporter 'hit in the face'	people are shocked angry to get their point across rude gets fired to be a journalist to be a journalist bad to make sure people are watching	Center
Missouri Denies License Renewal for Lone Abortion Clinic	people are arrested angry to get a lawyer immoral gets arrested to be a good citizen to be a doctor guilty to get out of jail	Left
July WTI oil down $2.13 or 4% to settle at $51.14/bbl	none none none none none none none none none	Center
July WTI oil gains 72 cents or 1.2% to settle at $58.63/bbl	none none none none none none none none none	Center
Beyond Meat's stock opens at $46 or 84% above the $25 IPO price	they lose happy to get the product greedy is praised to be a good product to have a product satisfied to be successful	Center
Robert Mueller just issued his report about Donald Trump. Here we go…	they are informed annoyed to ask questions smart gets scolded to be correct to be in charge of the situation satisfied to make sure the report is accurate	Left
Progressives Want Democratic Party To Purge Remaining Pro-Lifers	people vote happy to vote powerful gets arrested to make a change to be in charge happy to make sure the people are safe	Right
Islamic Terrorists Ramp Up Attacks On Nigerian Christians	people are killed scared to get rid of the terrorists aggressive gets attacked to be a racist to have the resources to do it powerful to get rid of them	Right
Amazon Prime Day and the psychology of sales explained	they learn more enlightened to ask questions smart gets a raise to make money to be a researcher smart to be a success	Lean Left
Donald Trump Concerned About Google and Facebook Digital Monopoly	people lose trust in personx annoyed to win the game cautious gets hacked to be safe to be in the know about it nervous to be successful	Lean Left
Elephant in 'bad mood' joins commute in Chinese town	they get yelled at annoyed to get to their destination lazy gets tired to be in a better mood to have a bad day annoyed to go to the movies	Center
New Saudi Law Allows Women To Travel Without Male Consent	women are treated fairly grateful to go to the country dominant gets arrested to protect women to be a minister powerful to make sure the women are safe	Left
Operation Pennsylvania: Why the Keystone State will be make or break Trump’s reelection campaign	people lose their homes happy to win a result of a bad election to be correct to be in control to have a reason happy election	Left
Holiday review – an unlovely sojourn around the twisted male psyche	gets hurt by the incident annoyed to avoid personx brave gets into trouble to learn to be a priest happy to be a good example	Lean Left
2 years after tax bill’s passage corporate revenue has plummeted	loses money sad to make more money poor gets stressed to be successful to get a job sad to make more money	Lean Left
Short Circuit: A Roundup of Recent Federal Court Decisions	gets sued annoyed to file a complaint smart gets a new client to be in charge to be in a meeting satisfied to get the facts	Lean Right
Democrats Vote To Block Trump Impeachment Resolution	people vote angry to protest smart gets a bill to be a racist to be a racist happy to win	Right
Homeland Security shuttered a domestic terror intelligence unit despite rising threats	people are safe scared to help brave is arrested to protect people to have a reason to do so nervous to keep the people safe	Lean Left
Dick’s CEO a Member of Michael Bloomberg’s Gun Control Group	people lose clients nervous to get rid of him aggressive gets arrested to be in charge to be a member of the group nervous to make a speech	Right
Downright PATHETIC! Ben Shapiro makes a complete fool of Jeffrey Toobin for pushing THIS from Michael Cohen to own Trump	none none none none none none none none none	Right
Iran Urges Europe to Normalize Economic Ties With It or Face Consequences	people lose their jobs grateful to listen to personx influential gets criticized to reduce the risk of losing money to have a problem with it good to be a better leader	Left
[non-NRSRO] SoftBank Corp. A mobile telephone terminal Credit Trust Series 2019-3 -- Moody's assigns definitive rating to SB's handset receivables ABS	none none none none none none none none none	Center
Space telescope snaps a celestial family	gets a telescope happy to thank him curious gets a telescope to be entertained to have a telescope happy to see something	Lean Left
Donations to Charities Drop After Trump Tax Law	people lose money sad to thank personx poor gets a raise to be a charity worker to get money sad to save money	Lean Right
Mexico says tariffs will send tomato prices soaring in US	people lose money annoyed to get a good deal greedy gets accused of tax fraud by people to be a jerk to be a politician happy to get rid of people	Center
George Archer – the 1969 Masters winner who had an amazing secret | Ewan Murray	they get a trophy happy to congratulate them proud is praised to be a winner to be a winner proud to tell others	Lean Left
Donald Trump is closer to his downfall than ever – and he’s more manically dangerous than ever	gets into a fight with him sad to avoid his company dangerous is to be more careful to be a criminal happy to be safe	Left
Migrant woman killed in fall from train in Mexico	gets killed sad to get a lawyer unlucky gets killed to escape to have been shot sad to get medical help	Center
A British warship foiled a plan by Iran to seize a British oil tanker	the crew of the ship is killed betrayed to get away stupid loses money to be a bad influence to have a strategy sad to get rid of the oil	Right
White House releases photos of Trump Rush Limbaugh playing golf	people get sick happy to get a good time careless gets yelled at to be entertained to buy a golf club happy to get paid	Lean Right
Sessions sides with Barr over FBI's 'spying' on Trump campaign	gets caught betrayed to get away from him sneaky gets caught to get rid of someone to be a snitch satisfied to get rid of him	Right
Plan to rename LA Memorial Coliseum in question after United Airlines balks at proposed revision	none none none none none none none none	Right
Sanders & Warren Fight Republican Talking Point That Medicare for All Is About Reducing Coverage	people are affected angry to get their point across mean gets arrested to be a racist to have a reason to do it justified to be correct	Lean Left
Black Widow and Captain Marvel Hitting the Red Carpet Wearing Infinity Stones Is a Superpower	people are intimidated impressed to have fun impressive gets a lot of money to impress people to have a lot of money happy to impress people	Center
Rwandans Commemorate 25 Years Since Genocide	people are dead sad to thank personx dedicated gets praised to commemorate to be in war proud of their achievement to be a leader	Lean Left
A Historic Breakthrough for Sex Workers’ Rights	get benefits happy to thank personx smart gets a raise to be a success to have sex happy to be a success	Lean Left
An American woman was killed in a Bahamas shark attack while snorkeling with her family	family is dead sad to go home unlucky is killed to be safe to have a boat sad to be saved	Lean Left
Six Years After Coup Egypt’s First Democratically Elected President Dies	people lose respect for personx sad to celebrate the event powerful gets demoted to be a leader to have a vote sad to celebrate	Left
Screening Room: A Short Film of Dreamy Imagery and Mysterious Language	gets a script intrigued to listen to personx's presentation imaginative gets a headache to entertain to have an audience happy to be a good actor	Lean Left
A Sniff by a Pot-Detecting Dog Requires Probable Cause and Does Not Justify a Search Says Colorado Supreme Court	none none none none none none none none none	Lean Right
Abbreviated Pundit Round-up: Pay attention to international politics it mirrors our own	people are influenced by personx annoyed to be a good citizen interested to gain influence to be a politician to be a political party leader happy to be in charge	Right
Rapper 21 Savage donates $25K to organization that helped him during ICE arrest	gets arrested grateful to thank him generous gets arrested to help people to be a member of the group happy  to be a success	Center
AOC and Warren Have Some Tough Questions for Mnuchin About Sears’s Collapse	gets yelled at annoyed to answer curious gets yelled at to be correct to be in the wrong area frustrated to get an answer	Left
British Actress Emma Thompson: Abortion Laws Dragging U.S. Back to the 'Dark Ages'	people are killed sad to get away immoral to the dark ages to be a good person to be in the dark happy to be a better person	Lean Left
The Village Where Every Cop Has Been Convicted of Domestic Violence	gets arrested angry to get a lawyer criminal gets a speeding ticket to be a hero to have been arrested sad to get a lawyer	Center
Trump Thinks His Critics Are Traitors and They Sling the Charge Back at Him	they are offended annoyed to argue with personx mean gets yelled at to be right to be in charge justified to tell others	Lean Right
Student Filmmaker Assaulted By Antifa: Punched Held Down While They Poured BEER On Him	gets arrested angry none mean gets punched to be mean to be in a bad mood ashamed beat them up	Right
USDA Says It Will Save $20M a Year by Moving Researchers to Kansas City. Critics Say It’s All Politics.	none none none none none none none none none	Lean Right
Ilhan Omar’s Racist Hate Speech: We Should Be More Fearful of White Men – Who are Causing Most Deaths	none none none none none none none none none	Right
Stunning! Former CIA Chief John Brennan Now Says His Months of Attacks on Trump May Be Based on Bad Information	none none none none none none none none none	Right
Mueller Spoke. Part of America Heard Laurel and Part of America Heard Yanny.	people are listening to person x interested to hear more curious gets a lot of money to be a part member to be a journalist happy to learn about it	Left
Bear injures 80-year-old woman in Slovenia	bleeds hurt to get medical help mean gets arrested to be mean to get a weapon sad to get medical help	Center
Georgia governor dismisses Hollywood threats on eve of pro-life 'heartbeat' bill signing	people are safer annoyed to get their money back mean gets arrested to make sure people are safe to be in the know satisfied to get rid of the competition	Right
Stocks end mixed in quiet trading session	people are cheated happy to get a good deal quiet gets a bad deal to be quiet to have a meeting satisfied to be successful	Center
Tiptoeing around Trump’s racism is a betrayal of journalistic truth-telling	people are more informed of personx angry to listen to personx honest gets arrested to be honest to have a bad experience justified to be a better listener	Lean Left
Alabama Senator to the IRS: Stop Picking on the South	loses money annoyed to get rid of personx greedy gets a ticket to be a senator to be a senator satisfied to get a raise	Center
The New Republic Continues Expansion with Editorial Hires	people are more productive annoyed to get rid of the old one greedy gets fired to make a difference to have a new position satisfied to make more money	Lean Left
Trump Boom Could Go Bust Without More MAGAnomics White House Says	people get hurt annoyed to listen to personx unintelligent gets stressed to be a success to be in trouble bad to get away with something	Lean Right
Senate Democrats Show What Real Confirmation Obstruction Looks Like	they get a better understanding happy to protest smart gets a raise to show off to have a good view of the situation satisfied to win	Lean Left
Pelosi hits back at Trump's attacks on Cummings calls Kushner a 'slumlord'	none none none none none none none none none	Lean Right
Joe Biden Is Not a Blue-Collar Candidate	they get hired disappointed to hire personx unqualified gets rejected to not be a blue collar candidate to be rejected by the job sad to get a job	Left
Germaphobe-In-Chief Makes His Body Guard Carry Around Hand Sanitizer	they get dirty grateful to be protected responsible gets dirty to protect his body to have a container good to be a good guard	Lean Left
Rep. Rashida Tlaib grasps at 'concentration camps' moment as ABC's Raddatz crushes her over border funding vote	none none none none none none none none none	Right
A Remote Australian Archipelago Is Home to Roughly 600 People and 414 Million Pieces of Trash	none none none none none none none none none	Left
Rabalais: As expectations shift for LSU football Tigers continue to 'block out the noise'	gets stressed disappointed none dominant none to be to be a leader happy to be a success	Left
The Devil Critiques Expressions That Mention Him	gets into trouble annoyed to listen judgemental gets called a liar to be a jerk to be in a meeting with someone satisfied to be right	Lean Left
NPR Admits Illegal Immigrants Are Spreading Disease	people are sick angry to get away racist gets accused of spreading diseases to be a racist to have a lot of people worried to make sure the people are safe	Right
Washington state takes aim at measles crisis by hitting vaccine exemptions	people get sick worried to help them smart gets sick to be a better person to be a scientist worried to make sure the patients get better	Lean Left
Ocasio-Cortez defends Omar over 9/11 comments rips Post cover	people get offended angry to be left alone rude is asked for help to be right to be a racist good to make people angry	Lean Right
Decaying oil tanker threatens 'catastrophic explosion'	people are injured scared to get their car fixed dangerous gets hurt to be dangerous to have the fuel to make it happen scared to make sure the oil is safe	Lean Left
Nobody Was A More Complete Russian Collusion Stooge Than The U.S. Media	people do not like personx annoyed to get rid of him unintelligent is considered a failure to be a complete foreigner to have been a communist satisfied to be a better person	Right
Jewish center sued over controversial chicken-killing ritual	people lose their jobs angry to get a new recipe mean gets sued to win the case to have a recipe justified to win the case	Lean Left
POLL: Democratic Women Okay With ‘Handsy’ Joe Biden	vote happy to vote for the rights fair gets a vote to be a good citizen to have a vote happy to vote	Right
The Media Are Lying To You About Georgia's Pro-Life 'Heartbeat Bill.' Here's The Truth.	people who have seen personx in person may be shocked sad to be heard deceitful to get money to be deceptive to have been cheated by someone guilty to be honest	Right
Everyone’s Obsessed With the Hilarious Family in This Elaborate Funeral for a Pet Lizard	gets a pet lizard happy to cry emotional gets called a freak to be a pet to have a pet lizard happy to get a new pet	Center
White House Says Ben Carson Is Doing A ‘Tremendous Job’ Has Trump’s Confidence	gets fired impressed to get personx fired arrogant gets stressed to do something to be a manager proud to get paid	Lean Left
Sudan tensions escalate after talks with military break down	people lose respect for personx upset to make sure everything goes smoothly aggressive gets nervous to be in charge to be in a meeting upset to get back to work	Center
Alexandria Ocasio-Cortez was horrified after visiting Trump’s migrant camps — here’s why	people are killed sad to avoid the place disgusted they are disgusted by the barbaric behavior of the africans to see the beauty to go to the camps disgusted to go home	Left
Here’s Where the 2020 Democratic Candidates Stand on Climate	people vote happy to protest patriotic gets elected to be a leader to be a politician happy to win	Left
Donald Trump comes crashing down from his total exoneration high	loses money sad to congratulate personx irresponsible gets fired to be successful to have a job sad to be successful	Left
Vietnamese woman accused in Kim Jong Nam's killing released	people lose respect angry to get revenge on personx angry gets killed to kill someone to have a weapon angry to get out of jail	Center
FBI’s Leniency Toward Border Vigilante Contrasts With Harsh Treatment of Black Identity Extremist	people get hurt bad to be safe mean gets arrested to be safe to be in police bad to be a better person	Left
Suspected credit card thief caught after being captured on security footage wearing tag with real name	gets caught by police angry to catch personx criminal is caught to be caught to be caught stealing guilty to get away with theft	Right
Pentagon Shifts $1 Billion for Border Construction	people lose money angry to get paid careless gets a raise to get a raise to be a pilot nervous to get a new job	Lean Right
The Wildest Videos Of The Venezuela Uprising	people are killed annoyed to get out of the situation daring gets yelled at to be entertained to watch the news satisfied to get out of the situation	Right
Democrats: we’d love to nominate a young woman of color in 2020. Also we love Joe Biden.	none none none none none none none none none	Lean Left
Trudeau Apologizes For Mocking First Nations Protest: ‘Thank You For Your Donation’	people listen grateful to thank personx humble but the people are offended to be polite to have heard the message happy to continue apologising	Right
Kamala Harris Says She Was a Progressive Prosecutor. Her Record Says Otherwise.	gets into trouble annoyed to argue smart gets called out to be heard to be a lawyer satisfied to be right	Left
Liz Cheney Goes All-In on Trump’s Racism: Meet the Future of the GOP	none none none none none none none none none	Left
Furious residents say property developer cut down forest without permission	people get killed angry to thank person x mean gets arrested to be a good citizen to have authority relieved to make a report	Lean Right
Disruptive Technology in the Legal Sector World Services Group (WSG) Sponsored Survey Results Show General Counsel Leaders in Europe are Positive	none none none none none none none none none	Center
Recruiting Women to Online Dating Was a Challenge	gets a date interested to get to know personx daring gets a new job to be liked to be a matchmaker hopeful to get a new partner	Lean Left
Trump rattles saber at China ahead of make-or-break trade talks	they are impressed annoyed to get away with it rude gets yelled at to be in control to be a risk taker satisfied to get their point across	Right
GOP chairman eyes former Bush official for new CBO director	gets fired annoyed to get their job back wise gets fired to be a good leader to be a politician satisfied to make a speech	Lean Right
Here are 7 of the wildest moments and lies from Trump’s profane and uninhibited campaign rally	people are offended angry to get away from personx untrustworthy is praised to be a better person to be in a position of power ashamed to be successful	Left
Jurgen Klopp ‘happy’ with Liverpool squad but Man City still Premier League title favourites	none none none none none none none none	Lean Left
Shooting at San Diego-Area Synagogue Causes Injuries Man Detained	people get injured sad to get away from personx mean gets hurt to be a criminal to be in the wrong place sad to repent for their actions	Left
Donate This Week Get a Free Book	they read the book happy to read the book rich gets a receipt to be entertained to have a book happy to read the book	Left
WALSH: Why Sexist Deadbeat Men Love Abortion	they are offended annoyed to get rid of him racist gets called a racist to be a racist to have a reason justified to be a racist	Right
Feltham YOI: 13 prison guards hospitalised after teenage inmates riot	none sad to get out of jail criminal gets arrested to punish someone to be caught sad to be free	Lean Left
I for One Am Displeased About Having to Pay for Trump’s New $16 Billion Farmer Bailout	none none none none none none none none none	Left
Trump administration announces new Iran sanctions won’t explain what U.S. allies think	people are affected by the new policy angry to protest smart is asked questions to be correct to have a policy good to make a report	Lean Left
Twice failed presidential candidate Hillary Clinton tells Dems how they should campaign to beat Trump	they are disappointed disappointed to protest the policy smart gets yelled at to be right to have a strategy sad to get a better job	Right
Elizabeth Warren kicks off discussion on saving the Senate and the country—by ending the filibuster	people are angry angry to be heard smart none to be heard to have heard the discussion satisfied to get a better job	Right
India floods: Hundreds of passengers rescued from train	people get hurt thankful to thank person x brave gets dirty to save people to have a train happy to go home and relax	Center
Del Potro beats Shapovalov on another rain-hit day at Queen’s Club	gets hurt sad to get back to work aggressive gets arrested to get rid of the rain to get in the car happy to be a winner	Right
FBI Lawyer Squeals Like a Pig: Implicates Comey McCabe and Yates for Mishandling of FISA Warrant	none none none none none none none none none	Right
Climate change worsens plight of endangered right whales	people lose money grateful to thank personx influential gets a new job to save the endangered species to be a politician happy to save people	Right
Brooks: 'A Lot of People Got Out Ahead of the Evidence' on Collusion - Trump Isn't Exonerated	none none none none none none none none none	Lean Left
Howard Stern turns on ‘The View’ co-host Joy Behar over disrespectful treatment of conservative Meghan McCain	none none none none none none none none none	Right
Cruz Calls for Investigations of Antifa Portland Mayor	gets a complaint from the mayor annoyed to help personx curious gets called a liar to get information to have lost their job nervous to find a solution	Lean Left
House Dem Says Dems Must Support Abortion Gay Marriage	people get sick sad to thank person x immoral gets arrested to be a racist to have a reason guilty to get a lawyer	Left
Here Are Your Stories of Being Tricked Into Paying by TurboTax. You Often Need the Money.	gets hurt annoyed to be paid unintelligent gets cheated to be a good listener to be a liar sad to be successful	Center
Clinics That Serve Pregnant Moms Get Millions Of Dollars Under New HHS Family Planning Rule	get a raise happy to thank personx for the money rich gets stressed to be rich to be a good child happy to get a raise	Right
CA Pension Fund Faces Crisis After Shunning Guns Tobacco	people are more careful sad to thank personx wise gets stressed to be a good citizen to have a bad attitude about smoking sad to get a new hobby	Right
Federal judge slaps Roger Stone with a social media ban for violating a court order	gets sued angry to get away from him mean gets sued to be a judge to have a case satisfied to make a settlement	Left
In upset Dutch Labour party wins European Parliament vote-exit poll	people are affected upset to protest angry get a new job to be a good person to be invited to the party upset to celebrate	Right
The real reason Eric Swalwell is dropping out	gets into argument annoyed to get out of the situation careless gets scolded to be a failure to have a reason sad to get out of trouble	Left
Kemar Roofe razes Derby County to leave Leeds spying play-off final	people are robbed annoyed to get away careless is late to be a bad influence to be a criminal happy to get away	Lean Left
Developers Want to Destroy Chicago. We Won’t Let Them.	they get into a fight angry to get away with murder mean gets arrested to have the city in order to have a reason to do it powerful to get away with it	Left
The Psychological Effects of Grieving on Social Media	people get into a bad situation sad to help them sad gets called crazy to feel better to be a media media expert sad to be a success	Lean Left
Prosecutors Detail Computer Hacking Conspiracy Case Against Assange	people are accused of fraud angry to get their money back smart gets caught to be a good lawyer to have hacked into the system satisfied to get a good deal	Lean Left
White House Asks Congress for $4.5 Billion in Emergency Funds to Deal with Border Crisis	people are affected worried to get a new policy smart gets a bill to be a good citizen to have a budget worried to make a deal	Lean Right
Supreme Court Justice Beer will be teaching a summer course in England. Won't that be fun.	get drunk and forget about the law happy to drink the beer smart to be honest to have fun with friends to be a student happy to be a good student	Right
The U.S. Is Ramping Up for a New Mideast War Before Finishing the Last One	people lose their jobs sad to get a better job aggressive none to be a success to have the money happy to win the race	Left
Egypt’s Prisons Are Becoming Recruiting Grounds for the Islamic State	people lose money annoyed to avoid the border aggressive gets into trouble to be a bad example for the bad habits of people in the us to be a racist powerful to get rid of the bad guys	Lean Right
ICE Isn’t The Enemy The Drug Cartels Weaponizing The U.S. Border Are	people get killed safe to stay safe smart is respected to be a good citizen to be a businessman good to stay away from drugs	Right
16-Year-Olds Want a Vote. Fifty Years Ago So Did 18-Year-Olds.	they get a raise happy to vote old is elected to be the best to have a good attitude happy to get elected	Center
US intel: Saudi's missile program got help from China	the chinese people gain knowledge grateful to get paid resourceful gets a receipt to be safe to have the materials happy to make a profit	Lean Left
More than 100 Indian children die from brain disease in 3 weeks	they cry sad to cry sick gets a brain disease to be dead to get sick sad to get treatment	Lean Left
U.S. Rep. Ocasio-Cortez ‘encouraged’ despite Senate rejecting ‘Green New Deal’	people are asked questions annoyed to protest the new offer powerful is asked questions to be fair to have a good reputation satisfied to be a good representative	Right
Journalism! #FakeNews called on MSNBC reporter’s claim about what was NOT mentioned at Trump’s rally (‘Roll the tape!’)	none none none none none none none none none	Right
21 Questions To Ask Robert Mueller If He Testifies To Congress	gets asked questions annoyed to answer curious gets asked more questions to be a good citizen to have a question satisfied to get a good grade	Right
Whoever Wins Indonesia’s Presidential Election Indigenous People Will Lose	people lose money sad to protest influential gets ridiculed to win to have a good cause happy to win the election	Lean Right
Another hiker went missing on Maui. This time the search ended in tragedy.	people grieve sad to find the person unlucky is buried to be buried to have gone to the woods sad to find the lost dog	Lean Left
South Korea Says North Korea Has Fired Unidentified Projectiles	people are killed angry to get rid of the weapon aggressive gets fired from job to be a good leader to be a military officer angry to get rid of the weapon	Left
NYC Police Union Tweets Video of Subway Blow Job To Criticize New Congestion Pricing Policy	none none none none none none none none none	Lean Right
Kamala Harris and Donald Trump Unite to Defend the Imperial Presidency	people lose money happy to win powerful gets attacked to win the election to have the power powerful to win the election	Lean Right
Concert Pharmaceuticals stock plunges 17% after disappointing patent ruling	people are affected by the products disappointed to get a patent on product greedy gets a high grade to be successful to have the right product sad to be successful	Center
BlackRock moves to hire GF Securities boss for China operations	gets paid happy to get paid rich gets a new job to make money to have a job nervous to get a new position	Center
Technology Has Made Voting Lines Move Faster But Also Made Elections Less Secure	people lose happy to vote greedy gets a raise to be more successful to be a leader happy to win the election	Center
Gottheimer (D) Gets Progressive Primary Challenger	people lose money angry to get their point across smart gets into a fight to be a better person to have a problem satisfied to make sure they are safe	Right
British Airlines flight hits extreme turbulence: 'Loads of people hitting the ceiling'	people lose their lives scared to get medical help careless gets hurt to get off the plane to be in a plane scared to get off safely	Right
Yes My Fellow Soldiers Died in Vain	cry sad to mourn defeated cries to die to have a reason sad to be dead	Right
Local Elections 2019: Row as Scouts do their best to help Tories win	people vote happy to vote patriotic gets a lot of money to be a good citizen to be a politician proud to win	Lean Right
Mexico US to launch plan against arms smuggling at border	people are arrested angry to get rid of him aggressive gets arrested to be a criminal to gather supplies powerful to get rid of the illegal stuff	Lean Right
From the Mediterranean to Mexico Capt. Pia Klemp Believes Rescuing Refugees Is Worth Facing Prison Time	they get killed happy to be saved proud is praised to save people to have lost the money happy to save the lives of people	Left
Sri Lanka attacks: 'They gave me a hug the night before'	hugs loved to hug loving gets kissed to show affection to have a hug happy to kiss me	Center
Lost Children Archive: Valeria Luiselli's New Novel Bears Witness to the U.S. Immigration Crisis	none none none none none none none none none	Lean Left
'Black Mirror' Season 5 first look has arrived	they are surprised happy to get a new look confident gets complimented to look good to buy a mirror happy to get a new mirror	Lean Left
Donald Trump’s ‘bizarre’ questions on George Washington tour	people listen annoyed to ask questions curious gets yelled at to get away from the situation to have read about the subject satisfied to ask questions	Lean Left
The Latest: Portugal confirms 29 Germans killed on Madeira	people are dead sad to get out of there commanding gets killed to kill the germans to be a german officer sad to win the war	Lean Right
Victor d’Hondt the dead Belgian who could influence the European elections	people are affected upset  to protest powerful gets a raise to win to have a vote powerful to win	Lean Left
The Balkan Wars Created a Generation of Christian Terrorists	people die angry to get away from him religious gets killed to be a christian to be a minister happy to make a speech	Lean Right
State Superintendent John White leads bid to aid high school graduates 'Our country has swung and missed'	graduates grateful to get a good job generous is a leader to be a good citizen to be a leader in the first place happy to be a good leader	Left
The SEC revealed the punishment it wants Elon Musk to face if he violates the terms of their settlement in the future (TSLA)	none none none none none none none none none	Center
Jane Eyre is a startlingly modern heroine. A new ballet shows why.	people look at personx interested to learn more smart gets asked to dance to be a famous ballet dancer to be a famous ballet dancer happy to make people understand them	Lean Left
Greta Gerwig and Noah Baumbach Welcome Their First Child	they are taken care of happy to thank personx generous gets thanked to be a parent to have sex happy to have a good time	Center
Syria rejects Arab summit statement on Iran intervention	people are affected by the new policy angry to protest racist gets accused of racist remarks to be a racist to have heard about the policy upset to make a report	Center
'My Whole Life Is On Hold': As Walmart Eliminates Greeters A Dream In Limbo	gets robbed happy to be successful determined gets stressed to be a success to be in a position to be in the spotlight happy to be successful	Center
Thailand crowns new King in $31M celebration	people get drunk happy to celebrate happy gets drunk to be a king to buy a ticket happy to celebrate	Lean Left
Hold Israel Accountable: Palestinians Call on Int'l Community to Oppose Golan Heights Annexation	none none none none none none none none none	Lean Left
Ten Things You Need to Know Today: Saturday 30 Mar 2019	people get nervous happy to listen to personx smart is asked to repeat to be informed to have been asked a question by someone happy to get the job done	Lean Left
El Paso Has Exposed the Ugly Reality of the Immigration Debate	people are affected annoyed to argue with personx smart gets stressed to be a racist to have heard about the topic of immigration frustrated to make sure they are safe	Lean Left
Syrian State Media: Projectiles Fired From Israeli Territory	people are shot angry to avoid the situation aggressive gets fired to be a threat to have the resources angry to get a new job	Left
ABC News Poll Shows Support for Abortion Rights Ticking Up	people are affected by the news grateful to thank personx helpful gets thanked to help people to have the information happy to be a good citizen	Left
Add Trump’s Yemen Veto to Obama’s Spotty War Legacy	people get hurt sad to get away from personx brave gets into trouble to be a leader to have a gun sad to be successful	Lean Left
Cracks open up as earthquake hits Peru	people die scared to get away crazy gets killed in a plane crash to be a hero to have a plane scared to get rid of all the licorice	Center
What’s New in Bernie Sanders’ New Medicare for All Plan	they get a new job happy to get paid for the new plan curious gets a new job to be a good person to have a new job happy to get a new job	Lean Right
2 years after Grenfell experts warn of high-rise fire risk	people are affected cautious to avoid the fire cautious they are safe from fire damage to be safe to have a company safe to make sure it does not happen again	Center
Oberlin Is Forced to Check Its Woke Privilege	gets yelled at happy to be left alone cautious gets yelled at to be careful to be in a bad mood annoyed to get up	Lean Right
Donald Trump goes completely bonkers after he figures out he’s going to be impeached	gets fired disappointed to punish him reckless gets fired to be successful to do something bad nervous to get away from the situation	Left
Julian Assange Suffered Severe Psychological and Physical Harm in Ecuadorian Embassy Doctors Say	they are treated better sad to help personx ill """ no """ to be safe to be a racist sad to help them	Left
People cried when Yosemite restored historic names like the Ahwahnee. Here's why	people are shocked happy to tell others about it patriotic is asked to stop to be a historical figure to read about the history of the country happy to be a better person	Lean Left
The Central Park Five Criminal Justice and Donald Trump	people are arrested sad to win criminal gets arrested to be in control to have a criminal happy to get a lawyer	Lean Left
If Britain Leaves the EU It Will Be Vulnerable to Trump’s Whims	people lose their homes upset to be safe brave gets stressed to be safe to have a bad reputation sad to get away with something	Left
American Dark Money Is Fueling the Rise of Europe’s Far Right	people are poorer happy to be successful powerful gets into trouble to be a good citizen to be a politician powerful to be a success	Left
Sister of Sri Lanka attacks 'ringleader' Zahran Hashim condemns attacks	people lose money angry to be safe aggressive is attacked by others to be correct to have the right information angry to be heard	Center
'Extremely serious' death threat against Ben Shapiro leads to arrest	gets arrested scared to avoid the danger dangerous gets arrested to be dangerous to have been shot at nervous to get away with it	Right
Officials: BA suspending flights from London for 2 days	people are reprimanded angry to get a better deal strict is fired from the service to be in control to have a plane upset to get a new job	Center
Peruvian President Vizcarra proposes early legislative elections	people vote angry to protest smart gets paid well to be a good leader to be in office happy to give speeches	Right
Illinois Lawmakers Demand Child Welfare Officials Better Serve Spanish-Speaking Families	people are treated fairly annoyed to help personx responsible gets stressed to be a good citizen to be a racist satisfied to get a good deal	Center
BA and Lufthansa suspend Cairo flights citing security	people lose their homes annoyed to get a new job responsible gets yelled at to be a better person to be in charge of the passengers relieved to get a better job	Center
Dallas Police Up Charges Against White Bartender Who Brutally Beat Black Woman	gets arrested scared to get away violent gets beat up to get even with a black woman to get a weapon angry to make sure they are ok	Left
British Prime Minister Johnson promises a bold new Brexit deal	people lose respect annoyed to listen to personx confident gets a good deal to be a leader to have a meeting powerful to make sure the deal is done	Right
Whoopi Goldberg Intervenes in Off-the-Rails Meghan McCain-Joy Behar Battle Over Immigration	none none none none none none none none none	Left
NBC's Chuck Todd Lets Jerry Nadler Spread Fake News About Don Jr's Trump Tower Meeting	none none none none none none none none none	Right
Thousands of seabirds starved to death in the Bering Sea. Scientists see evidence of climate change.	they get a virus sad to help them curious get sick to learn to have a research sad to find a solution	Lean Left
College Costs Are Out of Control. Here’s What Can Be Done.	people lose money annoyed to help personx careless gets yelled at to be in charge of the situation to have a problem worried to get a raise	Lean Left
A Fourth American Tourist Dies At Dominican Resorts In 2 Months	people mourn sad to cry unlucky gets buried to be a tourist to have gone to dominican sad to go to the beach	Right
England would be better off without Scotland Tory candidate said	gets stressed annoyed to get away with something unqualified gets rejected by the other candidate to be better to be a bad candidate sad and depressed to be left alone	Lean Left
Chaining yourself to Donald Trump doesn't look like it's turning out to be a good career move	none none none none none none none none none	Right
Biden Says Trump’s Iran Strategy Is A ‘Self-Inflicted Disaster’	people lose respect angry to avoid the situation careless gets hurt to be successful to be in a bad situation bad to get away with it	Right
The Michael Cohen criminal case is about to get very ugly for everyone involved	gets hurt sad to win the case mean gets arrested to be mean to have a case sad to get a lawyer	Left
Sen. Ron Wyden Demands Answers From DHS and Private Intel Firm Over Spying on Anti-Trump Immigration Protests	none none none none none none none none none	Left
San Andreas fault is a 730-mile monster. Ridgecrest earthquake was a tiny taste of the possible destruction	none none none none none none none none none	Lean Left
Stand Up to Anti-Semitism and Historical Revisionism. Because Truth Matters.	people are more tolerant of person x angry to protest against personx righteous is known to be true to have been wronged justified to be known	Lean Left
I’ve Spent Decades Talking to Parents About Vaccines. It’s Time for a Change.	gets sick happy to listen to personx smart gets a headache to be a better person to have a lot of time happy to be successful	Left
Illinois Becomes 11th State to Legalize Weed	people get cancer disgusted to buy weed immoral gets arrested to be a good citizen to get the right people happy to get rid of weed	Lean Right
McDonald’s Can’t Fool Its Shareholders: Big Chicken Is Bad Business	people are disappointed upset to get their money back mean gets yelled at to be feared to be a big deal bad to be a success	Left
Wartime Conservatives Rise Up To Save The Soul Of America	people vote grateful to support him patriotic gets a medal of valor to save the soul of the poor to have the votes happy to be a good cause	Right
Donald Trump Is Mad at the European Central Bank	gets nervous annoyed to avoid him angry gets stressed to be mad to have lost money upset to get their money back	Left
A Pregnant Woman in Alabama Was Shot in the Stomach and Miscarried. Now Alabama Cops Are Charging Her With Manslaughter.	none none none none none none none none none	Lean Right
Ebola Outbreak In Congo Declared A Global Health Emergency	people lose their crops worried to help him responsible gets sick to save people to be in a foreign country worried to get rid of the disease	Left
Iran Would Be Unwise to Play the Long Game with Trump	loses game disappointed to play careless loses to play the game to be in the game sad to play a game	Lean Right
Malaria is fighting back against efforts to eliminate it	they get hurt defeated to win determined gets hurt to win to have a problem justified to win	Center
More than 170 firefighters battle large wildfire in Greece	people are killed angry to get out of the situation dangerous gets burned to be a bad guy to be a cop angry to win the race	Center
Veterans Affairs site suicides prompt new concern	people are killed worried to avoid the situation cautious gets called a copycat to be safe to be in the police department worried to avoid the situation happening	Lean Right
Daughter calls for compassion for mom’s alleged killer twin at funeral	gets called out sad to help personx compassionate gets comforted to be comforted to be in a funeral parlor sad to cry	Lean Right
Monsoonal moisture brings another day of sweltering heat to Southern California	the other drivers are sweating from heat happy to have fun hot gets burned to be comfortable to have a heat stroke tired to relax	Lean Left
Liar Michael Cohen Starts Prison Sentence Tomorrow	they get caught sad to get out criminal gets caught to be a criminal to have been arrested guilty to get out of jail	Right
Princess Charlotte’s Adorable 4th Birthday Photos Are Here to Help You Celebrate the Passage of Time	gets excited happy to have fun happy gets thanked to be happy to have the time happy to make you happy	Center
After series of UK milkshake tossing incidents leftists say such physical attacks are effective — and 'absolutely hilarious'	none none none none none none none none none	Right
Rihanna Might Possibly Be Trolling Her Superfans and This Is Proof	they get a good deal happy to get their opinion determined personx will be a good example of the situation to be a part of something to be a fan of the game happy to be successful	Center
Texas law firm reveals it is working with Russia’s ally in the Balkans	people lose money angry to get their money back racist gets arrested to be a businessman to have the information satisfied to make sure it does not happen again	Lean Left
Keanu Reeves Is a Real-Life Hero and This Epic Fan Encounter Involving an Ice Cream Cone Is Proof	none none none none none none none none none	Center
Pelosi Vows Ironclad Case Against Trump as Cries to Impeach Erupt During Speech	people are hurt by the actions of personx angry to get away with it angry gets accused none to be in public bad to be heard	Left
Inside Iran: Iranians on Trump and the nuclear deal	people are dead angry to get rid of him greedy gets arrested to win to have the money happy to get away with it	Center
The Notre Dame Of Cyprus St. Nicholas Cathedral Is A Mosque Under Turkish Occupation Now	people are dead angry to be safe religious is praised to be a mosque to have been in iraq satisfied to be a mosque leader	Right
Donald Trump doesn’t have a prayer	they get a raise sad to pray unlucky gets scolded by others to pray to have a prayer sad to pray	Left
Watch MSC Opera Cruise Ship Crash Into Dock And Smaller Boat In Venice Italy	people are hurt happy to have fun adventurous gets seasick to have fun to get a ticket excited to get off the ship	Right
Karaoke ax-throwing sites want to sell beer under Utah law	people get drunk drunk to get drunk reckless gets drunk to be drunk to get drunk drunk to make money	Right
U.N. Human-Rights Official: U.S. Abortion Bans Are ‘Extremist Hate’ and ‘Torture’	people are killed angry to get away with it racist gets arrested to kill people to be a racist guilty to be free	Lean Right
After El Paso We Can No Longer Ignore Trump’s Role in Inspiring Mass Shootings	people get shot at annoyed to listen to personx determined gets arrested for assault to be right to have a good reputation happy to get away with it	Left
Queer Liberation Is a Labor Issue	people get arrested angry to protest against personx careless gets caught to be free to have been arrested guilty to get a new job	Left
ProPublica and Houston Chronicle Project Named a Finalist for Health Care Print Journalism Award	people are informed grateful to write a book smart none to be a journalist to write a magazine article satisfied to be a journalist	Center
London bus attack victim urges fight against all LGBT hate crimes	people are injured angry to get out of the situation violent gets arrested to be a good person to be a racist angry to be a good person	Lean Left
Getting Nostalgic About Segregationist Senators Isn’t Moderate	gets into trouble annoyed to get rid of him wise gets a bad name to make a point to be in a meeting sad to be more careful	Left
Taking stock: Minimum wage would be $33 an hour if it grew at the same pace as Wall Street bonuses	none none none none none none none none none	Lean Right
Kentucky’s $1.5 Billion Information Highway to Nowhere	gets into a car wreck annoyed to thank personx careless gets into trouble to be a jerk to have the knowledge of the situation frustrated to get out of the car	Center
Pentagon takes action after two US soldiers detained disarmed by Mexican soldiers in US territory	they are arrested sad to get out of jail aggressive gets shot at to be in control to have been captured relieved to surrender	Right
Homelessness among Michigan’s children: The problem is far larger and more diverse than you think	people are sad to be safe intelligent people are aware to be a problem to be a racist none to solve	Right
Kottu roti: The street food that makes you feel like dancing	they get hungry happy to have fun friendly personx gets a stomach cramp to eat to eat happy to eat	Center
Southern California Earthquake Rattles a State Wary of the ‘Big One’	people are affected cautious to get away from the big one cautious gets nervous to be cautious to have a big mouth nervous to make sure the quakes stop	Center
Barr’s backing of Trump sets up showdown with Congress	people lose money angry to win aggressive gets arrested to be a leader to be in congress powerful to get rid of them	Center
Tuberculosis. Chicken Pox. Traumatized: 5 Updates on Immigrant Youth Shelters in Illinois.	people are affected sad to get sick helpful is asked to leave the shelter like the plague is a disease to be in a racist neighborhood sad to get rid of the disease	Center
Alek Sigley: Australian PM confirms North Korea detainee's release	people get into a bad situation happy to get their point across responsible is asked for help from others to be a part of the situation to have a conversation good to make sure the information gets out	Center
Earthquake: 4.1 quake strikes near Ridgecrest	people are affected by quakes scared to stay dry violent gets dirty to make the city shake to be in the vicinity of a hill scared to stay safe	Lean Left
JAY-Z Is Officially the First Billionaire Rapper	people buy personz a lot of things jealous to buy him a new album famous gets paid to make money to be famous excited to be the envy of the industry	Lean Left
'House of Horrors' child abuse cases reveal how offenders nationwide use homeschooling to hide their crimes	get abused children sad to get away with the crime mean to be safe to be a good person to be a judge happy to make sure they do not get into trouble	Right
As Deficit Skyrockets Author of GOP Tax Cuts Admits Bill May Not Pay Off	gets money happy to get a good deal much gets fired to be a good reader of literature to be a publisher happy to get a new job	Left
Lawmakers Introduce a Bipartisan Bill to Fix the IRS	people lose money happy to get paid smart gets paid money to make money to have a problem with the irs satisfied to make sure the money is paid	Lean Right
Violent Democrat Politician-Activist Pleads Guilty to Assault Attack on Rep. Matt Gaetz — FACES UP TO ONE YEAR IN PRISON	none none none none none none none none none	Right
Oxford and Cambridge are the best cities to find a job with average salaries of more than £35000	none none none none none none none none none	Lean Right
Sausage King and Queen Take Stock	they get paid happy to be entertained rich gains experience to be rich to be in charge happy to be successful	Center
‘Her ambition got it wrong about Joe’: Harris faces debate backlash	gets into trouble angry to get away from personx stupid gets yelled at to be right to have a bad experience disappointed to get away with something	Center
Rhetoric From The Squad Promotes Left Wing Terror	people are killed scared to protest brave gets arrested to be a leader to have a good reason to do so proud to get a raise	Right
Victory Does Not Depend on Swing Voters	vote for personx happy to support him unintelligent gets called a racist to be independent to have a lot of experience in politics happy to make a difference	Lean Left
Julia Louis-Dreyfus Reacts to That Marianne Williamson Debate Moment	gets into argument annoyed to argue smart gets yelled at to be heard to be in the presence of people who disagree satisfied to be right	Center
22nd Democrat Presidential Candidate Announces Explains Why He's Got Best Shot; Some Dems Not Happy About It	none none none none none none none none none	Right
173 Republicans vote against Equality Act banning LGBTQ discrimination	people are discriminated against happy to protest racist gets a raise to be fair to be a politician happy to be a racist	Lean Left
Herman Cain Blackmailed With Political Revenge Porn By Gloria Allred Client	gets cheated angry to get rid of personx immoral gets arrested to be a good friend to have a reason to do it satisfied to get a new client	Right
She Was Terminally Ill. Her Husband Held the Gun to Her Head Police Say	gets arrested scared to get the gun back violent gets arrested to be a threat to have the gun scared to kill the husband	Center
New mother who Jeremy Kyle tried to cheer up with biscuits vanished with baby and partner	they cry happy to thank personx mean to be brave to be with his mother to be pregnant sad to get a new job	Lean Right
Death Toll From New Zealand Mosque Shooting Rises To 51	people are shot happy to go home religious gets shot to be a hero to have a mosque happy to get a new mosque	Left
Fox News Anchor Julie Banderas Thinks It’s Illegal to Burn the American Flag	people are burned by fire angry to protest racist gets burned to be a bad citizen to be a journalist justified to keep people safe	Left
YouTube responds to Vox writer's campaign to 'punish' Steven Crowder and he is not happy about it	none none none none none none none none none	Right
Rachel Riley is pregnant! Countdown star expecting her first child with Pasha Kovalev	they have a baby excited to have fun with personx pregnant gets a lot of attention to be a parent to have sex excited to give birth	Lean Right
Remember the South: Devastating Cyclone Idai Another Example of Global South Paying for Polluters	people lose money angry to be grateful rich the south paying for the cost to be rich to be a representative happy to make sure the people are safe	Lean Left
Some drug groups are still pushing triple-digit price rises	people are getting into trouble angry to get a raise greedy gets arrested to increase his wealth to have a reason to be a drug dealer guilty to get more money	Center
EPA Refuses to Ban Dangerous Pesticide Chlorpyrifos Linked to Brain Damage in Children	none none none none none none none none none	Lean Left
AOC hit with brutal backlash for using Holocaust to defend Rep. Ilhan Omar bash President Trump	people died none to defend aggressive none none to be a racist none to win the case	Right
Saudi Arabia is Losing the War in Yemen	they are defeated sad to win the war defeated gets killed in war to be a hero to have a war defeated to win the war	Right
Cops: NYPD Officer Ordered Hit on Estranged Husband Boyfriend’s Kid	gets hurt angry to cry mean gets beat up to get a bad reputation to be a cop angry to get away with it	Left
The US Has Some of the Worst Gun Violence in the World. Amnesty International Wants the Government to Give Reparations to Victims.	none none none none none none none none none	Left
AG Barr not legally required to release full Mueller report Alan Dershowitz tells Sean Hannity	none none none none none none none none none	Right
Gay man who ‘came of age’ in the '70s says that today’s gender fluidity and orientation confuses — and enrages — even him	none none none none none none none none none	Right
NTSB joining Ethiopian Airlines crash investigation	people are injured angry to get a plane ticket curious gets a ticket to get away to get on the plane nervous to get a new job	Center
Pete Buttigieg Trivializes the Impact of Trade on US Job Losses	lose money upset to thank personx mean gets fired to be a jerk to be a businessman satisfied to make sure the company does not lose money	Left
The 5 Best Songs of the Week to Listen to Now	they smile happy to listen to personx musical gets tired to be entertained to be a singer happy to sing	Center
Air-conditioners do great good but at a high environmental cost	they do well too happy to thank personx smart gets a raise to be better to have a good attitude good to be successful	Center
Document of the Week: When Sweden Wanted Nukes	they are grateful happy to get the work done determined gets paid to have a good time to be in the wrong place at the wrong time happy to make sure the work is done well	Lean Right
El Salvador rape victim jailed for murder after stillbirth faces retrial	gets raped sad to escape criminal gets arrested to be free to have killed someone sad to get out of jail	Lean Left
Mexican Cartels Fight for Control of Border State Prison	people lose their homes angry to win the war aggressive gets arrested to be in control to be a criminal powerful to get out	Right
YG Shooting: Rapper's bulletproof Escalade is tied to wild gun battle police pursuit and Compton killing	none none none none none none none none none	Lean Left
Insane video shows Viking Sky cruise ship thrown into chaos at sea	people get hurt angry to have a good night brave gets seasick to have fun to have a video camera happy to be entertained	Lean Right
Sunday Reading: The Women Reshaping Professional Sports	they get promoted happy to encourage him intelligent is applauded to be a better person to read satisfied to be a success	Lean Left
Port Allen murder suspect suffocated his mother by shoving rag down her throat authorities say	gets hurt sad to get away with murder mean gets arrested for murder to kill someone to have a weapon guilty to get away with murder	Left
US officials express optimism negotiations with Iran possible	they are convinced annoyed to argue with personx smart gets rejected to be a good citizen to have a reason justified to get an answer	Lean Right
West Baton Rouge residents explore celebrate their Acadian heritage	people are asked questions annoyed to get a drink adventurous gets called a racist to be a good citizen to have a lot of money happy to make a speech	Left
Harris unveils plan to revamp infrastructure ensure access to clean water	people are safer grateful to thank person x responsible gets dirty to be helpful to have the resources happy to keep people safe	Lean Right
Kevin Spacey questioned by London police over UK sex assault claims	gets arrested angry to make sure they are ok angry gets arrested to be in control to be arrested angry to get away from the scene	Lean Left
Trump’s bid to wipe out AIDS will take more than a pill	they are grateful to him sad to thank personx sick gets sick to be healthy to have a disease sad to be successful	Center
Baroness Trumpington leaves staff £500 in her will to throw a 'jolly good party'	people get drunk happy to thank personx for the party generous gets yelled at to have fun to have a party happy to celebrate	Lean Right
Lizzo spreads the gospel of self-love with powerhouse vocals at sold-out D.C. show	none none none none none none none none none	Lean Left
House Majority Leader Steny Hoyer Is Facing a Primary Challenge	they are defeated nervous to win the challenge dominant gets yelled at to be a leader to be in charge powerful to win	Left
High street giant Boots to ban plastic bags and replace them with brown paper carriers	people are not able to see annoyed to get away with the same thing careless gets dirty to be fashionable to buy plastic bags happy to buy a new pair	Lean Right
Trump administration misses census printing deadline after Supreme Court citizenship question ruling	none sad to protest the policy careless gets fired from job to be correct to have a budget for censored censored censored censored bad to get the job done	Right
S. Korea proposes UN probe over Japanese sanctions claims	they get a new job angry to protest smart gets a promotion to be a good leader to be a politician happy to get an apology	Center
Girlfriend of man accused of luring girl into abandoned home says he is caring	gets hurt sad to get away from him caring gets kissed to be a matchmaker to have a bad experience guilty to get her out of trouble	Lean Right
Lindsey Graham goes completely off the rails	gets into argument annoyed to give personx a ride reckless gets hurt to be reckless to be a risk taker relieved to be successful	Left
Boris Johnson Brussels and the battle for Brexit	they are defeated defeated to win the war brave gets shot to win to have a gun satisfied to win the battle	Center
North Korea Tests A ‘New-Type Tactical Guided Weapon’ State-Run Media Claims	they learn about the new policy happy to get the information correct aggressive gets a new job to be a good leader to have the information happy to make a report	Right
Dayton shooter Connor Betts fired at least 41 rounds in 30 seconds: cops	cain sad to fire back fast police to shoot to fire at them good to shoot again	Lean Right
New IRA Apologizes For Journalist’s Murder	people are hurt angry to forgive personx guilty gets yelled at to make people feel bad to have a reason to do it guilty to get a new job	Right
The Nobel committee shines a spotlight on rape in conflict	gets hurt angry to get away from him brave gets accused of racism to be a hero to have a gun satisfied to make people angry	Center
Democrat Super PAC Targets Lindsey Graham in Troll Campaign	to be honest annoyed to win aggressive gets a promotion to be successful to be a politician happy to get rid of them	Lean Left
CBS host hammers Lindsey Graham to his face for saying Trump didn’t do ‘one thing’ to obstruct Mueller: ‘Someone is lying’	none none none none none none none none none	Left
Car Insurance Quotes Online Will Help Drivers Find Affordable Coverage	they get a good deal grateful to thank personx smart gets a good deal to help others to have the money happy to make a report	Center
Former Students Recall Jeffrey Epstein Paid Particular Attention to Teenage Girls	gets scolded annoyed to tell their parents attentive gets scolded to be a good student to be in school happy to be a teacher	Left
Sean Hannity melts down over report that Russian state-run media uses his segments	people are affected by the incident angry to get their report mean personx is criticized to be accurate to have a lot of information satisfied to make a report	Lean Left
Until Recently I’d Never Seen Another Black Hunter Depicted in Pop Culture. When I Finally Did It Hit Very Close to Home.	none none none none none none none none none	Left
Trump admin rejecting requests from U.S. embassies to fly pride flag: report	people lose money annoyed to get a new job rude gets yelled at to be a good citizen to be a representative of the government sad to make a report	Lean Right
Iranian Jewish Leaders Slam Trump Peace Plan as Tool of ‘Zionists’	people lose money angry to protest aggressive gets arrested to be in charge of the situation to have a reason to do it angry to be a success	Right
TSA finds missile launcher in passenger’s checked bag	gets hurt surprised to get away observant gets a receipt for the item to be safe to look for the terrorists happy to get rid of them	Lean Right
What we know about Gilroy Garlic Festival shooting suspect Santino William Legan	people are shot happy to get out of jail curious gets arrested to be a police officer to have seen the shooting happy to find the truth	Lean Left
Trump says Pentagon’s $10 billion cloud contract should be investigated. Again.	they get a new client annoyed to ask questions intelligent gets fired to prove his theory to have the information satisfied to be correct	Lean Left
Senate Republicans smear Mark Kelly and Doug Jones with false billboards	people are fooled annoyed to get away from personx mean gets caught to make them look dumb to be a racist smug to make people think they are better than them	Lean Left
Trump Official Who Compared CO2 To Jews Led His Own ‘CO2 Anti-Defamation League’	none none none none none none none none none	Lean Left
Bill Maher Defends Joe Biden’s Creepy Touching: ‘He’s Not Harvey Weinstein or R. Kelly’	none none none none none none none none none	Left
Rafters accidentally plunge over waterfall in Pennsylvania	people are shocked scared to get a ride home clumsy gets hurt to be a fool to be on a slide embarrassed to get back up and start again	Center
MS-13 gang's bloody reign of terror in San Fernando Valley leaves residents horrified	people are frightened scared to run away violent screams to be safe to be a racist scared to get away	Lean Left
Man Freaks Out in Bagel Shop Because Women on Dating Sites Don’t Like Short Guys	gets a bad reputation annoyed to avoid personx weird gets yelled at to be a loner to be in a relationship nervous to avoid them	Lean Left
Mars: Curiosity Detects Unusually High Methane Levels	people are affected by the same things curious to observe the levels curious gets a bad grade to know the answer to have a microscope curious to find more	Right
Obamacare Enrollment Edges Lower to 11.4 Million	people are more informed happy to get a good grade ambitious gets stressed to be a good student to be in school happy to be a good student	Lean Right
For Asian Americans coming out in 2019 can still present unique challenges	people are more tolerant impressed to get away with it unique gets rejected to be unique to have been given a passport by the japanese proud to be a better example	Center
White House orders former personnel security director to disobey congressional subpoena	people lose respect for personx annoyed to get their money back authoritative gets fired to be in charge to have a meeting powerful to fire them	Right
George Kelling Father of 'Broken Windows' Policing Dies	gets dirty sad to thank personx helpful gets yelled at to be a good citizen to get a broom sad to clean up the mess	Lean Right
Joe Biden Bets on Being the Anti-Trump Candidate	loses money disappointed to win the game confident wins to win to have a reason to do it happy to win the game	Lean Left
Egypt’s Ousted President Mohammed Morsi Dies After Courtroom Collapse	people lose respect for personx sad to protest aggressive gets arrested to be dead to have been arrested sad to win the election	Right
Letters: Families of murder victims need sustained support	people are injured sad to help others compassionate gets arrested to be safe to be a police officer sad to get help	Left
Worst of Southern California heat wave and smog hit Saturday	people are affected by the heat wave annoyed to get a drink lazy gets sick of restaurants to have fun to go to the beach tired to go to the movies	Lean Left
$1.25 TRILLION: Sen. Elizabeth Warren Proposes Using Taxpayer Money To Pay Student Debt	students lose money angry to thank personx for his service irresponsible gets a receipt to get a good deal to have a budget happy  to make a good impression	Right
Trump Offers Clumsy Olive Branch to North Korea	gets into trouble grateful to thank personx generous gets a tip to be generous to be a foreigner generous to make a deal	Lean Right
AbbVie to acquire Botox maker Allergan for $63bn	they get sick happy to get paid healthy gets compliments to be healthy to get a mask made happy to get a good look at their face	Center
Trump Wins!: The President the Mueller Report and Our New Political Normal	people vote for person x happy to congratulate personx smart gets praised by others to be successful to have a good reputation happy to be a success	Lean Left
Water Is Life: Midwestern Floods Threaten Indigenous Communities at Forefront of Climate Crisis	people are endangered cautious to avoid the flood aggressive is feared to be safe to have a lot of money nervous to be a success	Lean Left
Whitewashing History: America’s Racist Legacy From Slavery to the War on Immigrants	people get dirty disgusted to get rid of him racist gets arrested to make people angry to have been born in the wrong culture happy to make a difference	Left
The shameful truth: America only put a man on the moon with the help of Nazi monsters	people are saved sad to get away with it racist is hated to be a racist to be a communist ashamed to make a difference	Lean Right
Real Madrid is 'most valuable club in Europe' according to report	they get a good deal happy to thank personx rich gets a receipt to be a good citizen to have a lot of experience in the subject happy to be respected	Lean Left
Israel lurches toward unprecedented political crisis Netanyahu faces possible 2nd election	people lose their jobs people are affected by the situation to win the election irresponsible gets stressed to win to be in charge of the situation nervous to win the election	Center
Vatican Women Magazine’s Founder And Editorial Board Quit Claim Vatican Tried To Discredit Them	they are shunned angry to get away from the press racist gets called racist to be right to be in a bad position justified to be correct	Right
Human Smugglers Throw Two Disabled Migrants into Border River Say Feds	people are killed annoyed to get away mean gets arrested to be a rat to be a cop guilty to get rid of the rats	Right
Pope Condemns Sri Lanka Easter Attacks as 'Such Cruel Violence'	people are killed angry to protest racist gets arrested to be right to have heard about it justified to repent for what they did	Left
Confirmed: Study Finds 92% of Left-Wing Loser Activists Live at Home with Mommy and Daddy	none none none none none none none none none	Right
Cricket World Cup: reserve day row after yet another washout	they are grateful to him happy to have fun lazy is tired to be generous to have a drink happy to be a good host	Lean Left
Dirty Cop Rod Rosenstein Spotted at Capitals Game Laughing After He Destroyed Lives of Trump Officials With Russia Collusion Witch Hunt	none none none none none none none none none	Right
Donald Trump’s ‘party of health care’ has spent a decade failing to repeal and replace Obamacare	none none none none none none none none none	Lean Left
Chelsea Manning Warns That Trump Will Go After Journalists With Indictments and Charges	people are in danger annoyed to get their money confident to be correct to be right to be a journalist justified to get people's attention	Lean Left
Sudan and Algeria overthrow despots but not their political systems	people are enslaved angry to protest corrupt gets caught to be a good citizen to have the right people to be in charge happy to win	Center
Asylum Seekers Struggle to Navigate Trump’s Broken Border Policy	people lose respect for personx annoyed to get rid of him unintelligent gets caught to be a better person to be in a bad situation frustrated to get a new job	Lean Left
HUGE! Rep. Ratcliffe: DOJ Letter Says US Attorney Durham is Investigating False Statements FISA Abuse Leaks – Also UK and Aussie Intel Under Review	none none none none none none none none none	Right
Myanmar Frees Pulitzer-Winning Reuters Journalists After More Than 500 Days	people are exposed angry to be successful successful 000 years to be a success to have a lot of people happy more than 100 % of their customers	Right
John Solomon: Top Prosecutor Has Proof Ukraine Colluded with Hillary Campaign in 2016 Election	none none none none none none none none none	Right
Long Beach woman killed when stray bullet enters her home	gets killed sad to cry violent gets killed to be alone to be in the right place sad to get a gun	Lean Left
Turns Out Leonardo DiCaprio Is a Very Skilled Crasher	they learn from him impressed to listen to personx skilled gets a promotion to be successful to be a chef smart to be successful	Center
Winter sports face a double threat from climate and demographic change	they get a better job cautious to avoid him dangerous gets a tan to be a risk taker to be a risk taker nervous to be a success	Center
Weekend heat wave to leave L.A. valleys and mountains sweltering	people are hot annoyed to enjoy the heat wave hot gets burned to be alone to have gone camping tired to get out of the heat	Lean Left
Appeals over Russia holiday camp deaths	people die sad to get revenge brave gets killed to have fun to pack their stuff sad to go home	Center
British Army soldier reprimanded after going on a killing spree during virtual battlefield exercise	people are killed sad to get revenge violent gets killed to kill to have killed people sad to get a medal	Lean Right
Violence continues as Israel and Hamas exchange fire over two days of fighting	people are killed angry to get away from the situation aggressive gets killed to be patriotic to be a politician satisfied to win the war	Lean Left
Pence Dodges Questions About Poor Conditions At Child Migrant Centers	people are asked questions annoyed to ask questions smart gets scolded to be helpful to be in a good situation relieved to make sure the children are ok	Lean Left
Ben Has Somehow Never Seen an Episode of Game of Thrones. Amanda Exposes His Hilarious Stupidity.	gets punched annoyed to be left alone dumb gets yelled at to be a good actor to be watching tv all the time embarrassed to be the center of attention	Left
Retail Giant PetSmart Names PETA in Spying Lawsuit	gets caught angry to win the case mean gets caught by police to get even to be in a position of power satisfied to win	Right
Sanders and Omar’s Plan Would Wipe Out Every Outstanding Student Loan	gets stressed sad to get their money back greedy gets arrested to make money to have a reason satisfied to make sure the students get a good deal	Left
President Trump scraps latest sanctions against North Korea because he 'likes' Kim Jong Un	people get hurt angry to protest racist gets yelled at to be a racist to have a bad reputation happy to get away with it	Right
Justin Amash's Principled Stand Against Trump Will Not Make Him Popular in the GOP	none none none none none none none none	Lean Right
NPR Poll: Americans Angrier Now Than Past Generation	people get angry annoyed to be left alone arrogant get angry to be a leader to be in a bad situation angry to be successful	Left
Introducing the Anxiety Hour: a Mental Health Podcast from VICE	people are stressed worried to give personx a prescription stressed gets stressed to be safe to be stressed nervous to relax	Lean Left
2019 is shaping up to be a very bad year for measles	they are worried sad to get a new job bad gets sick to be a bad year to have a bad year sad to get better	Lean Left
Trump gets $2.9 million payday earlier this month from mysterious real estate buyer	they have to wait for their money happy to sell the money lucky gets a receipt to make money to make a deal happy to get a good deal	Right
Fact Check: Sen. Kamala Harris Falsely Claims 2700 Migrant Children Are Detained for Crimes	people are accused of being racist angry to get out of the situation irresponsible gets scolded to be a liar to be a racist guilty to get out their cameras	Lean Left
Mollie Hemingway has the ‘good news for Ralph Northam’ after his ‘absurd statement’ about investigation of old yearbook	none none none none none none none none none	Right
The Inside Story of the $6 Million ‘Devil’s Violin’ Heist	people get into trouble impressed to listen talented gets praised to make people believe the story to have the knowledge of the event happy to make people believe them	Left
Arsonist gang firebombs 39 cars in a single night over 30-mile stretch of Worcestershire	none none none none none none none none none	Lean Right
Bill de Blasio Is the Worst 2020 Candidate on Property Rights	people lose money angry to vote for person x incompetent gets ridiculed to be a winner to have a lot of money happy to win the election	Lean Right
Ukraine election: Comedian Volodymyr Zelensky wins	none happy to celebrate the win of the election funny gets a raise to be funny to have the right people to vote happy to celebrate	Center
1 Million Animal And Plant Species Are At Risk Of Extinction U.N. Report Says	people are affected sad to avoid the disease responsible to be safe to preserve the environment to be in a zoo sad to keep animals safe	Center
Deputy charged with assaulting his 73-year-old mother has faced prior allegations of violence records show	none none none none none none none none none	Lean Left
Game of Thrones leaned hard into fan service—and it totally worked	they lose their money happy to be competitive ambitious gets a raise to be successful to be a fan happy to be successful	Center
DeJaun Davis-Correia & Ben Jealous on Billionaire's Pledge to Pay Debt of Morehouse Graduating Class	none none none none none none none none none	Lean Left
New Zealand Prime Minister Does ‘Not Understand’ Why US Doesn’t Tighten Gun Laws	people lose respect for personx annoyed to get a new president ignorant gets stressed to be a good citizen to be a racist annoyed to get a new policy	Right
Feds Charge Greg Craig Former Obama Lawyer Tied to Manafort Ukraine Report	people who are affected people to get rid of him aggressive gets arrested to be correct to be in charge angry to make sure they are safe	Left
AI Can Thrive in Open Societies	people are safer happy to support him brave gets attacked by people who do not like them to be free to have a sense of humor happy to get out of danger	Lean Right
A Former Prosecutor Explains How Jussie Smollett Could Still Be Charged	gets into trouble angry to hear personx's case smart gets questioned to prove to have a reason justified to get a lawyer	Lean Left
Senate Dems Demand JCN Disclose Donors Ignore Own Dark Money	people are cheated angry to get their money back greedy gets yelled at to save money to be a good citizen satisfied to be a good leader	Right
Washington Montana Vermont top new list for most UFO sightings	people get sick happy to go to the movies curious gets called a racist to be entertained to go to a convention happy to be a famous scientist	Right
Russia denies South Korean claims of warning shots from jets	people are hurt angry to fire at personx defensive gets arrested to be a good soldier to have received a warning from the government justified to make sure the information is true	Lean Left
Rep. Will Hurd has 'real simple' advice for GOP colleagues: 'Don't be an a**hole. Don't be a racist'	none none none none none none none none none	Right
Anti-Racist Historian: Attacks on Rep. Omar Rooted in Belief America Is for White People	people are racist angry to protest racist is racist to be racist to be racist justified in racist to make people believe the racist	Lean Left
LSU gymnastics team perseveres to claim regional title punches ticket to NCAA championships	none none none none none none none none none	Left
San Francisco Man Gored In Neck At Pamplona's Running Of The Bulls	gets sweaty happy to get a drink brave gets sweaty to be in charge to be in the right place happy to be a success	Left
Harvard Study Finds Trigger Warnings Do More Harm Than Good	they are safe scared to get away dangerous gets arrested to be safe to be aware scared to be correct	Right
FLASHBACK: Tucker Carlson told Michael Avenatti to his face that he was exploiting Stormy Daniels	gets hurt angry none mean none none to have a reason to tell none to be a bully	Right
Escalating US-China trade war sends stocks plunging	people lose money angry to win aggressive gets arrested to be in charge to have the money powerful to win the war	Lean Right
‘Trump supporters for Ocasio-Cortez’: AOC tells the bizarre story of her most surprising fans	none none none none none none none none none	Left
The 8 best no-fee credit cards to open in 2019	they get into debt disappointed to get a discount untrustworthy gets a receipt to be a good salesman to have a bad credit card happy to get a new job	Center
State police are tracking runaway Oregon Republicans who refuse to vote on climate bill	people are arrested annoyed to protest racist gets arrested to be a racist to have a licence like they are doing their job to enforce the laws	Lean Left
Avengers: Endgame’s astonishing box office soars past $2 billion	lose sad to win the game greedy gets a raise to win to have a monopoly happy to be successful	Lean Left
Conservatives Pushed a Strategy to Weaken Home Health Care Unions. The Trump Administration Bit.	people lose their health sad to protest smart gets a raise to win to be a racist good to win the election	Left
Democrats Freak Out Over AG Barr’s Obama ‘Spying’ Comments	people lose their jobs annoyed to get rid of him racist gets ridiculed to be a better person to be in the presence bad to get away from the situation	Right
Djokovic happy to carry on cruising	they have fun happy to have fun adventurous gets a lot of money to be a good sport to be in the car driving happy to be a good leader	Right
Poll: Democrats Increasingly Think DOJ Meddled in Mueller Probe	they get a bad grade annoyed to win the election smart gets ridiculed to be a good leader to have a debate satisfied to get their point across	Lean Right
Budget Deal Moving Ahead Despite Outrage on the Right	people are affected by the change annoyed to get their money willful gets a raise to be a good citizen to have a plan powerful to be successful	Lean Right
A jury said Katy Perry’s Dark Horse copied another song. The $2.8 million verdict is alarming.	loses money angry to get their point across mean to be honest to be right to have a witness to the crime satisfied to win the case	Lean Left
The architect of many of Trump’s pro-coal plans is leaving the EPA	they get paid impressed to get paid ambitious gets paid to go to the moon to have a plan satisfied to get a job	Lean Left
Woodstock 50 Promoter Claims Former Funders Drained $17 Million From Festival	people are cheated happy to thank personx influential gets a good deal to be successful to be a promosperson happy to make money	Center
Theresa May offers academic Roger Scruton his old job back after false allegations	gets fired grateful to accept the job generous gets fired to be a better employee to be a student of the company relieved to give the job back	Lean Right
Jacinda Ardern’s ‘no notoriety’ response to New Zealand mosque shootings has paid off	people get hurt sad to get a better job smart is praised to be a good citizen to be a racist happy to be a good speaker	Lean Left
‘I’ve been through some painful experiences’ – Sheryl Crow on #MeToo and Michael Jackson	gets stressed sad to cry emotional gets stressed to be sad to be in the wrong place at the right time sad to be better	Lean Left
Taylor Swift Was Indisputably the Life of the Party at the TIME 100 Gala	people are entertained happy to thank personx for their hard work proud is congratulated to be a part of the party to be a party member happy to celebrate	Center
Rachel Roddy's recipe for salmoriglio – aka Sicilian lemon sauce | A Kitchen in Rome	gets a dirty look from the restaurant annoyed to eat skilled gets dirty to eat something sweet to have the recipe satisfied to cook	Lean Left
India and Sri Lanka’s violent fight over fish	people are hurt angry to get away from personx violent gets hurt to be mean to get angry angry to get away with it	Lean Left
Donald Trump Announces Effort to Improve Private Expansion of 5G: 'America Must Win'	they are encouraged to keep trying to improve their own business happy to thank personx ambitious to be successful to be a success to have the right equipment happy to make a difference in the company	Lean Left
Christchurch shootings: The New Zealanders rallying to help victims	people are saved grateful to repent religious gets arrested to help the poor to have a gun happy to help the poor	Center
MSNBC’s Ruhle: GOP Opposes Harris Because She’s ‘Too Black’	gets yelled at annoyed to get away mean none to be a jerk to have a bad attitude satisfied to get away	Right
Trump's post-Mueller victory lap clouded by chaos	loses respect angry to get revenge careless gets into trouble to be a failure to have a lot of fun sad to make things better	Lean Left
If Classrooms Are Free of Politics the Right Wing Will Grow	people get elected happy to get a better job influential get a lot of money to be a better citizen to be a politician happy to gain influence	Left
'We're Not Being Paranoid': U.S. Warns Of Spy Dangers Of Chinese-Made Drones	they are protected cautious to keepx safe paranoid is paranoid to be safe to be cautious of spies paranoid to be safe	Center
Senators and State Department at Each Other’s Throats	gets into a fight offended to listen arrogant gets into trouble to be heard to be in charge powerful to make people listen	Left
Bernie Sanders Puts Climate Change Doomsday Clock at 12 Years During Rally in Alabama	people get nervous annoyed to get a new job careless gets called a racist racist to be a leader to have a reason to do it satisfied to make sure it's done	Lean Left
Free tickets to see Rams and Chargers practice at SoCal training camps	they get a ticket happy to win the race curious gets sweaty to win the game to buy tickets happy to win the race	Lean Left
The deal that curtails Iran’s nuclear ambitions seems doomed	people lose their homes angry to get away with it powerful gets a raise to be successful to be a politician sad to be successful	Center
Watch Blue Checkmarks Shower Twitter Love On Anti-Semite Louis Farrakhan	people are watched annoyed to get away from personx mean gets scolded to be a bad influence to have a reason happy to get rid of the bugs	Right
In Pakistan Woman Says Husband Beat Her And Shaved Her Head For Refusing To Dance	bleeds hurt to get away mean gets punched to be a macho macho man to be in a relationship ashamed to get a massage	Center
[non-NRSRO] SoftBank Corp. A mobile telephone terminal Credit Trust Series 2019-3 -- Moody’s assigns definitive rating to SB’s handset receivables ABS (Japanese)	none none none none none none none none none	Center
CannTrust downgraded to underperform from buy at BofA Merrill Lynch	they get a raise happy to get a raise unskilled gets a promotion to make a change to have a good job happy to get a raise	Center
What HBO’s Chernobyl Got Right and What It Got Terribly Wrong	gets hurt sad to thank him bad gets yelled at to be right to have been wronged sad to make things right	Lean Left
Problematic Women: Free College for Everyone!	they get a job grateful to go to college generous gets a job to be a good citizen to apply for college happy to be a good citizen	Lean Left
WATCH - Bernie Sanders Would Move U.S. Embassy Out of Jerusalem	people get killed annoyed to get rid of personx aggressive gets arrested to get rid of something to be a politician good to be a leader	Lean Left
66 minutes: The frantic race to save Notre Dame	loses race surprised  to win the race fast gets stressed to be first to be in the race relieved to win	Center
Kudlow on Dem candidates: ‘I don’t understand what planet they’re describing’	gets confused confused to ask questions dumb gets confused to understand to be asked to clarify something confused to understand	Center
'Her ancestors enslaved mine. Now we're friends'	they get killed happy to be friends with personx brave gets killed to be a good friend to have a reason to do so happy to get a new job	Center
Candace Owens Gives Devastating Opening Testimony At Congressional Hearing	people are shocked shocked to hear more information untrustworthy gets yelled at to be heard to be in public relieved to tell everyone what happened	Right
Separate militant attacks kill nearly 50 Syrian soldiers	lose their country sad to get away aggressive gets arrested to be a better army to be in charge happy to kill more people	Center
Easter Sunday bombings blast the peace in Sri Lanka killing more than 200 at churches and hotels	none none none none none none none none none	Center
U.N. Special Rapporteur Calls for Julian Assange to Be Freed Citing Psychological Torture	people are hurt sad to be freed a failure none to be free to have been kidnapped relieved to be free	Lean Left
Trump Pardoned Someone for Fraud and Obstruction of Justice and It Wasn’t Himself	is arrested angry to get their money back guilty personx was arrested to protect someone to be caught guilty he was just a bad guy	Left
Japanese Workers Are Very Upset About Their Upcoming 10-Day Holiday	they are sad sad to help personx upset they get stressed to be alone to have a job upset to go to the airport	Lean Left
Gillibrand: It Should Not Have Been 'So Hard' for Biden to Apologize -- We Need a Candidate With 'Humility'	none none none none none none none none none	Right
People Are Really Flipping for the Playground Girl Flipping Meme Routine	gets nervous happy to be left alone careless gets teased by others to be the best to be a good girl happy to be a good kid	Center
Prostitution Should Stay Illegal Because Consent Is A Garbage Minimum Standard For Goodness	people are forced to do illegal things annoyed to be safe unintelligent gets caught to stay out of trouble to be a criminal bad to be successful	Right
Jeweller sells £4250 Meghan Markle nappy-cream lid	people are cheated happy to thank him greedy gets money to make money to have the money happy to make money	Lean Left
Athletes With High Testosterone Can Be Barred From Women’s Sports	they get a better job annoyed to get away from him dominant gets arrested to be a good athlete to have a lot of testosterone powerful to get a better job	Right
The new crucial role the California primary could have in 2020 explained	they learn from it grateful to listen to personx smart is applauded to be correct to be a role model happy to make sure it worked	Lean Left
Natural History Museum Won't Host Event Honoring Brazil President Jair Bolsonaro	people are upset sad to get rid of him unintelligent is ignored to be a failure to be in charge sad to be a success	Left
Democrats Have Created an Electability Monster	vote happy to vote racist gets demoted to be a better person to have a vote happy to vote for their candidate	Lean Left
Rare-Earths Mining Shows Exactly How China Cheats The United States Through ‘Free Trade’	people are cheated cheated to get their money back smart gets paid to be a fraud to have the right equipment satisfied to win the war	Right
Brickbat: It's a Gas Gas Gas	gets gas in their car happy to drive the car capable gets dirty to be safe to buy a car happy to drive	Lean Right
Earthquakes shook California this week. More could come but predicting them isn’t easy.	they get a new job worried to avoid the event careless to be correct to be right to be a risk taker sad to be a good leader	Lean Left
Harriet Wran 30 pleads guilty to drug possession and having stolen goods in her car	gets caught angry to punish personx guilty gets caught to get away with a crime to have stolen guilty to be free	Lean Right
Trump’s latest threat risks prolonging trade war	people lose money cautious to avoid him brave gets promoted to avoid danger to have the resources to do it happy to keep the peace	Center
Florida man donned werewolf mask to burn shoot torture baby girl in bassinet	screams scared to escape mean gets burned to kill someone to have a mask happy to kill someone	Right
Jon Miller: Mueller findings derail 2020 Democrats' campaign schemes	none none to win the race smart gets arrested to get a good job to be a leader in the government happy to make people understand	Right
Director Ava DuVernay: Trump contributed to 'environment' around 1994 crime bill	the people of the time angry to thank personx criminal gets arrested to be a good example to be in the wrong position happy to be a hero	Lean Right
Carlos Ghosn on Twitter: Ready to ‘tell the truth’ about events	people are shocked surprised to ask questions honest gets caught to be honest to be in a bad mood relieved to tell the truth	Right
Moscow just made it easier for Ukrainians to become Russian	they are able to get better grateful to thank personx helpful is thanked to be a better person to have the ability to do it happy to make a profit	Center
Facebook’s False Standards for Not Removing a Fake Nancy Pelosi	they are disappointed disappointed to get rid of him dishonest gets caught to be a good liar to be a fraud guilty to get away with it	Lean Left
Tech Is No Match for Human Grossness	gets offended disgusted to get away from personx unintelligent gets rejected to be attractive to have a lot of experience with grossness embarrassed to get away from them	Lean Left
Holy hypocrisy Batman! Alyssa Milano defends ‘super-affectionate’ Joe Biden confesses to some problematic behavior of her own	none none none none none none none none none	Right
New proposed immigration policy could deport thousands without due process	people are forced into a different state happy to protest determined gets stressed to be a good citizen to have the paperwork happy to get the paperwork	Lean Left
Students want to act on climate change but some school boards say it’s ‘too political’	people are affected happy to get a vote political they get rejected to change to have an opinion nervous to change	Lean Left
Meghan McCain rips co-host for spreading Julian Assange ‘propaganda’ on ‘The View’: ‘I hope he rots in hell!’	none none none none none none none none none	Right
Mexican Official: No Plans to Stop Migrant Caravans	people get lost annoyed to get to the border safely determined gets dirty to get a better deal to have a reason to stop satisfied to get a job	Left
British Members of Parliament Do All Their Sneaky Plotting on WhatsApp	they get caught annoyed to win sneaky gets caught to get ahead of the game to have the ability to do so smug to get away with it	Lean Right
These Indians battle tigers every day. But it’s politics they fear now	they get killed happy to be safe racist they are sweating to be a racist to be a racist good to win the war	Center
Personalized gene-edited immune cell therapy for patients with solid cancers: New data establishes approach for verifying patient-specific cancer mutation targets	none none none none none none none none none	Center
McDonald's suspends milkshake sales to prevent weaponization by anti-Farage activists	none none none none none none none none none	Lean Right
Dow books fourth straight weekly slide -- longest weekly skid since 2016	people get sick of it disappointed to teach them a lesson studious gets a bad grade to be accurate to be a student happy to be successful	Center
O’Rourke feels 'really good' about 2020 campaign	they get a raise happy to support personx proud of their candidate gets a raise to be a success to be in a good mood happy to celebrate	Center
Fiverr's stock extends gains after debut is now trading 36% above its $21 IPO price	none none none none none none none none none	Center
Poll: Dem Support For John Bel Edwards Plummets After He Signs Abortion Bill	people get sick grateful to thank him responsible gets arrested to be a good citizen to have read the bible happy to be a good citizen	Right
Ghanaian teacher: 'Dancing makes students relate to me'	learns a lot happy to learn helpful gets thanked to be helpful to teach happy to teach them	Center
All 67 miles of Backbone Trail are open 8 months after Woolsey fire	people are dead scared to be safe brave gets into trouble to be in the know to be in the wrong place at the wrong time scared to be a success	Lean Left
Nicolas Maduro orders plan to ration electricity in Venezuela	people are enslaved annoyed to listen to personx smart gets paid to be in charge to be in charge of the company satisfied to make sure the company does not get in trouble	Lean Right
Five reasons why 2020’s down-ballot races could reshape America’s future	people lose their jobs happy to vote for the right people intelligent gets a raise to change to have a lot of money happy to get a better deal	Left
Nike fiscal Q3 rev. $9.6 billion in line with expectations	people lose money happy to thank personx ambitious gets a raise to be successful to be a scientist satisfied to be successful	Center
Live Updates: Firefights In Venezuelan Capital As Military Uprising Ensues	people lose their homes angry to get out aggressive gets arrested to get away from the scene to have a reason to do it happy to get rid of the bad guys	Right
Obama honors 'American statesman' Richard Lugar	people get arrested people who are patriotic to get their money back racist gets a medal to be a racist to have a good sense of politics proud to make a difference	Lean Right
'Forgotten coast': a Florida town fights to rebuild after Hurricane Michael	people lose their homes sad to get back at them brave gets hurt to be a hero to have a wreck sad to get a new car	Lean Left
National Popular Vote Movement Tries to Win Over Skeptical Conservatives	vote annoyed to protest the candidate influential gets a vote in the election to be popular to be a political candidate happy to be a good candidate	Lean Right
A Union Fight at Marquette University	people are hurt angry to win the war aggressive gets arrested to be in power to sign up for it happy to win the election	Left
Oh FFS! Jussie Smollett has been suffering ‘night terrors’ since making up his fake hate crime and people have questions	none none none none none none none none none	Right
FEMA Put 2.3 Million Victims of Wildfires Hurricanes at Risk of Identity Theft	people get burned angry to thank personx dangerous gets arrested to be dangerous to be a risk taker powerful to make sure the victims are safe	Left
U.S.-Iran Tensions Rise Ahead Of Anniversary Of Deal Pullout	people lose money angry to win the contract cautious loses money to be in control to be a broker nervous to make sure everyone is prepared	Left
OOPSIE DAISY! Alyssa Milano’s tweet wasn’t the DUNK on American gun owners she thought it was and ROFL	none none none none none none none none none	Right
Letters: Maybe Dan Fagan should read Hemingway and Thoreau	they get a good grade annoyed to ask personx to stop intellectual gets called dumb to learn more about the subject to be a teacher smart to learn more	Left
Judge slaps down DNC lawsuit alleging Russian collusion and President Trump responds	people are in trouble angry to personx aggressive gets yelled at to the situation to the complaint justified to the complaint	Right
B-52 Aircraft Carrier in Mideast Over Iran Conduct Exercise	people are dead angry to get away aggressive gets shot down to be a pilot to have the equipment to fly the plane happy to get a promotion	Left
Lord mayor opens Joe Lycett's new kitchen extension	people get tired surprised to thank him ambitious gets yelled at to be a good leader to get a job happy to make a new kitchen	Center
The Memo: Dems debate Trump response – 'Being righteous and losing sucks'	they get into a debate angry to listen righteous gets yelled at to be correct to debate something justified to be heard	Lean Right
Official House Democrats' Twitter uses AOC's 'women of color' remark to slam her chief of staff	none none none none none none none none none	Right
What Apple could teach mom Gwyneth Paltrow about technology | Rebecca Nicholson	gets scolded grateful to ask for advice smart gets thanked to educate to be a scientist smart to teach them	Lean Left
ProPublica Wins John Bartlow Martin Award for MS-13 Coverage	gets a trophy happy to congratulate him talented gets a raise to be a success to write articles proud to celebrate	Center
Yes Trump Obstructed Justice. And William Barr Is Helping Him Cover It Up.	gets caught betrayed to thank him mean is thanked to be a good citizen to be a cop guilty to get away with it	Lean Left
Man accused of marrying 4 women pleads guilty	gets caught guilty to cry angry gets yelled at to be a better person to have a reason guilty to be vindicated	Center
Trump: Navy destroyed Iranian drone in 'defensive action'	they lose their plane defeated to get back on the ground aggressive gets shot down to protect the people to have a parachute deployed defeated to fire at the enemy	Center
SHAREHOLDER ALERT: Pomerantz Law Firm Investigates Claims On Behalf of Investors of Boston Scientific Corporation - BSX	none none none none none none none none none	Center
Nurses Tell Big Pharma Put Patients Over Profits	people are grateful grateful to thank personx smart gets praised to be a success to have a lot of money happy to make money	Left
Boris Johnson's girlfriend Carrie Symonds quit her job at Conservative Party over expenses claims	gets fired sad to get their money back irresponsible gets a new job to be a better person to be a good dancer relieved to go to a party	Lean Right
Team Trump has found a news outlet even more fawning than Fox News	gets a promotion happy to get a new position arrogant gets a promotion to gain knowledge to be in a news outlet happy to get their attention	Center
Venezuela crisis is forcing people to destroy national park just to bathe	people are killed angry to get rid of him aggressive gets arrested to preserve animals to be a racist happy to get away	Lean Right
Fresno County man charged in string of three killings	people are dead sad to kill personx criminal gets arrested to kill people to have killed people guilty to be arrested	Lean Left
All ISIS Has Left Is Money. Lots of It.	loses money happy to get a good deal rich gets robbed to buy a house to have money happy to go to a party	Lean Left
Donald Trump and Swine Fever Are Creating an Economic Crisis	people are affected angry to get rid of him irresponsible gets criticized to be in control to be a politician happy to be successful	Lean Right
Ahead of ICE raids Illinois governor bans private immigrant detention centers from state	people get caught annoyed to protest smart gets arrested to make a profit to have the authority to do so happy to make a profit	Lean Left
‘We hope it won’t end up being a dud’: Jerry Nadler’s attempted explanation for why Mueller is testifying spells DESPERATION	none none none none none none none none none	Right
Study: Smoking During Pregnancy Increases Obesity Risk of Baby	baby gets healthier worried to avoid the baby responsible gets healthier to be healthy to have a baby worried to get a doctor	Right
Birds Meet Their Fly Sneaker ‘Twins’ in This Highly Amusing Thread	gets excited amused to laugh amused gets scolded to be funny to be in a meeting happy to tell them how they did	Center
Dutch girl was not 'legally euthanised' and died at home	cries sad to mourn dead is cremated to be dead to have been born sad to be cremated	Lean Left
Five things to know about F1's Niki Lauda	they learn something new happy to get to know personx knowledgeable gets asked questions to be informed to have read articles informed to be a good listener	Center
Prince Harry says he and Meghan will have 2 kids 'maximum' because of the environment	they are protected happy to cry responsible is a good father to be a good parent to have a lot of responsibility happy to be a good dad	Lean Right
Conservative writer gets punched kicked and 'milkshaked' at a Portland rally	gets into trouble angry to apologize immature gets punched to be a jerk to be at a rally ashamed to get out	Lean Right
Horror As Pendulum Ride At India Amusement Park Snaps	people laugh at person x happy to laugh at personx adventurous gets tired to have fun to go to the amusement park happy to have fun	Right
The farmer who cut off his own leg with a pocketknife	bleeds hurt to get medical help cruel bleeds to be a farmer to get the knife sad to clean the knife	Center
Chicago Just Elected Its First Black Woman Mayor	gets called racist happy to vote for the right person powerful gets a raise to make people vote to have a vote happy to get a raise	Left
Advocacy groups warn against ‘normalized hate speech’ after Trump continues to ridicule Rep. Omar — despite death threats	none none none none none none none none none	Left
UPS stock price target cut to $145 from $155 at CFRA	they have to pay them happy to sell the product skilled to buy the product to be efficient to have the product happy to get a raise	Center
Jon Stewart Blasts Lawmakers In Hearing For Sept. 11 Victim Compensation Fund	people are killed sad to get their money responsible gets arrested to be a hero to have the authority satisfied to get a raise	Center
O'Rourke's defends his 'war tax' amid criticism	people lose respect for personx annoyed to listen to personx smart gets called a coward to be heard to have a reason to defend justified to win the war	Lean Right
Southern Secessionist Intros Bernie at Fundraiser	people are affected by the change annoyed to get a good deal smart gets a raise to be a leader to have a lot of money happy to be a success	Right
Trump Does an About-Face on Pakistan—and Blunders Into the Kashmir Dispute	gets hurt angry to get away mean gets into trouble to be a good listener to be a leader justified to make a point	Lean Right
Jason Sudeikis Returns to 'SNL' to Portray Joe Biden in Sensitivity Training Sketch	they are questioned annoyed to get away from personx rude gets yelled at to show off to have been caught in the wrong place satisfied to be a better actor	Left
Sarah Huckabee Sanders is getting a going-away party from the very reporters she lied to nonstop	none none none none none none none none none	Right
HERE WE GO AGAIN: Gillibrand Revives The Tired War On Women Trope	women sad to protest helpful is praised to be a good citizen to have a reason for it happy to be a good leader	Right
Austria's far-right vice chancellor resigns after video sparks corruption scandal	loses money angry to protest corrupt gets a raise to get back at someone to be in charge sad to be a better person	Center
Boston Dynamics To Start Selling Creepy Robot Dogs	gets bitten scared to get rid of him aggressive gets bitten by dog to sell them to have the ability happy to sell more dogs	Right
Scientists 'alarmed' after 13th dead gray whale washes up in Northern California this year	people mourn sad to get away from the scene scared gets killed to be safe to have a reason for it sad to get a new car	Lean Right
White House Economic Adviser Touts Trump’s Help for ‘the Hopeless’	they get a better job sad to thank person x wise gets a raise to help the poor to have the ability to do so satisfied to help others	Lean Right
Shocking moment two girls laugh and play hand games on top of moving SUV 'driven by their mother'	they are entertained happy to have fun playful get tired to be entertained to be playing a game happy to have fun	Lean Right
Trump Says He'd Vouch For A$AP Rocky Amid Growing Demands For The Rapper's Release	they are insulted annoyed to be a good employee confident gets fired to prove his innocence to have heard about it justified to be a good employee	Center
Masked Antifa Terrorists Get Tossed to the Ground as They Try to Push Past Police Line Near White House	none none none none none none none none none	Right
Netanyahu's future clouded by rivalry with former ally	gets into trouble annoyed to get even jealous gets into trouble to be in power to have a grudge annoyed to be successful	Center
Peñafiel bottled water pulled from shelves over high levels of arsenic	people get poisoned by personx grateful to thank personx addicted gets burned to be rich to buy the water satisfied to be a good citizen	Lean Right
Ban Me Motherf***er – Snoop Dogg Blasts Facebook/Instagram Censorship	people are hurt people to be a snoop dogsh mean gets punched to be mean to have a reason to snoop bad to get attention	Right
Fox News is hosting a Bernie Sanders town hall — here’s why the Vermont socialist was smart to say ‘yes’	none none none none none none none none none	Left
Woman who says Trump sexually assaulted her gives bizarre reason why she won't pursue rape charges	gets hurt angry to get away mean gets punched to be a rapist to be in a relationship satisfied to be in a better mood	Right
Comms Official Frequent Fox News Surrogate Leaving WH To Join 2020 Campaign	people get nervous happy to protest smart gets called a racist to be successful to have a reason to do so happy to get a better job	Lean Left
Managers of Grade II-Listed Georgian mansion left their herd of fallow deer to starve to death	none none none none none none none none none	Lean Right
'Lord Help Us All': Samantha Power's Federal Work Emails Echo Peter Strzok Lisa Page	people are watching happy to be correct helpful none to help us to be in charge of the information happy to help others too	Right
A police chief left her gun in an El Pollo Loco bathroom. Then someone stole it	gets arrested angry to get their gun careless gets caught to get it back to be a cop guilty to get it back	Lean Left
6-year-old in critical condition after being thrown from 10th floor of Tate Modern	they are scolded sad to give them their grade sick is given medication to get better to have been sent to the hospital scared to go home	Lean Left
Serious Fraud Office faces questions over decision to drop bribery investigation	gets nervous angry to get a good deal smart gets accused to be a good citizen to have a reason satisfied to get the job	Lean Left
Rev. Barber is on trial over a health care protest he led 2 years ago	gets a complaint from the police sad to make a settlement responsible gets a bill to get rid of his illness to be a lawyer guilty to be a good man	Lean Left
India’s six-week election in two minutes	they vote for them happy to win eager gets called a liar to win to be elected happy to get a medal	Center
Alexandria Ocasio-Cortez and Hillary Clinton Mocked Jared Kushner on Twitter	people are insulted annoyed to get even rude gets yelled at by others to be mean to be in a meeting amused to make people laugh	Center
We Will Not Be Quiet! Stonewall Was a Riot!: Queer Liberation March Returns Pride to Radical Roots	none none none none none none none none none	Lean Left
We asked all the 2020 Democrats how they’d fix child care. Here’s what they said.	none none none none none none none none none	Lean Left
Father Details NFL's Dre Greenlaw Stopping Daughter's Potential Rape. Greenlaw's Response Is Humbling.	gets hurt sad to be left alone smart to be correct to protect the daughter to be a lawyer satisfied to be a good listener	Right
Donald Trump’s deranged supporters circle the drain	people are saved angry to win the election mean gets arrested to be in charge to have a reason powerful to win the race	Left
Whiplash warning! Ben Shapiro shows how stunningly fast Adam Schiff & Dems changed direction on what constitutes a ‘cover-up’	none none none none none none none none none	Right
Harvard Was Right to Fire Ron Sullivan	gets fired upset to get a new job smart gets a new employee to be right to be a manager satisfied to get a new employee	Lean Left
DJ Khaled Played Himself With an Energy Drink Bundle Scandal	people are hurt annoyed to get away irresponsible gets drunk to be a part of the situation to have been cheated by others happy to get a drink	Lean Left
June WTI oil down 64 cents or 1% at $61.61/bbl after $60.66 low	none none none none none none none none none	Center
Joe Biden Is Going Back to the Clinton Playbook	they get to read the book happy to get paid for their services bored gets a new job to be back home to have read a lot happy to read	Lean Left
Planned Parenthood: Democrat Rogers’ Abortion Comments 'Reprehensible' but Distract from Abortion Ban	people who are pregnant are dead none to save his family smart none none to be a racist good to save money	Lean Left
Fuel Retailers Biodiesel Producers and Consumers Applaud House Legislation to Extend the Biodiesel Tax Credit	none none none none none none none none none	Center
Here’s why AG Barr will have the last word on the Russia investigation — even after Mueller’s testimony	none none none none none none none none none	Left
Robert Mueller Testimony Disappoints Democrats Who Bet on Special Counsel to Help Sink Trump	they lose none none none none none to be a politician none to make people's lives better	Lean Left
June WTI oil loses 41 cents or 0.6% to settle at $65.89/bbl	none none none none none none none none none	Center
More Leftist Infighting: Black Feminist Panel Barred From Speaking Accused of Transphobia	none none none none none none none none	Right
Dianne Feinstein Uses 20th Anniversary of Columbine to Push Gun Control	people are dead angry to get away dangerous gets arrested to be a good person to buy a gun satisfied to make a speech	Lean Left
Amy McGrath raises mammoth $2.5 million in first 24 hours of campaign against McConnell	people are affected annoyed to protest aggressive gets arrested to win the race to have the authority satisfied to get the money back	Right
Blue State Dems Push to Expand SALT Tax Break	people lose money annoyed to thank person x greedy gets arrested to be in control to have the authority happy to make sure it does not happen again	Lean Right
Castro: Biden Shouldn't Joke About Allegations - 'Bullsh*t' to Say People Can Laugh It Off	none none none none none none none none none	Lean Left
Wimbledon 2019: On a Day When Serena Williams Didn’t Have It Simona Halep Had It All	none none none none none none none none none	Lean Left
6 Gun Lies (And One Truth) Obama Told In Brazil	people are dead sad to cry untrustworthy gets arrested to be honest to be in the wrong place guilty to get rid of the lies	Right
Trump warns China about harsher trade deal if reelected	they lose money upset to get their money wise gets a bad review from others to be right to have a product justified to get a deal	Lean Right
US Missiles Captured at Libyan Islamic Rebel Camp – Memories of Benghazi 9-11 Attack Resurface	none none none none none none none none none	Right
250 Migrants Apprehended in Remote Texas Border Sector	people are attacked annoyed to get rid of him adventurous gets caught to be safe to be in a foreign country scared to get away from the border	Lean Left
In Search for Missing Girl Italy Finds Vatican Tombs Missing Their Occupants	they are found sad to get out of the situation curious gets called a fool to find the missing girl to look for the missing girl worried to find the lost girl	Center
These 4 Arguments Can’t Overcome the Facts About Carbon Offsets for Forest Preservation	people are killed annoyed to argue ignorant gets into trouble to be right to have a bad experience of people frustrated to be right	Center
Firefighter ran 18 miles on broken foot in London Marathon	they watch him run sad to win the competition athletic gets hurt to get a medal to train tired to rest	Lean Left
Cash credits and crisis: life in the new European 'precariat'	people lose money happy to thank personx rich gets stressed to be rich to have a job happy to get a drink	Lean Left
Google Blacklists Free Speech Platform Gab's Latest App	people are informed interested to listen to personx smart gets asked to stop to be heard to have the time happy to make sure people listen	Lean Left
Trump inching toward an intel apparatus that believes his false ‘wire tapping’ claim after DNI pick accuses Obama administration of committing crimes	none none none none none none none none none	Left
Trump’s Military Threats Aren’t Going to Keep America First	people are safe scared to get rid of him determined gets shot to be safe to be a military leader justified to get rid of the threats	Lean Left
Walmart Got a $2.2 Billion Tax Cut. Now It’s Laying Off Workers	people lose their jobs sad to get paid rich gets a big payday to be a good worker to be a good employee happy to make sure they are ok	Left
Teacher at top London secondary school can't read or write	they get a good job disappointed to teach them dumb gets into trouble to learn to be a student dumb to learn to read	Lean Right
Warren Calls for Investigation of Surveillance at Family Separation Protests	gets caught suspicious to get out of jail suspicious gets questioned to be safe to have been caught by police nervous to find out what the problem is	Left
Thanks to education global fertility could fall faster than expected	people lose money happy to help personx irresponsible gets stressed to be a success to have a lot of money happy to be a successful person	Center
New Zealand Mosque Chairman Claims Mossad Organized Shooting	they are shot angry to get rid of him aggressive gets arrested to be a good example to have a mosque happy to fire people at the mosque	Right
Nolte: Media Fabricate 'Racist Outrage' Hoax About Disney's 'Little Mermaid' Casting	to be true annoyed to tell their friends rude gets yelled at to be a racist to be a racist justified to make people believe it	Right
Hospitals are learning from industry how to cut medical errors	they learn about the problem proud of person x to help him smart gets a better job to be a better doctor to have a skill smart to be successful	Center
Authentic Brands in talks with Meredith to buy Sports Illustrated in deal valuing SI at about $110 mln--WSJ	none none none none none none none none none	Center
Joe Biden opposes federal funding for abortion services provoking outrage from activist organizations	people are affected angry to protest racist gets arrested to help others to be a racist justified to be a better man	Right
Sri Lanka shakes up top security posts after deadly bombings	people are scared scared to get out of the situation dangerous gets arrested to be a hero to be in the wrong place nervous to get away	Center
An ageing world needs more resourceful robots	they get a new product happy to get their own way resourceful gets a new job to be more successful to be a scientist happy to get a job	Center
Boxing legend Pernell 'Sweet Pea' Whitaker 55 fatally hit by pickup in Virginia	gets a trophy sad to win unlucky gets a black eye to be a bad sport to be in the wrong place sad to get away from the scene	Center
Police arrest man who allegedly wanted to shoot up pro-Israel rally and ‘bomb Trump Tower’ sent funds to Hamas	none none none none none none none none none	Right
As Saudi Arabia Builds A Nuclear Reactor Some Worry About Its Motives	people lose money angry to avoid the situation paranoid gets burned down to be a good leader to have the resources nervous to make a profit	Center
Kim Jong Un Accepts Trump's Invitation To Meet At DMZ	they get to play happy to go to the party generous gets excited to be a good host to make an invitation happy to go to the event	Left
Waterloo battlefield therapy for British war veterans	they are grateful grateful to thank personx brave gets better at talking to be helpful to get a treatment from a doctor sad to get better	Center
Tenant from hell trashed landlady's rental property and turned it into a drugs den	loses money angry to get rid of him careless gets arrested to get rid of unwanted guests to get in the car guilty to go to the bank	Lean Right
The Future of Podemos Is at Stake Today	people lose money happy to win the game prepared gets a raise to be successful to be a manager happy to make a settlement	Left
Column of the Day: The Scandalous US Defense Budget	people lose their homes angry to protest mean gets a promotion to get a good deal to be in charge happy to get paid	Lean Right
Rubio Trashes Ilhan Omar For Blaming U.S. For Venezuelan Problems	gets into trouble angry to get away with it rude gets accused of racist jokes to be correct to have a problem guilty to make a deal with them	Right
The refugee families caught up in a war zone in Libya	people are saved sad to get out of the situation brave gets killed to be saved to have lost their homes sad to get help	Center
Extraterrestrial Enthusiast Trains to Free Aliens From Area 51 With the Essential Workout Routine	they are grateful to personx grateful to thank personx brave gets tired to be a better person to have the ability to do it satisfied to be a good leader	Center
US woman kidnapped on Ugandan safari: kidnappers demand $500000	they are kidnapped sad to escape aggressive gets arrested to be in charge of the women to be a kidnap victim of kidnap happy to get a ransom	Lean Left
It’s Past Time for the United States to Get Out of Puerto Rico’s Way	gets hurt annoyed to get away from personx careless gets called a racist to be left alone to have gone to mexico relieved to get back in their car	Left
The Disturbing Walrus Scene in Our Planet	people get killed annoyed to avoid personx weird gets called a freak to be in a bad mood to be in a spaceship sad to apologize	Lean Left
House voting on contempt for both Barr and McGahn changing rules to enforce subpoenas	people are voting against them angry to win powerful to be honest to be a racist to be a racist satisfied to change the rules	Right
Trump Approved Cyberattacks Against Iran After He Backed Off A Military Assault	people are hurt angry to win the war brave gets arrested to avoid a bad situation to have received complaints relieved to get rid of the weapons	Right
Sleeping with the TV on may make you gain weight	they eat healthier happy to help him fat gets fat to be healthy to eat too much happy to be healthy	Center
We Hear You: Jordan Peterson on What Motivates the Left	gets excited annoyed to listen observant gets yelled at to be a leader to be listening good to be heard	Lean Left
Trump’s Justice Department lawyers may soon pay a high price for lying to the courts	judge is more powerful than personx angry to win the case guilty gets caught to get their point across to be in trouble guilty to win	Lean Left
U.S. Threatens To Veto UN Resolution Aimed At Supporting Survivors Of Rape During War	people are killed grateful to protest violent gets arrested to protect people to be a politician justified to make a settlement	Left
Pop Star Halsey: I Was on the Verge of Prostitution Before Fame	gets arrested happy to get a good deal young gets arrested to be a success to have a lot of money happy to be rich	Left
We Work We Sweat Put $15 on Our Check!	they are grateful happy to thank personx hardworking gets tired to get a good grade to have a job tired to get paid	Left
Money Talks and It Says Climate Change Is Real	people listen happy to listen to personx smart gets a raise to be a good person to have a good attitude good to make changes	Left
Dead sea turtle found with spear through head in Florida national park	they get a new turtle happy to have fun brave gets a new experience to have fun to be in florida happy to eat turtle	Right
Donald Trump campaign’s latest unofficial surrogate is an alleged murderer	people are skeptical annoyed to get rid of him mean gets fired to be a copycat to be a copycat like he's a copycat to be a success	Left
Greenland's ice sheet just lost 11 billion tons of ice -- in one day	they lose the race sad to get their ice sheet back careless gets a lot of money to be successful to be in a frozen environment sad to be successful	Lean Left
The White House Denied Me Access to Trump’s Environmental Speech	people are offended annoyed to get a new policy stubborn gets accused to be a jerk to be a politician upset to get away from me	Left
Users Line Up As Toronto Opens Its First Pot Shop	customers lose money happy to sell the pot shop hopeful gets paid to be a success to have the money excited to make money	Right
‘Italy’s Trump’ Launches a Nationalist Campaign to Destroy Europe	people lose money sad to win the election aggressive gets arrested to be in power to have a campaign happy to win the race	Left
Exclusive — Rep. Dan Crenshaw: Adam Schiff Lied ‘Knowingly Used his Position’ as Intel Chair to ‘Deceive the American People’	none none none none none none none none none	Right
Premier League transfer news: Bernardo Alderweireld Ozil De Gea De Ligt Pogba	none none none none none none none none none	Lean Left
Trump is so abhorrent even a stellar economy can't save him	gets fired annoyed to get away from him unintelligent gets fired to be successful to have a lot of money ashamed to get a job	Right
Trump’s Bank Appears Willing to Cooperate With Investigation Against Him	gets caught angry to find out what happened determined gets arrested to get something done to have a case guilty to get away with something	Left
Trump tells Democratic congresswomen to ‘go back’ to ‘fix’ countries they came from	vote annoyed to protest smart gets yelled at to be correct to have a problem good to be a good leader	Right
The Dangerous Romance of Hong Kong Protests	people are hurt happy to be left alone romantic gets a promotion to be romantic to have a passion for it happy to get away with it	Lean Right
Bust of King Tut That Egypt Says Was Stolen Sells for $6 Million at Christie’s in London	people are cheated happy to get the money rich gets a lot of money to be a king to be a king happy to buy a car	Left
Pastor Jailed by Turkey Can’t Believe LGBT Persecution of Christians in USA	people are offended angry to be safe religious gets caught to be a christian to be a christian guilty to get away with it	Right
'Hate is always local': the Swedish city that said no to neo-Nazis	they get a good name annoyed to get away from him racist is asked for help to be a racist to be in the presence of people like them neutral to get a new job	Lean Left
'Fantasist known as Nick' claimed ex-MP Harvey Proctor was violent	gets into trouble angry to get away from personx mean gets into trouble to get even to be a jerk angry to be feared	Lean Right
GOP Texas lawmaker accuses top vaccine scientist of 'sorcery'	people are killed angry to tell others about the incident smart gets arrested to be right to be in a meeting satisfied to make sure they get the right information	Lean Right
Republicans Run for Cover as Trump Pushes Health Care	people are hurt worried to help them scared gets arrested to be safe to have a gun scared to get medical help	Lean Right
Trump's Census Citizenship Tweets Baffle Everyone: 'Nobody Has Any F*cking Idea'	people get arrested annoyed people have no idea about the census ignorant none to be safe to be in the wrong place happy to be left alone	Lean Left
NY county clerk files lawsuit challenging giving undocumented immigrants licenses	people lose their homes angry to file the lawsuit aggressive gets a complaint from the clerk to be in control to have a case satisfied to file the paperwork	Lean Right
Ask for Jane: Meet the Underground Feminist Group That Provided Abortions Before Roe v. Wade	people are killed annoyed to thank personx for the help smart is asked to join to be in charge to be a racist racist satisfied to make sure the people are safe	Lean Left
Marianne Williamson reaches donor threshold for Dem debates	people get into argument annoyed to get a better deal smart gets yelled at to be heard to have a lot of money satisfied to be a leader	Center
McConnell: We're Seeing 'Full Socialism on Display' in the 2020 Dem Presidential Primaries	none none none none none none none none none	Lean Left
The Toronto Raptor superfan who's not Drake	they get a good deal annoyed to win the game talented is yelled at to be a good pilot to have a job proud to get a new job	Center
Dozens of ICE Detainees Were Pepper-Sprayed by Guards for Protesting at a Louisiana Jail	people get shot angry to be safe careless none to be a racist to be in the wrong place at the right time angry to get rid of the evidence	Left
This High School's 'Political Radicalism' Class Lets Students Hear From Far-Right and Far-Left Speakers	none none none none none none none none none	Lean Right
Five things you didn’t know about Elton John	gets shocked sad to learn ignorant gets scolded to be a jerk to be a scientist sad to ask questions	Lean Left
To Defeat Trump Democrats Should Nominate Michael Bennet	they are defeated disappointed to vote smart gets a medal to win the election to have a good reason to vote happy to win the game	Lean Right
‘Resident Evil’ Star Milla Jovovich Shares Her ‘Horrific’ Abortion Story	people are scared scared to cry mean gets caught to be a bad influence to be a bad person guilty to be a good person	Right
Iran’s Attempts To Start Talks Reveal Trump’s Strategy Is Working	people are talking to personx annoyed to listen smart gets nervous to be a leader to be in a meeting good to get a better deal	Right
Forget the Theater Criticism—Mueller’s Conclusions Are the Real News	they get fired from the movie angry to listen to personx smart gets criticized to be correct to have the facts satisfied to be correct	Lean Left
Trump to reporter: What I say to Putin at G20 is none of your business	gets fired annoyed to hear rude is asked questions to be heard to be asked satisfied to tell persony	Lean Right
The 'Wild West' of Weed Is Dying Out. Here's What's Replacing It	people get sick sad to get a drink careless gets a new plant to have a new taste to get a weed patch sad to get a better deal	Lean Left
White House says Trump spoke to Libyan commander Haftar on Monday	gets nervous angry to listen to personx confident gets a promotion to be a good leader to have a conversation happy to make sure they understand	Right
Bill Gates reveals the biggest mistake of his career	gets fired angry to get revenge on personx careless gets fired to make a mistake to be a bad person ashamed to get a promotion	Lean Left
A Democrat on the Judiciary Committee Said Impeachment	people vote angry to argue racist is demoted to be right to have heard the case justified to be heard	Left
Cheese rolling and racing corgis: Monday's best	they have to pay them for their work happy to win competitive wins the race to be competitive to have a good time happy to win	Lean Left
Donald Trump’s formal rebuttal to the Mueller report is as ridiculous as we knew it would be	none none none none none none none none none	Left
Scouted: Amazon’s Got Your Back — err Tush — with 30% Off the Famous Squatty Potty	gets a bad reputation happy to be safe skilled is praised to get back in line to be a manager happy to be a good leader	Left
Happy Khaniversary! Significant Rise in Crime in 3 Years Under London Mayor: Report	people get arrested angry to be a success or a failure criminal get arrested to be a snitch to be in trouble happy to get a new job	Right
Women voters of color are watching how Democrats respond to attacks on the Squad	people are demoted annoyed to protest patriotic gets arrested to be a good citizen to have the right information to change good to vote for their own	Lean Left
Michelle Obama's Ex-Chief Of Staff Admits She Did Try To Intervene In Smollett Investigation	people are affected by the incident surprised  to get back at her aggressive to be correct to be correct to be a police chief guilty to get their way	Right
Amid Calls for New Special Counsel Silence on Internal Probe of FBI DOJ Abuses	gets called a snitch nervous to listen to personx cautious gets scolded to get rid of a problem to have a case relieved to make a decision	Lean Left
College Kowtows to Students Saying ‘Free Speech Harms’	students are offended by personx's remark annoyed to get away from personx mean gets yelled at to be heard to be a teacher good to be a good teacher	Lean Left
Appeals court grants Trump administration win to snub ‘sanctuary cities’	they lose disappointed to get their money back mean gets accused of cheating to win the case to have a court case happy to get a better job	Lean Right
Nasdaq Composite up 0.2% at 8201	they get a raise happy to give them a raise skilled gets a raise to be a winner to have a product happy to be successful	Center
U.S. Military Readies To Help Venezuela Once Maduro Is Gone	people are saved grateful to thank him brave gets killed to save the people to have a reason happy to be a success	Right
WikiLeaks' Julian Assange arrested at Ecuador Embassy in London; U.S. seeks extradition	none none none none none none none none none	Lean Right
Pentagon Shifting Another $1.5 Billion to the Border Wall	people lose their jobs annoyed to get rid of personx careless gets caught to be a fool to be a politician happy to get a better deal	Lean Right
I Wore a Music-Activated Vibrator to the Club Instead of Doing Drugs	they get a headache happy to have fun addicted gets arrested to be a good sport to buy the music happy to have fun	Lean Left
It Will Cost $600000 To Cover Up George Washington Mural That 'Traumatized' San Fran High School Students	none none none none none none none none none	Right
Greek PM says may seek sanctions against Turkey in gas row	people are affected by the incident angry to protest the policy mean gets arrested to make people mad to have heard the case justified to be a hero	Right
California teenager reported missing 3 months ago found alive in Mexico mother arrested for murder	gets a restraining order sad to find out the truth dead is put into a casket to be found to have been found sad to be released	Center
Trump’s hasty plan to get Americans back on the moon by 2024 explained	they get into trouble annoyed to thank personx determined gets a promotion to be successful to have a plan happy to get a new job	Lean Left
Sri Lanka Blocks Facebook After Bombings Citing Misinformation Concerns	people lose their jobs angry to find out why mean gets fired to be correct to have a computer that can be used bad to get away from the situation	Right
North Korean official calls John Bolton ‘dim-sighted’	john bolton gets hurt annoyed to get their point across rude gets called dumb to be left alone to be in a meeting sad to tell everyone about the situation	Lean Right
3M Knew About PFAS Food Contamination in 2001	they are grateful to him disgusted to get away from the situation smart eats food to know the benefits of the product to have eaten food that was not good smart to make sure they are safe	Left
To Be Sick and Not Rich Is the Nightmare of Medical Care in the US	gets sick sad to get rid of personx unlucky gets treated to be a failure of his career to get sick sad to be treated better	Left
What Big Little Lies Doesn’t Get About Bonnie	gets hurt sad to get away from personx liar gets caught to be sneaky to lie to people guilty to keep quiet	Lean Left
Andy Murray wins Queen’s doubles title in first tournament since hip surgery	to win the championship proud to congratulate person x talented wins the championship to win to practice hard proud to win the championship	Lean Left
Trump Is Driving Iran into Russia’s Arms	people die scared to get away from the situation dangerous gets arrested to be in control to have a gun nervous to get out of the situation	Lean Right
NASA Is Offering $18500 to Lie in Bed for 60 Days	they get sick cheated to sleep well lazy gets a headache to be alone to have been cheated happy to get up	Lean Left
Check out the LSWA's Class 5A All-State Boys and Girls Basketball teams	they get a good grade happy to be competitive athletic gets a good grade to be a team player to have the right equipment happy to play a game	Left
Prison Riot Leaves 57 Dead in Northern Brazil	people are killed angry to get rid of the dead irresponsible gets arrested to be alone to have killed someone guilty to get away	Center
Europe is losing patience with China. Here's why	they are offended annoyed to get away from him annoyed gets stressed to be a better leader to be in a foreign country annoyed to be understood	Lean Left
Trump claims that polls showing him losing are fake	gets a good grade disappointed to win the election confident gets yelled at to be right to have the facts justified to win the case	Lean Left
Ingeborg Bachmann’s Malina Is the Truest Portrait of Female Consciousness Since Sappho	none none none none none none none none none	Lean Left
Baby Makes Excellent Use of His Foot to Eat Ice Cream and People Appreciate It	people eat ice cream happy to thank him hungry gets fat to be happy to go to ice cream shop satisfied to eat some ice cream	Center
Cyclone Idai: 'People didn't stand a chance'	people are hurt sad to win the race unlucky gets yelled at to be successful to have a chance to stand sad to get away	Center
The politics behind free BBC licences	people are influenced happy to get their money political gets a raise to be involved in politics to be in parliament happy  to make a difference	Lean Left
Depression is on the rise among millennials but 20% of them don't seek treatment — and it's likely because they can't afford it	none none none none none none none none none	Center
Yemen's al Qaeda branch vows revenge over Saudi executions	people lose money angry to get revenge mean gets arrested to be in control to be a politician justified to get revenge	Lean Right
North Korean Official Reportedly Purged Seen Back In Public Alongside Kim Jong Un	people are disgusted angry to protest rude is asked questions to be respectful of the japanese to be in the presence of the government happy to get out of the public	Left
Michael Moore Rips Democrats for Putting Faith in 'Frail Old Man' Robert Mueller	people are gullible annoyed to listen wise gets into trouble to be right to have a belief like a fool to be right	Right
Joe Biden turns inappropriate touching accusations into a punchline	gets hurt offended to get away from personx mean gets yelled at to be mean to have a reason guilty to apologize	Lean Left
Justin Amash faces intense blowback after Trump impeachment claims — then Trump hits back	people are hurt angry to win the argument powerful gets stressed to be right to be in charge sad to be right	Right
President Donald Trump says Google and Facebook should be sued over allegations of their bias against conservatives desire to 'rig' 2020 election	none none none none none none none none none	Right
The Unexpected Upshot of Kavanaugh’s First Term on the Supreme Court	people are shocked surprised to win powerful gets a medal to be a good citizen to have a meeting happy to win the race	Left
CarComputerExchange.com Announces a Record Breaking Month	people are surprised happy to get their money back proud gets arrested to announce a new year to be a manager of a department happy to celebrate	Center
A Celebration Of Nipsey Hussle's Life Takes Place In Los Angeles	people celebrate happy to celebrate happy gets drunk to have a party to have a party happy to celebrate	Center
The Unmaking of the British Working Class	gets scolded annoyed to be left alone rude gets yelled at to be rude to have a reason to do it superior to make a difference	Left
Unqualified UN Ambassador is the Perfect Weak Link	they are grateful to personx grateful to thank personx for their service weak gets promoted to get rid of someone to have a job nervous to get a job	Right
Investing in wine: the end of the Burgundy bubble	people get drunk happy to drink wine drunk gets drunk to be drunk to be wine maker drunk to be a wine connoisseneur	Lean Left
Daily Caller Confuses Andrew Gillum With Black CNN Commentator Bakari Sellers	gets called racist people to get away from personx rude gets called out none to be a comedian bad to make a point	Lean Left
Rep. Ro Khanna on WH Security Clearances Ending Support for the Saudi War in Yemen and Venezuela	none none none none none none none none none	Lean Left
Pakistan Fans Blame Burgers for Country’s Loss in World Cup Match Against India	lose money sad to get their money racist gets yelled at to be a racist to have a problem with people watching the game sad to win the game	Lean Left
Hong Kong protesters have stormed the streets and graffitied the country’s legislative building — here are shocking pictures of the city takeover	none none none none none none none none none	Center
Easter Weekend Bombings In Sri Lanka Kill 207 At Churches Hotels	people die sad to repent for their sins religious get killed to be a sinner to go to the church happy to get away with murder	Left
LOL they’re so mad! Brit Hume seriously TRIGGERS the Left and all it takes is 5 little words about Pete Buttigieg	none none none none none none none none none	Right
Justice Thomas Issues Fiery Condemnation of Eugenic Abortion	people are hurt angry to get away from the scene mean gets arrested to make people feel better to have been arrested justified to get away with it	Right
Millions of Americans Are Breathing Unsafe Air and It’s Getting Worse	people are dying from the toxic air pollution worried to help them out dangerous they are avoided by the press to be safe to have a bad odor nervous to avoid the air pollution	Left
MAGA-hat stealing protester told campus police she felt unsafe but the cops weren't having it	none none none none none none none none none	Right
Hogan Gidley: McAleenan Will Do 'Great Job' as Nielsen's Replacement	they are impressed happy to be successful confident gets promoted to be successful to have the skills proud to get a raise	Left
Move Over Coffee Cup. Fans Think Jaime Lannister Grows His Right Hand Back in This Game of Thrones	gets yelled at happy to be competitive smart gets yelled at to be a better person to have been cheated by his ex - girlfriend happy to get a drink	Center
Japan Goes Back To Hunting Whales For First Time In 31 Years	they see them happy to enjoy the hunt brave gets bitten by a bear to experience nature to have a boat happy to go to the zoo	Right
One child one adult shot on S. 18th Street in Baton Rouge EMS says	gets shot sad to cry young """ i told you so  """ to be a bad influence to be a doctor sad to get medical help	Left
The U.S. soccer team is just one part of a larger wave of female activism	gets attacked happy to support personx influential gets called racist to be part of a group to be a member happy to be a leader	Lean Left
Tea bags can solve smelly shoes says ‘Queen of Clean’	gets dirty annoyed to thank personx for his help clean gets dirty to be clean to be a dirty shoe happy to clean up the mess	Lean Left
Nordea Bank says its CEO will retire by end-2020	they get a raise happy to thank personx for retirement successful gets paid to retire to have a job happy to retire	Center
Encounters: Max Greenfield of ‘The Neighborhood’ Takes His Daughter Out for Ice Cream	gets a treat happy to thank personx for the ice cream generous gets a tip to be nice to drive to the ice cream shop happy to go home	Center
Police find body in search for missing zoology graduate Rosie Johnson six days after disappearance	gets a reward for finding person sad to find the body curious gets a reward for finding to find the missing body to have lost the case happy to find the missing persons	Lean Right
DOJ fires back after House Dems announce Barr contempt vote dubs subpoena 'unworkably overbroad'	none none none none none none none none none	Right
POLITICO Playbook PM: Trump in a familiar tactic mocks Biden’s ‘energy’	gets into trouble annoyed to get away from him smart gets a high score to be successful to be in the presence of people happy to be successful	Center
A Clip of Beyonce’s Candid Courtside Moment Is Reverberating Across the Internet	people are listening to personx annoyed to listen loud gets yelled at to be heard to be in the loop happy to make people listen	Center
Founder Of 8chan After Mass Shootings: ‘Shut The Site Down’	people are killed angry to go home angry gets arrested to be safe to be in a bad mood sad to go home	Right
Trump’s Rhetoric Echoes Nazi Germany Beto O’Rourke Says Accurately	they get into a bad situation annoyed to listen to personx smart gets into trouble to be correct to have been told wrong justified to be correct	Left
Sri Lankan Gov't Responds to Unprecedented Attacks with Surveillance Social Media Blackout Curfew	people are watched closely angry to be protected aggressive personx gets a virus none to be in charge nervous to keep quiet	Lean Left
S&P 500 notches 7th straight gain longest win streak in 18 months	they are better than personx happy to win the race competitive to be honest to be successful to train hard proud to win the competition	Center
The Conservative Argument Over Paid Family Leave	gets stressed sad to thank personx mean gets yelled at to get rid of the problem to have a reason satisfied to be left alone	Lean Left
52 ideas that changed the world - 6. The printing press	people are affected by the change interested to listen to personx's ideas influential gets a promotion to be a better person to be an author happy to make a change	Lean Left
Sri Lankan Government Blocks Social Media Access Over Alleged Fake News	people get angry at personx angry to get their money mean gets fired to be a fraud to be in a meeting guilty to be a better person	Lean Right
In a company first Victoria's Secret hires openly transgender model	they are asked to do more research happy to hire them confident gets rejected to be a good employee to be in a company happy to get paid	Center
The Kansas Supreme Court Just Upheld the Right to Abortion	people are killed angry to protest powerful gets arrested to be a good citizen to be a judge justified to make sure the law does not happen again	Left
Robert Mueller just pulled off a victory in plain sight and almost everyone missed it	people are disappointed disappointed to congratulate personx lucky none to be the best to be in a game happy to celebrate	Left
Health Care CEO Slams Medicare for All	patients get treated sad to get paid aggressive gets a raise to be a good leader to have a job sad to get a raise	Lean Right
Elton John Blasts Brexit: 'I Am a European – Not a Stupid Imperialist English Idiot'	people are offended annoyed to get a good deal arrogant is ignored to be a bad person to be a french person annoyed to be a good listener	Lean Left
Spokesperson: Mueller Officially 'Concluding His Service in Coming Days'	people are informed happy to thank him successful gets paid to be successful to be a manager happy to be a success	Lean Left
Colorado Rapids match to go ahead as scheduled despite plague	people are inconvenienced happy to get away with it prepared gets into trouble to be timely to be in the right place happy to be successful	Lean Left
The real reason Donald Trump is going to lose in the end	loses money sad to win sad loses to win to have a bad experience sad to win the game	Left
Texas woman lived with mother’s skeletal remains for 3 years	they get sick of personx sad to be left alone unlucky gets called a freak to be alone to have a house sad to get rid of them	Right
Scientists in bid to set up a ‘poo bank’ as stool transplants prove to be effective	people lose money happy to help effective to be honest to be successful to have a plan happy to be a good example	Lean Right
Proof: YouTube Corrects Alex Jones Results After Infowars Calls Out Gamed Algorithm	people are shocked none to get a better grade smart personx is asked for a quote none to have a problem happy to make sure the results are correct	Right
People Are Wearing Data Charts to Visualise the Climate Crisis	people are affected by personx's data informed to help them intelligent gets stressed out to solve a problem to have data smart to make sure everything is in order	Lean Left
California Legislature Passes Bill To Put Trans Men In Women’s Prisons Even Rapists	people are arrested bad to protest powerful gets accused of racist things to be a racist to have a lot of people in the wrong place happy to get rid of them	Right
Suspects in killing of off-duty LAPD officer identified	gets killed sad to get revenge violent gets arrested to be a bad person to be in charge sad to get rid of the body	Lean Left
British Airways suspends flights to Cairo for seven days: statement	people lose money angry to get a ticket willful is arrested to be a good pilot to be a pilot happy to get away with it	Right
Dollar depressed ahead of U.S. jobs data	gets a new job sad to help them unmotivated gets a raise to be poor to be a failure sad to get a raise	Right
Sweden Considers Request to Reopen Rape Investigation of Julian Assange	gets arrested angry to file a report curious gets arrested to get even to be a cop nervous to be in charge	Left
Ohio State officials failed to act as doctor abused 177 athletes over nearly two decades	people are injured sad to get their money irresponsible gets a medal to be a better person to have a problem with people being treated poorly sad to get a new job	Center
Van with $140m of drugs crashes into police car in Sydney	police have to file a report worried to get rid of the evidence reckless gets arrested to be a bad influence to be driving guilty to get out of jail	Center
Lawmakers From 11 States Have a Plan to Tackle Suicide and Other Issues Veterans Face	people lose their jobs sad to protest determined gets stressed to be successful to have a plan accomplished to get rid of all the bad guys	Left
The Race Is On to Avoid a Debt Ceiling Crisis	loses money relieved to help them out responsible gets stressed to avoid a bad situation to have money relieved to avoid loss	Lean Right
Donald Trump Delivers Tribute to the American Farmer	the farmer gets a raise happy to thank him generous gets a compliment in return to show appreciation to have a speech proud to be thanked	Lean Left
Brzezinski Goes After Biden Accusers -- 'Don't Inject It Into a Presidential Campaign'	none none none none none none none none none	Right
Obama: Reject language from leaders that ‘normalizes racist sentiments’	people are more tolerant annoyed to get away from personx racist gets ridiculed to be a racist to be a racist happy to make a difference	Right
Loss-making tech companies are floating like it’s 1999	they have a good time happy to make money smart gets a raise to make money to have a company happy to get more customers	Center
On the Border Volunteer Doctors Struggle to Provide Stopgap Care to Immigrants	people are saved grateful to personx to thank personx helpful gets a raise to help the poor to be a doctor sad to help the poor	Left
E. Jean Carroll joins at least 21 other women in publicly accusing Trump of sexual assault or misconduct	none none none none none none none none none	Lean Left
Restoring Democracy is Not Open to Debate	people are more informed annoyed to protest the decision uninformed gets called a racist to be a politician to be a politician like they are just as smart as people else to be heard	Lean Left
With his scandals and subpoenas closing in on him Donald Trump tries to take the entire country hostage	none none none none none none none none none	Left
Ernst Mildly Swats At President On McCain: ‘I Don’t Appreciate It’	they are offended by the remark offended to protest rude gets hit to get rid of him to be in charge annoyed to be left alone	Lean Left
Trump Turns To Higher Education; And A Selective New York City High School Struggles With Diversity	they get a better job happy to help personx learn studious gets stressed to be more educated to apply for jobs happy to get a job	Center
Afghanistan war: This is the human cost	people lose their homes sad to avoid war violent gets killed to be a good person to be a soldier sad to win	Center
Pope Francis: Climate Crisis ‘Leading the World Towards Disaster’	people are saved sad to avoid the disaster powerful gets a lot of attention to save the world to have a bad influence on people sad to be successful	Right
CENSORSHIP: Facebook deleted a post from @MichelleMalkin that criticized the company for banning her friends Laura Loomer and Gavin McInnes	none none none none none none none none none	Right
Howard Schultz takes a 'detour' in travels across America postponing any announcement on whether or not he'll actually run for president	none none none none none none none none none	Center
Puerto Rico doesn’t want political unrest to deter tourists from its beaches	people are safer annoyed to stay away from personx influential gets stressed to be a good influence to be a businessman happy to keep people safe	Lean Right
White House hosts social media summit without social media companies	people are watched annoyed to thank personx untrustworthy gets called out to be alone to have a network happy to have a party	Lean Left
2019 Xtreme Eating list recognizes unhealthiest dishes at chain restaurants	they eat the food happy to eat the food hungry gets dirty to be a good cook to have the right food satisfied to eat the food	Right
Charlottesville white supremacist gets second life sentence plus 419 years	none none to get a new job immoral gets a big fat check to be the best to have a gun happy to get a second chance	Lean Left
The Democrats' Dumb War Against Charter Schools	they get into trouble annoyed to protest racist gets demoted to be racist to have the right opinions sad to get their money	Lean Right
Dan Crenshaw Has Message For Pelosi After Ocasio-Cortez Suggests She’s Racist	none none none none none none none none none	Right
Scouted: Get 25% Off Scouted Readers Favorite Bags at Dagne Dover — and Some New Arrivals	they get a new job happy some of them like it smart good to be a good runner to be a fan of them happy some new	Left
Trump punts health care until after 2020	they are treated better grateful to get better responsible gets a new doctor to get rid of his problem to get a job relieved to be successful	Center
Trump brands London mayor a 'disaster'	people lose money angry to get away from him irresponsible gets fired to be a disaster to be a bad influence sad to get rid of the problem	Lean Left
European Nations Won’t Sanction Iran Yet For Violating Nuclear Deal	people are affected angry to protest cautious gets a memo from the president to avoid the consequences to have the power angry to get away from the situation	Right
Elephant Charges Tourists In Viral Video Driver Makes Incredible Escape While Going In Reverse	people are killed happy to thank personx for the ride daring gets arrested to avoid the police to be a cop happy to get away	Right
Survivor of WWII Internment Camp Speaks Out: Japanese Americans Know the Trauma of Child Detention	they learn about the incident sad to listen to personx knowledgeable is asked to help to be a translator to have experience in the war sad to help the child	Lean Left
Marijuana battles turn ugly in one California city: Fistfights nasty accusations and questions	people get hurt angry to get away mean gets yelled at to get an answer to be in the wrong place angry to be right	Lean Left
Donald Trump goes bananas after House Judiciary Committee subpoenas Don McGahn	none none to win the race crazy gets fired none to be in a meeting none to get a good grade	Left
WATCH -- Jerry Nadler: William Barr in 'Defiance' of Democrats' Subpoena of Mueller Report	none none none none none none none none none	Lean Left
44 Injured When Wave Goes Rogue In 'Tsunami Pool' In Chinese Water Park	people are hurt sad to get away unlucky gets a headache to be alone to be in the wrong place sad to get a towel	Left
World Cup Soccer Player’s Enthusiastic Reunion with Her Son Deserves the Golden Ball for Reunion	gets a trophy happy to play soccer happy gets a trophy to be happy to have a ball happy to play soccer	Center
Cheney Applauds Trump Administration’s Decision to Strengthen Iran Oil Sanctions	they are given more responsibility grateful to thank person x wise gets praised to promote oil companies to have a policy happy to be a success	Right
President Who Employed Undocumented Workers Now Says Undocumented Labor Might Be OK Sometimes	people are grateful to person x happy to thank personx competent but people are getting fired for their work to be okay to have a problem relieved to be ok	Left
Brad Voight at Woodlawn Capitol's Jason Stampley off and running as head basketball coaches	none none none none none none none none none	Left
Trump’s Global Gag Rule Is Killing Women Report Says	women lose their jobs sad to be left alone immoral gets arrested to be mean to be a racist happy to get away from women	Lean Right
Acting ICE Director: AOC’s Concentration Camp Comments Demoralize Border Agents	people lose money annoyed to get away with it mean gets yelled at to be a good agent to be a manager happy to get paid	Right
Pompeo warns Europe: China 'spreading authoritarian vision' worldwide	people lose respect for peo annoyed to listen wise is criticized to be a leader to have the knowledge of the situation satisfied to make people believe in the theory	Lean Right
Mother Daughter Killed Pregnant Teen With Cable and Ripped Baby From Womb: Police	cries sad to get a new baby responsible police  to find the child to be a parent sad to find out who killed her	Left
William Barr is starting to sound awfully nervous about his failing coverup of the Mueller report	gets nervous annoyed to get away from him nervous gets nervous to be a failure to have a bad experience nervous to get a better job	Left
Federal Subsidies for Insured People Under Age 65 Will Total $737 Billion This Year: CBO	none none none none none none none none none	Lean Right
Solitary confinement isn’t effective. That’s why New Jersey lawmakers are trying to restrict it.	people get arrested for assault with assault annoyed to enforce the law restrictive none to be a good person to enforce laws bad enforce the law	Lean Left
Trump 2020 Comms Staffer Ran Blog That Called Muslims ‘Murderous Thugs’	people are killed angry to get rid of him racist is criticized to get away with murder to be a racist happy to be correct	Lean Left
Video showing kids smoking pot circulates on social media prompting woman's arrest	gets arrested angry to be safe mean gets arrested to be a snitch to be a cop guilty to get away from the situation	Lean Left
Ariana Grande and Justin Bieber are CGI animals in this generation’s We Are the World	people who are related happy to be a good example intelligent the same to be a part of the family to have a good reputation happy to be the leader	Lean Left
The North Pole Continues to Shrink	they are surprised happy to see what happens growing gets sick to be larger to be growing taller sad to get a better job	Left
Mueller’s testimony brings conservative conspiracy theories out of the woodwork	people get caught annoyed to listen to personx clever gets caught to make people think to have a good reason for it smug to be heard	Lean Left
Liberal Chelsea Handler admits Trump's election sent her into 'mid-life identity crisis' forced her to see shrink	none none none none none none none none none	Right
Trump yet again lies about his family separation policy but gets fact-checked to his face	gets hurt sad to know why dishonest face is red to avoid family members to be in trouble guilty heart	Right
No surprise: States with the most guns have highest rates of domestic violence gun deaths	people lose respect for personx scared to avoid the gun fire violent gets arrested to be in charge to have a gun powerful to kill someone	Right
Select/nonselect discussions bass fishing trial approval highlight LHSAA meeting	they get caught happy to get a new job smart gets a good grade to make sure people are informed to have a discussion satisfied to make a settlement	Left
It's not just Homeland Security: All of government is being bent toward Trump's nationalist whims	none none none none none none none none none	Right
The Reporter Who Wrote About Layoffs at the Cleveland Plain Dealer After He Was Laid Off	gets a tip happy to win the case lucky gets a lot of money to be a good citizen to be in a bad situation satisfied to get paid	Lean Left
The Generals Won’t Save Us From the Next War	they are saved grateful to win brave gets shot to be in control to be a general powerful to save our people	Right
Iran Says It Has Broken Stockpile Limit Set By Nuclear Deal	people are affected angry to get their money back smart gets fired to be correct to be in charge bad to make sure it does not happen again	Left
Here’s what Donald Trump can teach Democrats about winning crossover votes	they get into trouble enlightened to listen to personx smart gets a medal to be a good citizen to be in charge of a campaign happy to be successful	Left
Trump says 'absolutely broken' Iran will face major new sanctions	people lose money upset to listen wise gets stressed to be right to have a problem with the subject nervous to make a settlement	Lean Left
Florida woman stabs herself in gut three times because she was ‘tired of living in Trump’s country'	loses money sad to get rid of her unmotivated gets arrested to be the worst to be in a bad situation sad to get a divorce	Right
Tlaib Will Continue Impeachment Push After Mueller Findings	people lose their jobs angry to protest determined gets a raise to be correct to have a reason to do so good to make a decision	Right
Speaker Pelosi Backs Down on Impeachment Talk After President Trump Rips Into Her	people are offended angry to listen to the information powerful gets into a fight to be heard to have a meeting powerful to make sure everyone understands	Right
Senate Intel finds 'extensive' Russian election interference going back to 2014	they lose their election disappointed to win unintelligent gets called out to be successful to have a budget happy to get a better job	Lean Right
Valerie Jarrett: US Ready For a Female President	they vote for them excited to protest confident gets a raise to be a leader to be in a political party excited to be a leader	Left
Jealous Massachusetts teen found guilty of killing beheading classmate	gets a new friend sad to get away with murder guilty gets a new friend to get revenge to have been arrested guilty to get a new job	Lean Right
Local Fox anchor caught on video dropping f-bomb as she apparently blasts station execs for asking her to hide her presence on conservative social media site	none none none none none none none none none	Right
California State Legislators Abandon Ban on ‘Big Gulp’-Style Sodas — for Now	people are more careful around the soda annoyed to protest smart becomes more careful around the drink to be safe to be a big fan of soda good to change laws	Lean Right
New Mexico militia detains migrants at gunpoint in social media	people lose money annoyed to get away immoral gets arrested to be in control to be a politician guilty to get away	Lean Left
Trump Praises Supporters Who Want to Deport Ilhan Omar as People That Love Our Country	people are represented happy to be a good citizen proud is praised to be a good citizen to be a racist happy to be like me	Left
Afghan women push for voice in talks fearing loss of rights	people are more careful annoyed to listen aggressive gets arrested to be heard to be a politician good to be heard	Lean Right
Twitter User Blasted For Saying Miss Scotland Beauty Contest Not Diverse Enough	gets yelled at annoyed to get a better deal ignorant gets yelled at to be a jerk to be in a competition sad to be a good sport	Right
Chicago in a Single Tweet and News From Elections Around the State	people are informed happy to hear the news powerful gets called a snitch to share the information to have a microphone happy to be a good citizen	Center
Nike Pulls Shoes Featuring Betsy Ross Flag Over Concerns About Racist Symbolism	people get offended by the insult annoyed to thank them rude gets scolded to be a good friend to know about racist beliefs satisfied to be a leader	Center
Boyfriend recalls 'chaos' as apparently random bullet killed Iowa woman then struck him	gets killed sad to call 911 careless gets arrested to be accurate to be in a car accident sad to get a new name	Center
Stacey Abrams 'Thinking About' Running for President in 2020	they vote happy to vote ambitious gets elected to be in charge to be in charge happy to run for president	Right
Food stolen from thousands of hungry people	people are starving sad to thank personx poor becomes homeless to have a better life to be a beggar sad to get food	Lean Left
Catwalk gatecrasher becomes surprise fashion star	gets a new dress surprised to thank person x talented gets compliments to impress others to have a good imagination happy to impress others	Center
Judge Upholds Trump Rule Expanding Non-Obamacare Plans	people lose money happy to thank personx smart gets praised to be a success to be a leader happy to be a leader	Lean Right
Iran President Threatens To Shoot Down More American Drones	people lose money scared to protest aggressive gets shot to be in control to have a gun powerful to make a difference	Right
After 2 Decades Democrats Still Don’t Agree on When to Leave Afghanistan	they are left alone sad to protest racist gets shot to be a racist to be patriotic sad to get a new career	Left
Gabbard on Dem Debate: Lack of Minutes Treatment by MSNBC Moderators 'Shows a Clear Bias in Place'	none none none none none none none none none	Right
Steve Bannon: 'Trump's border crackdown is anti-racist'	people are offended by personx's behavior annoyed to get rid of him racist is avoided to be a racist to have a bad attitude happy to be safe	Center
Oligarch of the Month: Viktor Orbán	gets a new job annoyed to get a new job determined gets a promotion to be a good person to have a job happy  to get the money back	Lean Left
Four Immigrants Have Died at Stewart ICE Jail in Georgia. Advocates Want It Shut Down	people lose money sad to get rid of the immigrants criminal to have a good life to be free to be in the wrong place sad to get out	Lean Left
Trump Lauds Departing Press Chief Sanders as ‘Special Person’ for Doing ‘an Incredible Job’	people are jealous happy to thank person x proud gets a promotion to be a good citizen to be a chief proud to be praised	Lean Left
Australian Prime Minister Scott Morrison Hit In The Head With An Egg By Protestor	gets hurt hurt to get away from him aggressive gets punched to be violent to be in church angry to get away from the scene	Left
As EPA Insists Weed Killer Roundup is Safe a Jury Orders Monsanto to Pay $2B to Couple With Cancer	none none none none none none none none none	Lean Left
Cuomo Signs a Bill to Allow Release of Trump’s State Tax Returns	people lose money grateful to pay the bill responsible gets arrested to be a good person to have a pen happy to be thanked	Center
Moulton: Buttigieg Was a Nerd at Harvard	they are teased annoyed to teach them nerdy gets expelled to get a good grade to be a nerd smart to be successful	Right
Blackstone weighs Cheniere Energy Partners stake sale: Bloomberg	to be honest happy to buy the product rich gets a discount to make a deal to have the money to make deals happy to get a deal	Right
No Mercy: How A Kansas Town Is Grappling With Its Hospital's Closure	people lose money grateful to thank personx compassionate gets called an idiot to be a good citizen to be in the wrong place at the wrong time sad to be a better person	Center
Economist Moore: I Was Right to Criticize Fed's Rate Hikes	they get their money annoyed to thank personx wise gets yelled at to be right to have read about it satisfied to be right	Left
Puerto Rico Enters Uncharted Territory as Ricardo Rosselló Prepares to Resign as Governor	they have to hire them nervous to make sure they are safe nervous gets a promotion to be a good man to be in the army nervous to go home	Lean Left
Elizabeth Warren Lays Out a Theory of Change at First Democratic Debate	people are confused enlightened to argue smart gets a raise to make people understand to have the knowledge satisfied to make people understand	Left
Betsy DeVos Quietly Making It Easier for Dying For-Profit Schools to Rip Off a Few More Students on the Way Out	none none none none none none none none none	Left
Today’s back pages: Juventus target Pochettino Arsenal rage Conte wins £9m Chelsea dispute	none none none none none none none none none	Lean Left
Ex-president's son found not guilty in fatal car accident	gets a medal sad to get revenge lucky gets arrested to be a good son to have a car accident relieved to be a hero	Center
FAA Prohibits Operators From Flying Over Some Iran-Controlled Airspace	people are shot grateful to protest cautious is criticized to save lives to be a spy powerful to keep people safe	Left
What 4 People Who Have Been Affected by Abortion Industry Want Planned Parenthood to Know	people get sick worried to help personx responsible gets nervous to know the truth to have a baby nervous to be successful	Lean Left
Kevin Costner is disappointed with American politics: 'Shame on us'	gets into trouble upset to get away from him racist gets into trouble to be a racist to have heard about it sad to change the subject	Right
Closing the border with Mexico could bring the auto industry to a halt experts say	people are affected by the loss of their cars cautious to help personx cautious to be correct to be a success to be in a car wreck accomplished to make a settlement	Center
4 Americans 1 Canadian die in small plane crash in Honduras	people mourn sad to cry unlucky get killed in crash to be dead to be in the plane sad to get medical help	Center
Angela Merkel responds to being labeled Trump's 'punching bag'; He 'has his opinions I have mine'	gets punched annoyed to get away from him stubborn is right to be right to have a point justified to get a good deal	Lean Right
Sweden Could Reopen Rape Investigation of Julian Assange; U.K. Urged to Prioritize Swedish Case Over Extradition to U.S.	none none none none none none none none none	Left
3 Killed as Cliff Collapses on Popular California Beach	gets sued sad to cry careless gets a death penalty to be a murderer to have a bad reputation sad to be a millionaire	Left
Democrat on Abortion: ‘Some Kids Are Unwanted So You Kill Them Now or You Kill Them Later’	none none none none none none none none none	Right
China posts slowest growth in nearly 30 years; Trump says tariffs are having a 'major effect'	none none none none none none none none none	Lean Right
Polish nationalists protest US over Holocaust claims	people lose respect for personx sad to protest racist gets arrested to be a racist to have heard about the holocaust justified to protest	Lean Right
Notre-Dame fire: The moment the spire collapses	people are injured scared to run careless gets burned to kill someone to be in a bar happy to be a hero	Center
Historic African free trade agreement enters into force	people lose their homes happy to protest powerful gets arrested to be a success to have the authority powerful to make a profit	Lean Right
70% Of Russians Approve Of Mass Murderer Joseph Stalin’s Impact On Country: Poll	people lose money sad to be safe racist russia to make sure to be a politician happy to be a leader	Right
Trump’s Decision to Arm the Saudis Against Iran Will End in Disaster	people lose their homes angry  to protest the decision irresponsible gets stressed to be successful to have a bad experience sad to get rid of all the oil in the country	Right
Finland investigates Nokia smartphones sending data to China	people lose their jobs annoyed to find out what happened curious gets called crazy to be informed to have a reason to investigate satisfied to find more ways to communicate	Lean Left
Trump sues to block New York from releasing his tax returns	loses money angry to file a complaint determined gets sued to get rid of the money to get a lawyer powerful to get their money back	Left
The dangers in Trump's warlike approach to Iran	people get hurt impressed to listen to personx brave gets killed to be safe to have a bad attitude happy to get away with it	Center
Democrats Running for President Are Waking Up to the Danger of War With Iran	people lose their jobs scared to vote for the right people patriotic gets shot to win to have a gun nervous  to win the war	Left
A leading scientist on aging says there is no magic pill for staying young—yet	they get sick happy to thank personx for their help smart is believed to be a scientist to have been cured happy to be a doctor	Center
Trump's Threatened Tariffs on Mexican Imports Might Not Happen. They Have Costs Anyway.	people are forced to pay taxes on the imprues annoyed to get their money back determined is avoided to be successful to have a monopoly on importing happy to be successful	Lean Right
Elizabeth Warren Just Unveiled a Plan to Close the Racial Wealth Gap	people are offended angry to get a new friend smart gets yelled at to be a leader to be a racist satisfied to be a leader	Left
Ted Cruz condemns 'barbaric' Brunei law punishing homosexuality with death	people are killed angry to get away with it racist gets accused to be fair to have heard the law satisfied to be a racist racist	Lean Right
Pinterest's stock jumps 7.0% ahead of Q1 results due after the close	they are more successful happy to give a raise competitive gets a raise to be competitive to have a good job happy to be successful	Center
Mount Everest Cleaning Crew Finds 4 Bodies Amid 12 Tons Of Trash	gets dirty sad to clean up clean gets dirty to clean the place to have the cleaning crew disgusted to get rid of the trash	Left
Facebook’s Ad Algorithm Is a Race and Gender Stereotyping Machine New Study Suggests	they are smarter annoyed to get the best deal intelligent personx is a race freak to be a good salesman to have a computer smart to get the best results	Left
Buttigieg defends experience: 'Anybody of any age can do a good job'	people are safe grateful to thank person x smart is respected to help others to have a job proud to be a good example	Lean Right
This billboard is being criticized for inciting violence against the Squad	people are hurt angry to get their money back aggressive gets fired at to be a hero to be in a bad mood angry to get away from the situation	Lean Left
Today We Celebrate the Carnation Revolution	people celebrate happy to thank personx proud gets arrested to be a part of the movement to have a party happy to have a good time	Left
3 Common Arguments For Overlooking Illegal Immigration That Don’t Hold Water	people are offended annoyed to argue smart gets arrested to be right to have a lot of money justified to be right	Right
A modest proposal for countering Russian election interference	gets nervous annoyed to get their money greedy gets a raise to win to have a proposal happy to win the election	Lean Right
Porsche Boxster 981 Bergspyder: everything we know about the one-off sports car	none none none none none none none none none	Lean Left
The AOC-Pelosi Feud Will Not Be Settled In Congress	people are offended annoyed to win the war stubborn gets called a racist to stay out of trouble to have a quarrel satisfied to settle down	Right
Japanese Prime Minister Shinzo Abe says he Iran's president 'bluntly discussed' how to reduce Iran-US tensions	none none none none none none none none none	Center
Originality And Uncertainty Still Reign As 'Black Mirror' Enters Its 5th Season	people are confused disappointed to win the race unintelligent gets called a freak to remain calm to be a performer nervous to win the competition	Center
Joe Biden Just Offered a Peek at His Health Care Plan. We Have a Bunch of Questions.	they get a better grateful to thank personx curious gets sick to be helpful to be sick relieved to get better	Left
Mayor Buttigieg Has His Deplorable Moment: Compares Bernie Supporters to Trump Supporters	is criticized none none none is criticized none none none to be right	Right
After Marijuana Is Legalized a New Study Finds Adolescent Use Declines	they are encouraged to do better annoyed to be successful smart gets a high grade to be a better person to have the right information happy to be successful	Lean Right
Key Moments From Robert Mueller’s Congressional Testimony	gets nervous angry to tell others smart gets yelled at to be a witness to have been asked to testify satisfied to be heard	Left
FNC's Wallace: Trump Is Calling People of Color 'Vermin' -- 'It Sounds Subhuman'	none none none mean none none none happy	Right
Problematic Women: How Kamala Harris’ ‘Wage Gap’ Plan Would Actually Hurt Women	women get hurt sad to get away from personx mean gets hurt to help women to be a politician happy  to be a good example	Lean Left
We Hear You: When Transgender Athletes Crush the Girls	gets a date surprised to get away from him curious gets a new job to be attractive to be a leader happy to be successful	Lean Left
Pakistan Arrests Major Terror Suspect Days Before Prime Minister’s Meeting With Trump	people lose their jobs nervous to protest aggressive gets arrested to be in control of the public to be in charge nervous to get away	Right
Jair Bolsonaro’s Brazil Is a Nightmare That Could Get Worse	gets hurt sad to get out of it dangerous gets stressed to be a nightmare to be a dentist bad to be a success	Left
A Brutal New Verdict on Trump’s Tax Cuts	loses money sad to win the case powerful gets stressed out to be right to have a case against them sad to get a new case	Lean Right
As Countries Seek Trade With China Imprisoned Uyghur Muslim Community Has Become Collateral Damage	people lose money angry to be safe bad loses respect to be safe to have a bad reputation sad to be free	Lean Left
Sorry Taylor Swift Those Are the Cookies You Bake For Your Enemies	people eat the cookies angry to get revenge mean gets praised to eat cookies to be a good baker happy to be successful	Lean Left
Spurs are home: Tottenham’s new era starts at £1bn stadium - reactions videos and tweets	none none none none none none none none none	Lean Left
Pompeo reaches the dead end of Trump’s Venezuela policy	they are forced to work overtime annoyed to get a better deal determined gets into trouble to be successful to be a businessman disappointed to get back to work	Lean Left
Flooding in Baton Rouge: Streets closed cars stuck some buildings take on water	people get wet sad to get out of the car careless get's some fresh air to be safe to drive sad to get out	Left
Selma Blair says she’s getting 'seemingly sicker' with MS in Instagram post	gets sick sad to help personx sick gets scolded to get rid of her to be sick sick to get better	Right
KNOWLES: Keep Jackson On The $20 Bill	loses money happy to thank personx responsible gets promoted to keep the money to be a manager happy to keep the money in the wallet	Right
Assailants attacked an Ebola treatment center in Congo — again. It’s a major setback.	people lose their lives sad to help them get better unlucky gets sick to be a failure to have a reason to do it again sad to be a better person	Lean Left
‘Disrespectful.’ Sophie Turner Addresses Those Game of Thrones Remake Petitions	people listen happy to listen powerful gets yelled at to be heard to be a representative good to win the case	Center
Disneyland's new Flex Pass comes with a catch	they have to do their best happy to win excited gets a prize to win the race to have money excited to celebrate	Right
Glencore’s Congo tragedy highlights security conundrum for miners	to be honest annoyed to be left alone mean gets arrested to be a fool to have a reason to coire attention of the border guard embarrassed to get away with it	Right
Geraint Thomas taken to hospital after heavy crash at Tour de Suisse	gets treated by the doctor sad to thank personx scared gets treated to be a hero to have a plane crash sad to go home	Lean Left
Arizona Iced Tea and Adidas promise to make 99-cent sneakers available 'at a later time' after permanently shutting down pop-up event following the assault of 2 teens	none none none none none none none none none	Center
Classmates Say Dayton Shooter Kept 'Hit List' 'Rape List' In High School	people get hit angry to get away from personx smart gets caught to make people angry to be a bad person guilty to get a new job	Lean Left
1000 People Feared Dead In Mozambique After Cyclone Causes Major Flooding	people are frightened scared to get away from the situation fearful people are afraid of the water level in the ocean to be safe to have a bad experience in the water scared to avoid the same	Right
Europe broils in record heat as U.K. has hottest July day ever	people get sweaty happy to enjoy the summer hot gets burned to be the most famous to have a hot climate excited to have fun	Center
Sudan’s military coup leader steps down	people are hurt defeated to protest powerful gets arrested to get his way to be in charge powerful to get a new job	Center
House Passes $17 Billion Disaster-Aid Package over Trump’s Objections	people lose their homes angry to thank personx successful gets a raise to be a good person to have a problem happy to get a raise	Lean Right
Trump Is Upset This Infowars ‘Thinker’ Got Banned From Facebook. Here's What He Thinks	gets yelled at annoyed to get away with it annoyed is a bad influence to be a better person to be a follower annoyed to be a good friend	Lean Left
House Fails To Override Trump's Veto Of His Border Wall Emergency Declaration	loses money upset to protest careless gets arrested to be a failure to be in the wrong place upset to get a new job	Lean Left
Trump Asked If U.S. Is Going To War With Iran. Here's His Response.	they get into trouble annoyed to protest aggressive gets rejected to be a diplomatic person to have a question nervous to get a response	Right
Trump Campaign Ads Use Stock Image Models To Portray Trump Supporters	people get excited impressed to get their money smart gets a good deal to be a good salesman to have the right information to sell the products happy to make a good impression	Lean Left
Trump made surprise appearance at wedding reception	smile surprised to thank personx generous gets thanked to be nice to buy a gift happy to celebrate	Lean Left
Hong Kong has pulled off an amazing win against a dire threat to its freedoms	people lose money disappointed to win the game brave wins the game to be successful to be in the right place happy to celebrate	Center
The Toxic-Gas Catastrophe Hiding Beneath Your Home	gets sick from fumes angry to avoid the fumes careless gets dirty to be mean to have a gas leak sad to get rid of the evidence	Lean Left
