trump china trade talk back track tariff hold	people are affected by the new information annoyed to get their money back smart gets a raise to be correct to be a politician satisfied to get their point across	0	0	0	0	1
sudan protester call civilian rule military kill num sit-in	people are killed angry to protest patriotic get arrested to protect the people to be in military good about themselves to get rid off	0	1	0	0	0
decathlon f1 rival hamilton bottas mutual respect gatland lead lion epl title prediction	none none none none none none none none none	1	0	0	0	0
oakland pothole vigilante batman robin road repair	people get hurt annoyed to get rid of him smart gets a flat to be the best to have a car happy to be successful	0	0	0	1	0
political scientist defends white identity politics	people are influenced by person x's views enlightened to listen to personx intelligent gets a job to be successful to be in politics proud to be a politician	1	0	0	0	0
julin castro easy ethic trouble presidential	loses respect for x angry to win smart gets arrested to win to be in the right position happy to win	0	1	0	0	0
saudi arabia executes num prisoner terrorism crime	people are killed angry to get away with it ruthless gets arrested to be a hero to have a lot of money powerful to get paid	0	0	0	1	0
hampshire republican corey lewandowski stay senate	gets into trouble angry to get rid of him racist get caught to be away from the law to have been asked to do it nervous to be a better person	0	1	0	0	0
country progressive pushing universal rent control ny	people are affected annoyed to get their money back dominant gets stressed to be in charge to have a budget happy to get a job	0	1	0	0	0
game throne favorite emotional tribute show wanted leave	none none none none none none none none none	0	0	1	0	0
mueller allegedly found child porn phone lobbyist set trump-russia back channel	none none none none none none none none none	0	1	0	0	0
attorney general bill barr possession mueller report send part congress weekend	none none none none none none none none none	0	1	0	0	0
weekend risky us-iran standoff explained	people are killed nervous to be safe risky gets shot to have fun to have a plan nervous to get out of it	1	0	0	0	0
carrie underwood immortalized cheese sculpture milwaukee stop cry pretty tour	gets a headache happy to stop crying artistic none to stop the drama to have seen a horror movie happy to stop crying	0	0	0	0	1
joe scarborough trump calling morning psycho -- watching	gets yelled at annoyed to tell personx they are not crazy respectful none to show his love to be in the wrong place happy listening	1	0	0	0	0
chinese interpol chief admits crime accepting num bribe	gets arrested angry to get rid of him greedy gets arrested to be a good citizen to have a reason satisfied to get a new job	1	0	0	0	0
immigration official secretive gang database deny migrant asylum claim	people get caught annoyed to find a way to find the truth criminal gets arrested to get rid of people to be a criminal guilty to get rid of people	0	0	1	0	0
donald trump pranked hilarious fashion	laugh happy to laugh silly gets laughed at to be funny to have a good time happy to laugh	0	1	0	0	0
viral video chimp scrolling instagram bad	people are watching the video interested to see the video curious gets yelled at to be entertained to have a video of a chimp interested to be entertained	1	0	0	0	0
barr distraction insist moral indictment trump	gets into trouble annoyed to get away with it untrustworthy gets into trouble to be in control to be a nuisance justified to get away with it	0	1	0	0	0
egypt election commission voter approved amendment allowing president el-sissi stay power num	none none none none none none none none none	0	0	1	0	0
taking selfie thai beach score death penalty	gets killed sad to get revenge mean gets arrested to be a good communicator to have a photo of you satisfied to make you look like a fool	1	0	0	0	0
real reason william barr committing crime trump	they are shocked angry to punish him criminal gets arrested to be a criminal to have a reason guilty to make a statement	0	1	0	0	0
white house report hail tax cut spurring economic growth warns socialism cost	people lose money angry to avoid tax breaks smart is sued to make money to have the information good to get a good deal	1	0	0	0	0
pakistan opposition party hold protest rally pm khan	people lose their homes angry to win the election aggressive gets yelled at to be a protest party leader to have the support of people good to protest	0	0	0	0	1
people lambasting fox news num mexican country mistake	people are affected angry to get away from personx careless gets yelled at to be a leader to be a racist bad to apologize	0	0	1	0	0
alexandria ocasio-cortez rip steve king racist republican	none none none none none none none none	0	1	0	0	0
walloped heat wave greenland see massive ice melt	people are wet happy to avoid personx brave gets wet to be safe to be hot sad to get away	0	0	0	1	0
wow fire started firework store carolina guess happened	people are surprised by the fire happy to go home curious gets burned to make a fire to have a reason to do it happy to make a fire	0	0	0	0	1
mueller report part spy thriller part game throneswith footnote	gets nervous annoyed to win sneaky gets called out to be sneaky to have a strategy nervous to be a spy	0	1	0	0	0
drive-by shooting australia nightclub leaf num dead num injured	people are dead sad to get medical help careless gets arrested to get away with murder to be in the wrong country sad to get medical help	0	1	0	0	0
chart day probability recession num percent	they get a raise happy to see how it works out optimistic is congratulated to be correct to have a positive outlook happy to be successful	0	1	0	0	0
white house condemns day-long taliban attack killed num	people lose their lives angry to get away aggressive 000 people to kill people to have a gun happy to make a difference	0	0	1	0	0
coldplay private show ronaldos yacht here crazy rich indian holiday	they get a headache happy to have fun fun none to be a good sport to buy a lot of stuff happy to be a millionaire	0	0	1	0	0
corporate kill bernies medicare bill	gets killed sad to protest greedy gets a promotion to be a good citizen to be a businessman satisfied to win	0	1	0	0	0
saudi arabia crown prince mohammed bin salman blame iran oil tanker attack	people lose their lives angry to get away angry gets accused to be a bad influence to be in iraq sad to make a report	0	0	0	0	1
baton rouge area add num job num month april	they get a raise happy to hire a new employee ambitious gets a raise to be a success to apply for jobs happy to make a change	0	1	0	0	0
hillary join twitter force aoc effort throw shade trump admin spark num awkward question	none none none none none none none none none	0	0	0	0	1
one-quarter american men work woman stay home caring family	gets sick grateful to be left alone caring to be a racist to be a better person to be a racist happy to get a job	0	0	0	1	0
carnival cruise ship coast guard rescue num people adrift day gulf mexico	people are rescued grateful to get help from the authorities brave gets seasick to be a hero to get a boat happy to save people	0	1	0	0	0
starting mexican charro suit police department hope connect latino	none none none none none none none none	1	0	0	0	0
bias complaint filed joke janet jackson nipple incident	gets yelled annoyed to get away with the situation mean gets yelled at to be mean to be in the presence of a cop satisfied to get their point across	0	0	0	1	0
hickenlooper give illegal immigrant num visa immediately	people lose their homes sad to get a better deal greedy gets arrested to be a good citizen to have a product guilty to get a better deal	0	0	0	0	1
gottheimer face progressive backlash border vote	people lose their jobs angry to get away from personx aggressive gets arrested to make a change to be a racist justified to be a better person	0	0	0	0	1
smithsonian name lonnie bunch iii secretary african american top spot	they get called out annoyed to get a good reputation smart to be honest to be in charge to be in office happy to make a difference in the world	1	0	0	0	0
high level toxic pfas chemical pollute breast milk world	people get sick disgusted to get rid of him dangerous gets a runny nose to be a scientist to be a scientist sick to be a good scientist	0	1	0	0	0
num american die waiting transplant year	people lose money sad to avoid the deaths unlucky gets a death penalty to be saved from death to be a racist sad to save the people	0	0	1	0	0
trump administration losing num percent lawsuit illegal policy	people lose money angry to win the race greedy gets sued to be successful to have the right information sad to win	0	1	0	0	0
ocasio-cortez accuses border patrol telling illegal immigrant woman drink toilet video update wrong	none none none none none none none none none	0	0	0	0	1
national press award guardian observer win windrush cambridge analytica	people watch personx closely happy to congratulate personx proud is applauded to be a good citizen to be a senator proud of himself to be a good citizen	1	0	0	0	0
trump colluded russia obstructed justice wing carebut independent	none none none none none none none none none	0	0	0	0	1
barclays vow hit target challenging quarter	they lose the game nervous to win the competition determined gets a good name to win to be a professional proud to be a winner	0	0	1	0	0
record number african migrant showing usa-mexico border	people are exposed to afriad annoyed to go home curious gets called racist to be a racist to have a passport happy to get to their destinations	0	0	0	0	1
million seat conservative woman senator patty murray equating abortion control damn	people vote grateful to thank personx conservative to be successful to be a good example to be a senator happy to be successful	0	0	0	0	1
omg marx fetch dana loesch perfect teen vogue puff piece karl marx lol	none none none none none none none none none	0	0	0	0	1
boris johnson face question character	they get a better understanding informed to listen to personx smart gets questioned to be a good example to have been asked many times good to be a good example	1	0	0	0	0
goodbye japan foreign relation emperor	people get offended annoyed to get away from him curious gets a new job to be in charge of foreign relations to have diplomatic skills happy to get away with something	0	0	0	1	0
here flying tortilla national championship	they get a trophy happy to celebrate proud gets a trophy to be a winner to have a strategy happy to win the competition	0	0	1	0	0
importance pelosis handcuff exchange today william barr	gets arrested annoyed to get their money back responsible gets arrested to be a good judge to be a cop guilty to be a good lawyer	0	1	0	0	0
far-right supporter confesses killing politician	people are shocked angry to get their money back righteous gets arrested to defend his stance to have a reason justified to get a vote	1	0	0	0	0
french trial accusing orange moral harassment wrap	gets caught angry to get out of the situation angry gets a lawyer to get a good lawyer to be accused of something angry to get away with it	0	0	1	0	0
trump num trillion promise corporate profit staying abroad	they get a good deal happy to thank personx greedy gets a lot of money to be successful to have a good job happy to make more money	1	0	0	0	0
concern sexualised child miss point	children are more informed annoyed to understand the situation wise gets scolded to be a good parent to be a parent sad to learn more	0	0	1	0	0
sudan activist regime kill num al-bashir ouster	people lose respect for personx angry to get rid of him aggressive is arrested to be a leader to be in charge of people satisfied to get rid of people	0	1	0	0	0
president endangering life trump promotes islamophobic attack ilhan omar	none none none none none none none none none	1	0	0	0	0
newlove crime victim family told real sentence criminal serve	people are arrested sad to be treated fairly responsible to be honest to make sure the truth be known to be a cop justified to be a good citizen	0	0	0	1	0
hampshire poetry community angry	people get into a fight angry to get even angry gets into trouble to be angry to be in a bad mood angry to get even	0	1	0	0	0
colorado teacher union protest devos turn vulgar	they get into trouble annoyed to protest racist gets yelled at to make people angry to have heard the protests satisfied to get away with it	0	0	0	0	1
climate change age extinction	people are killed happy to get rid of him powerful gets more money to be a better person to be a racist happy to be successful	1	0	0	0	0
trump birthday party america	people are sick happy to have a good time rich gets a hangover to have a party to buy gifts for the kids happy to have fun	0	0	1	0	0
iran crisis tale tanker	people lose money angry to get a drink brave gets stressed to be heard to be a pilot sad to be a hero	0	0	1	0	0
cori gauff num defeat venus williams wimbledon round	they win defeated to win the game competitive wins the game to win to be in a baseball game happy to celebrate	0	0	0	0	1
israeli pm netanyahu defends activist record polling place	people are affected happy to protest smart is asked to leave to defend the rights to be a politician good to win the election	0	0	0	0	1
notre dame basketball coach call woman power time turn	women's rights annoyed to win the game dominant our job to be competitive to be a basketball player good to be competitive	0	0	0	0	1
megan rapinoe isnt make comfortable	gets stressed grateful to be left alone mean is thanked to be mean to have a job guilty to make you relax	1	0	0	0	0
hong kong common sense life safe typhoon	people are safe safe to stay safe wise is avoided to be a good leader to have been kidnapped by chinese happy to keep people safe	0	0	1	0	0
retired justice john paul stevens talk history book ping-pong	he is a good listener interested to listen smart gets paid to be heard to have read the book satisfied to be heard	0	0	1	0	0
sander manager rip corporatist medium debate make american people stupider	none angry to get a new job rude gets fired to be in charge to be a racist powerful to make a difference	0	0	0	0	1
nolte cnn invents dangerous conspiracy theory trump refusing leave presidency	people are angry angry to protest smart gets fired to be safe to have information satisfied to be a hero	1	0	0	0	0
radicalization fiona scott morton	gets hurt by personx annoyed to get back at personx mean gets yelled at to be a jerk to have a radicalization plan satisfied to make sure they are safe	1	0	0	0	0
shaping humanity music merlinmoon announces sophomore album younity bangybang record	people listen people listen to personx to be heard bad gets a high five is asked to dance to be a guitarist happy to get attention	0	0	1	0	0
spy-satellite image reveal climate change rapidly melting himalayan glacier	people lose their jobs enlightened to avoid a disaster intelligent is praised by others to be accurate to have the information happy to change the climate	1	0	0	0	0
happy easter theblaze true meaning easter sunday	people pray happy to thank personx faithful is blessed to be faithful to be a christian happy to be happy	0	0	0	0	1
california fix prison county jail deadly	people are killed angry to get rid of him determined gets caught to be safe to have a problem with people sad to get rid of people	0	0	1	0	0
august wti oil num cent num percent settle num	none none none none none none none none none	0	0	1	0	0
sarah sander admitted special counsel lied comey	gets a new client angry to find out more guilty gets a court order to get a good name to be a fraud guilty to get out of trouble	0	1	0	0	0
fight fla tax cut saving hurricane irma	loses money sad to get a new employee careless gets a bad name to get rid of his money to get the money sad to get a new job	0	0	0	0	1
pompeo paris climate deal didnt change thing	gets a receipt annoyed to get rid of personx careless gets criticized to be left alone to have a bad experience happy to change things	0	0	0	1	0
world war fanatic collection bomb shell set fetch num auction	people die in the war angry to get out of the situation violent to be honest to kill people to have a gun happy to kill	0	0	0	1	0
saudi arabia execute possibly crucify teen participated protest num year report	none none none none none none none none none	0	0	0	0	1
chernobyl rescuing abandoned dog exclusion zone	people are saved grateful to thank personx brave gets arrested to save the animals to have the resources relieved to keep the dogs safe	0	0	1	0	0
study claim white people diet disproportionally contribute climate change	people are affected by the change in society grateful to listen to personx intelligent gets criticized to improve his health to be an environmental activist good to be a success	0	0	0	0	1
team obama tell iran dont escalate dont trump bait	they get hurt upset to protest wise gets yelled at to avoid a conflict to be a racist good to get away with it	0	1	0	0	0
setting precedent federal court rule jail give inmate addiction treatment	gets rehabilitated guilty to be treated fairly dominant gets caught to make a difference to be a criminal guilty to make sure they do not get caught	0	0	1	0	0
elvia wilks oval earth capitalism human specie sink doom	people die sad to avoid death evil is dead to be dead to be in the wrong place sad to die	1	0	0	0	0
sharpton trump venom black people	gets sick annoyed to avoid him mean gets into a bad mood to be a jerk to be in a bad mood satisfied to be a snake	0	0	1	0	0
num year picture changed view universe	people look at personx happy to understand influential is asked to explain the situation to change the world to be a good observer happy to be a good person	1	0	0	0	0
israel reopens kerem shalom crossing gaza border	people get hurt happy to get to safety brave gets caught to be a good citizen to have the money happy to get a drink	0	0	0	1	0
newsletter essential california week review tragedy gilroy	people are affected annoyed to get rid of him unintelligent is criticized to be a racist to have read about it bad to be a good citizen	1	0	0	0	0
economy add num job july unemployment stay	people lose money happy to get a raise poor gets a raise to be successful to have a budget happy to keep their job	1	0	0	0	0
ebola case rise congo decline issue emergency declaration	people lose their jobs angry to protest stubborn gets shot to avoid the situation to have received the paperwork sad to get rid of the cases	0	0	1	0	0
justice layleen polanco community demand answer trans black latinx woman died rikers	none none none none none none none none none	1	0	0	0	0
ilhan omar supporter caught threatening attempting dox somali whistleblower revealed ilhans crime	none none none none none none none none none	0	0	0	0	1
north korean discus kim jong-un trip russia	they get stressed annoyed to thank personx curious gets stressed to be a good listener to have a plane ticket happy to go to the airport	0	0	1	0	0
ben carson pediatric neurosurgeon hesitated send child back infested home baltimore	none none none none none none none none none	1	0	0	0	0
num people killed el paso shooting; num suspect custody	people are killed sad and angry to get out of jail criminal jails to be a criminal to be in the presence of the suspect sad to be free	0	0	1	0	0
num democratic candidate pledge seek gender parity national security team	they get a raise happy to win patriotic gets a raise to be a good leader to be a political leader happy to get a vote	1	0	0	0	0
political operative donor give million money wasnt promised here	none none none none none none none none none	0	0	1	0	0
lead topsoil produce kid cognitive problem	kids get sick confused to get help intelligent gets yelled at to be a good parent to be a doctor happy to teach them	0	1	0	0	0
epidemic body shaming taking toll men mental health	get cured sad to get better unhealthy gets cured to be a doctor to have been doing drugs sad to get better	0	0	1	0	0
text message earned michigan goper grand jury indictment	gets nervous happy to get the information smart gets called a fraud to get the truth to have a phone happy to get a good grade	1	0	0	0	0
muslim student talk pope tolerance	they learn enlightened to ask personx to stop talking wise gets scolded to be a good citizen to have a discussion good to make sure people listen	0	0	1	0	0
iran surpasses nuclear fuel stockpile limit state medium report	people lose money angry to report to the police smart gets a promotion to be successful to have the authority to do so satisfied to make more money	0	0	0	0	1
winning gm announces num million investment ohio hiring num worker	people are richer happy to do their best rich gets a raise to be successful to have the right tools happy to make a big money	0	0	0	0	1
federal civil right office limit access emotional-support animal depression	none none none none none none none none none	0	1	0	0	0
oberlin college pay bakery num furthering racism accusation jury	gets accused angry to get a verdict mean jury to be a good person to have a reason angry to get their point across	0	0	0	0	1
hold california marijuana law weird jail	gets into trouble annoyed to be safe careless gets into trouble to be safe to be in california guilty to be a good influence on people	0	0	0	1	0
elizabeth warren trillion-dollar big business tax plan cost amazon num year	they get a receipt angry to get their money greedy none to be fair to be a big business man happy to be successful	0	1	0	0	0
house conservative form anti-socialism caucus	people are influenced by the new policy happy to protest racist gets criticized to be a racist to be in a political party happy to make people vote	0	0	0	0	1
hundred child pakistan infected hiv needle blame	children get infected scared to avoid the disease careless get sick to be treated to have been poisoned by the needles sick to get better	1	0	0	0	0
american dont support higher defense spending	they are forced to vote annoyed to protest racist gets yelled at to be racist to have the same opinion sad to protest	0	0	0	1	0
refugee child praise isi vow crush apostate video syrian camp show	they are praised happy to thank personx religious gets ridiculed to be a good example to be a racist happy to be praised	0	0	0	0	1
joe biden brag past civility racist dem senatorsnow num opponent attack	none none none none none none none none none	0	0	0	0	1
donald trump made american	i want to be a good person happy to be entertained persuasive gets a job to be a part of the group to talk with me happy to be successful	0	0	1	0	0
sexist racist attack trump regulation weaken home health care union take effect	people get sick sad to get better racist gets arrested to be a racist to be a racist justified to be a racist	1	0	0	0	0
dan gainor big tech censorship absolutely threat democratic republic	people lose respect for personx cautious to protest powerful is respected to be in charge to be a leader happy to be in power	0	0	0	0	1
bill donohue slam fox news cutting segment point recent attack french church	none none none none none none none none none	0	0	0	0	1
young girl disappearance unsolved num year vanished walking bus stop	gets called out sad to find out what happened curious gets arrested to be alone to be a magician sad to find out where she went	0	0	1	0	0
buttigieg capitalist democracy important capitalism	people none none none is the most important thing in the world none none none to be a capitalist	0	0	0	1	0
lingering flaw jane virgin perfect ending	gets a bad reputation happy to get away with the crime unintelligent gets a lot of respect to be perfect to have a relationship with jane satisfied to be successful	0	1	0	0	0
honor fallen usa soldier killed afghanistan	they are killed sad to help them brave gets killed to be a hero to have been shot in the head sad to get medical help	0	0	0	0	1
maternal obesity linked childhood cancer	they get sick sad to support personx responsible gets cancer to be healthy to get sick sad to get better	0	0	0	0	1
huawei draw comfort wh reprieve	gets comforted grateful to be saved humble gets scolded by people to be comforted to be a teacher relieved to be understood	0	0	1	0	0
accused murderer oj simpson launch twitter account threatens anniversary week nicoles murder	people are arrested angry to get their money back mean gets arrested to be a threat to be a police chief happy to get even	0	0	0	0	1
num feared dead suspected arson kyoto animation studio	people are dead angry to find out the truth scared gets burned to be a hero to be in a crime scared to make a documentary	0	0	1	0	0
hawkish democrat representative eliot engel facing primary challenger	they are confronted by personx annoyed to argue stubborn gets into argument to be right to be a politician frustrated to win the debate	0	1	0	0	0
donald trump taking gop	gets a good grade happy to win confident gets yelled at to be a winner to have a job happy to win the game	0	1	0	0	0
change meet artistic director shaking british theatre	people are impressed happy to thank person x influential gets paid to be a better actor to be a performer happy to make a difference	1	0	0	0	0
chart day stock buyback record	they get a new employee happy to win successful gets promoted to be rich to have the money happy to be successful	0	0	0	1	0
amazon warehouse worker chicago company cheated overtime hour	loses money cheated to get a good deal mean gets yelled at to be a good employee to have a job superior to get a raise	1	0	0	0	0
notre dame cathedral structure artifact miraculously survive destructive fire	people die in the fire shocked to thank personx lucky is praised to survive to be a priest proud to be a hero	0	0	0	0	1
nolte massive viewership collapse drop cnn prime time num place	people lose their jobs sad to get back to work careless to be honest to get rid of people to have a bad day sad to be correct	0	0	0	0	1
israel launch trump height golan construction lag	people lose money impressed to thank personx ambitious gets fired to be a success to be a pilot happy to get the job done	0	0	0	0	1
pete buttigieg confronts race identity speech gay group	gets hurt annoyed to get away from personx rude gets called racist to be a racist to have a reason satisfied to get a drink	0	0	1	0	0
elizabeth warren plan personal voter	vote annoyed to vote confident gets called out to be in charge to be a senator satisfied to get a vote	0	0	1	0	0
rumour led medical researcher ethiopia killed mob	people are dead angry to get medical help mean is asked for advice to be a doctor to be a doctor bad to be correct	0	0	1	0	0
twitter user stunned discover oddly similar amazing wrist freckle	gets shocked surprised to ask questions curious gets called a freak to be surprised to have a similar wrist pattern surprised to tell everyone	0	0	0	0	1
youtube ban steven crowder vox reporter banning meltdown	people are criticized annoyed to get out of trouble mean gets scolded to stop something bad from happening to be a reporter bad to be a good leader	0	0	0	0	1
no-deal brexit fire parliament grab brake boris johnson	people are hurt angry to protest aggressive gets arrested to stop the truck from going to be in the wrong place powerful to stop the fire	0	0	0	0	1
russia military exercise arctic bark bite	they get into trouble annoyed to avoid him aggressive gets into trouble to be a soldier to have a gun powerful to get a better job	0	0	0	1	0
democrat hit trump trans-troop ban take effect	people are forced to vote annoyed to get rid of the illegal products racist gets arrested to be a better person to have a vote justified to change laws	0	0	0	1	0
stupid conservative feeding trump grift contribution	they get a better job annoyed to get a better deal smart gets praised to be a better person to have a good reason happy to be a good example	0	0	0	0	1
trump associate accused launder stolen money trump company	loses money cheated to get the money back greedy gets fired to be a fraud to be a bad influence guilty to get away with it	1	0	0	0	0
supreme court ruling start checking power federal bureaucrat	people are being poisoned by the government nervous to get their money powerful get money to be in control to be a government official powerful to get their money	1	0	0	0	0
trump mull tax cut rich report	they get richer happy to thank personx rich gets a receipt to be wealthy to have money happy to be rich	0	0	0	1	0
explosion reported university nevada reno dorm	students are informed interested to learn more curious gets a report to learn to go to the dorms interested to tell others	0	0	0	0	1
num girl face child-porn charge making video	gets raped embarrassed to cry young gets arrested to be a child to have sex embarrassed to be a good child	0	0	0	1	0
donald trump caught committing crime aboard air force	people get arrested angry to punish personx criminal gets arrested to be a hero to have been arrested guilty to go to jail	0	1	0	0	0
trump blast rashida tlaib comment israel holocaust	people are dead sad to avoid the situation racist gets yelled at to be right to be a racist happy to be a leader	0	0	1	0	0
rod rosenstein made huge mistake resignation letter	gets fired disappointed to fire him dumb gets fired to get out of a bad situation to do something stupid sad to get a new job	0	1	0	0	0
terrible thing trump cummings agree	they are surprised sad to listen to the situation wise gets yelled at to make things worse to be in the same place as someone bad to be right	0	0	0	1	0
rally trump accuses democrat defrauding public ridiculous bullst	people lose their job none to protest mean is yelled at to be right to have a speech justified to make people believe they are right	0	0	0	0	1
resident freed iran trump back hostage	people are safe sad to get out of jail greedy gets shot at to save the people to have a hostage happy to get back to their homes	0	0	0	1	0
history humankind prof masculinity powerful positive good	people are more informed impressed to be like him influential gets praised to prove his / her own worth to have a lot of knowledge proud to make people understand	0	0	0	0	1
un envoy arrives syria amid violent clash north	people are killed angry to avoid him aggressive gets attacked to be in the south to be in the south of the country nervous to fight	0	0	1	0	0
top mueller probe prosecutor andrew weissmann reportedly ink book deal	to be correct angry to win smart gets paid to be a lawyer to be a lawyer satisfied to get their money	0	0	0	0	1
num migrant apprehended num day texas border sector	people are killed annoyed to get rid of him unlucky gets arrested to be in a better situation to have a reason to do it sad to go home	0	0	0	0	1
democrat unite condemn trump tweet linking ilhan omar num	none angry to be a better people racist to be honest to be patriotic to be a racist happy to be a leader	1	0	0	0	0
chart day health insurance inflation hit num high	they get paid happy to help him responsible gets a check up to be healthy to have the flu happy to be successful	0	0	0	1	0
un agente de la patrulla fronteriza revela la realidad de ser guardia de nios migrantes	none none none none none none none none none	0	0	1	0	0
golf bethpage black turn beast windy final round pga	gets hurt scared to run away brave gets hurt to be feared to have a lot of fun sad to be feared	0	0	0	0	1
million voter missing india	people lose their homes happy to get rid of him indecisive gets a raise to get rid of the bad people to be in the presence of a politician sad to get a better deal	0	0	0	1	0
trump announces ambassador run tennessee senate	people vote nervous to get away powerful gets nervous to run for office to be in charge nervous to get a vote	0	0	0	1	0
brexit express steam train run num minute	gets stressed annoyed to get to the destination faster slow gets sweaty to be faster to be running late tired to get to the finish line	0	0	0	1	0
president trump surprised meghan markle nasty comment	gets fired annoyed to get even shocked gets scolded to be a jerk to be in a meeting surprised to make a point	1	0	0	0	0
people floored blue ivy singing beyonces surprise album homecoming theyre joining ivy league	none none none none none none none none none	0	0	1	0	0
house dems set subpoena kushner session num mueller witness	gets caught angry to be left alone determined to be honest to be in charge to have a case nervous to make sure they get their point across	0	0	1	0	0
voting right census bureau put estimate cost citizenship question	people are forced into cages happy to protest smart gets a raise to be a good citizen to have a reason to do so good about themselves to make sure the people are safe	1	0	0	0	0
bidens ridiculous anita hill apology tour	gets into trouble annoyed to thank person x mean gets yelled at to be heard to have a bad experience guilty to make up excuses	0	0	0	1	0
warren roll num billion plan boost minority entrepreneur	people lose money annoyed to thank personx generous gets a raise to be rich to be a leader happy to be successful	0	0	0	1	0
megan rapinoe share great idea boosting woman pay involves capitalism	none none none none none none none none none	0	0	0	0	1
facebook strip mark zuckerbergs power	they are disappointed annoyed to get away determined gets arrested to not be scared to have power powerful to be successful	1	0	0	0	0
julian castro spotlight housing homelessness labor forum num candidate	people are saved happy to get paid responsible gets a raise to be a good citizen to be a racist happy to make a difference	1	0	0	0	0
activist debunk republican misinformation house hearing abortion ban	people are discriminated angry to protest racist gets arrested to be a racist to be a racist justified to be right	1	0	0	0	0
indian farmer shocked suspected meteorite crash rice field	people are killed scared to run away scared get scared to be safe to be in the wrong place scared to get away from the scene	1	0	0	0	0
num year daily signal achieved	they get promoted happy to congratulate personx consistent gets promoted to be successful to work hard happy to be successful	1	0	0	0	0
rush limbaugh never-trumper problem fly elephant as	none none none none none none none none none	0	0	0	0	1
trump call squad nightmare america	they get fired annoyed to get rid of him mean gets fired to be in control to have an issue scared to make a deal	0	0	0	0	1
ethic expert detail scandal whs list staff salary	gets fired annoyed to get paid smart gets paid to make a good impression to be a manager satisfied to get paid	0	1	0	0	0
mexican government ms-13 infiltrated caravan headed report	people are betrayed bad to get away corrupt gets caught to be a good leader to have information happy to make sure the people are following orders	0	0	0	0	1
hallstatt town num people million tourist year	people are asked for autographs happy to enjoy rich gets a lot of money to have fun in the country to go to the place happy to go to the airport	0	0	1	0	0
mysterious case disappearing china sanction	people are shocked and angry surprised to get the case curious gets arrested to solve a crime to be a detective nervous to get the money back	0	0	0	1	0
netflix clap back brie larson troll directorial debut minute	none none none none none none none none none	0	0	1	0	0
disturbing reason republican deny science embrace measles epidemic	people are offended angry to listen to the information racist gets called a freak to be right to be a scientist justified to make people believe in the theory	0	1	0	0	0
braised black bean make forget meat	eats beans annoyed to eat hungry eats beans to be a good cook to eat satisfied to eat	0	1	0	0	0
boeing num max company unveils safety fix	people lose their jobs happy to help him responsible gets paid to be safe to have a job safe to be safe	1	0	0	0	0
star trek actress marina sirtis reveals molested babysitter teenage son	gets scared annoyed to get away from him mean gets yelled at to be alone to be in the presence of the kids sad to get out of trouble	0	0	0	1	0
plane largest wingspan world take flight	people are surprised impressed to get a good seat daring gets into trouble to be in the sky to buy a ticket happy to fly	0	0	1	0	0
mad bad news big oil actively involved climate talk	people are affected by the oil upset to avoid the oil careless gets stressed out to be a success to be in the company of a company that is promoting oil companies upset to get rid of the oil	1	0	0	0	0
bronx man suspected wanting join taliban pulled middle east-bound plane jfk	they are arrested angry to go to the border scared gets nervous about the situation to go to iraq to have been asked to join the military nervous to go to the airport	0	0	0	0	1
baton rouge man arrested child pornography probe; num image found official	they are accused of trafficking angry to be safe immoral """ no """ to be correct to be caught guilty to be arrested	0	1	0	0	0
politico playbook trump race drumbeat play num	they are defeated happy to win race competitive is praised to be a success to have the time happy to win the race	0	0	1	0	0
johnson head tory leadership contest round	gets a prize disappointed to win determined gets a prize to win to be in charge happy to win the contest	0	0	1	0	0
buttigieg polite people advance policy hurt family	gets hurt grateful to thank personx powerful is respected to be a good person to have the means to do so happy  to be a good citizen	0	0	0	1	0
fifteen-year-old nigerian build small scale construction machine	people are affected by the machines annoyed to get paid smart gets dirty to make money to buy the equipment happy to make a profit	0	0	1	0	0
hud charge facebook housing discrimination	gets sued angry to get their stuff back mean gets arrested to be a racist to have access to a website guilty to get a lawyer	1	0	0	0	0
idiot busted posing officer pulling undercover cop	gets arrested for assault annoyed to get a reward criminal gets arrested to be a cop to be in a car nervous to go home	0	0	0	1	0
camp pendleton marine sailor arrested human smuggling drug probe	gets arrested cheated to go home immoral gets caught to be a cop to go to the border guilty to get away from the scene	1	0	0	0	0
burning russian plane make emergency landing	people are hurt happy to greet personx responsible gets hurt to be safe to buy plane nervous to get off the plane	0	0	1	0	0
men black international charming fun squanders chance richer story	none none none none none none none none none	1	0	0	0	0
chinese film studio blacklisting american	people lose money annoyed to get paid untrustworthy gets a bad reputation to make money to have film film sad to make a film	0	0	0	1	0
grisly detail emerge utah couple execution-style murder	people are killed scared to get away violent gets arrested to be a victim to be in the wrong place satisfied to be a hero	0	0	0	1	0
leader baltimore maryland denounce trump tweet attacking cummings	people are killed angry to get out of the country safely racist gets arrested to win to be a politician justified to win the election	0	0	1	0	0
time covering story charlene downes teenager ended kebab	none none none none none none none none none	1	0	0	0	0
scottish fan medium blast team horror show kazakhstan	people get sick scared to win brave gets ridiculed to be a comedian to have a good time happy to get a drink	1	0	0	0	0
netanyahu order continued pounding gaza num rocket fired israel	people lose money scared to go home aggressive gets arrested for assault to kill to have a gun happy to kill the terrorists	0	0	1	0	0
fear immigration raid loom plan ice family operation move forward	people lose money nervous to get away determined gets stressed out to get rid of the bad people to be a border agent nervous to make sure they have enough food	1	0	0	0	0
dying howl british politics	people are affected by the death annoyed to listen to them ignorant gets ridiculed to show his views to have lost their job sad to get away from the situation	1	0	0	0	0
capital github sued allegation protect customer massive data breach affected num million people	none none none none none none none none none	0	0	1	0	0
immigrant denied citizenship smoking legal pot	people smoke pot angry to make sure they are not smoking irresponsible gets cancer to be a vegan to have been smoking sad to get out of the country	0	0	1	0	0
sander pay num embezzler consulting firm	gets a raise cheated to get paid greedy gets a raise to be a good salesman to have a job happy to make money	0	0	0	0	1
ford vw share cost electric self-driving car	they get their car back happy to thank him poor gets a ticket to be rich to have a car happy to get a good deal	0	0	1	0	0
mueller report prof russian collusion claim hoax	they are surprised annoyed to tell their friends clever gets called a liar to prove something to have a report satisfied to tell everyone	1	0	0	0	0
federal judge upholds trump short-term health plan expansion	people lose money happy to thank personx smart gets called a racist to be a better judge to have a good reason to do so satisfied to be successful	0	0	0	0	1
advice columnist trump raped mid-'90s; update trump responds	none none none none none none none none none	0	0	0	0	1
tell afghan president qatar talk chance peace	people listen to personx happy to listen to personx wise gets a raise to be heard to be in a meeting good to get people's attention	0	0	1	0	0
paris air show sold num billion plane num million electric stole show	people lose their money happy to get a new product rich gets a commission to be a success to buy a plane happy to buy a plane	0	0	1	0	0
europe future decided north africa	people are affected by the changes happy to get a good price brave gets a new job to be in control to have a plan happy to make sure the land is safe	0	0	0	1	0
andrew gillum reiterates call impeachment mueller report	people listen to personx angry to listen to personx authoritative gets fired to inform to be a leader good to get a response	0	0	0	0	1
student told teacher gender facing harsh punishment school report	cries sad to listen wise to be honest to punish someone to be in school sad to be a good teacher	0	0	0	0	1
migrant ship tragic history venice biennale migrant boat sinking show relic	none none none none none none none none none	1	0	0	0	0
jones raise num percent alabama resident quarter	people get more money happy to give a discount skilled gets a raise to be the best to be a senator happy to get a raise	0	0	0	0	1
delingpole stupid guy ambassador resigns great news trump boris britain brexit	none none none none none none none none none	1	0	0	0	0
horror climber num plunge death scaling highest mountain ireland	they are killed sad to kill him daring gets arrested to be a mountain climber to climb accomplished to be successful	0	0	0	1	0
supreme court rule jury sentence man death he gay	none none none none none none none none none	0	1	0	0	0
trump detention child national disgrace	children cry sad to get away from personx mean is scolded to be a parent to have been arrested ashamed to be a better person	0	1	0	0	0
biden launch num rescue mission america soul	people are saved grateful to thank personx brave gets arrested to help people to be a leader in the military happy to help people	0	0	1	0	0
klobuchar fundraises mcconnell challenger amys	they are inferior annoyed to be a good example smart none to be a good example to be a leader happy to be successful	0	0	0	1	0
bank face civil lawsuit london forex dealing	loses money angry to win the lawsuit powerful gets sued to be in power to have a lawsuit satisfied to win	0	0	1	0	0
pentagon usa military operation killed num civilian num	people died dead to get medical help brave gets shot down to be safe to have a weapon sad to kill the enemy	0	0	0	1	0
whats fact whats fiction fosse/verdon episode num	learns something new happy to learn more smart gets called a liar to be a good reader to be a teacher satisfied to be correct	0	1	0	0	0
bernie sander win latest daily ko straw poll five-candidate race	they get a trophy happy to win the race talented the most popular person in the race to be successful to have a good job happy to win the race	0	0	0	0	1
john carlos frey america deadly stealth war mexico border approaching genocide	to be safe scared to get away dangerous gets killed to be a dictator to be a businessman nervous to get away	1	0	0	0	0
num dead num missing boat sinking congo lake	people mourn sad to go to the funeral dead gets killed by a boat to get away to have a boat sad to go to the airport	0	0	0	0	1
here whats amazon prime video august num	people lose money interested to get their product curious gets called out to be entertained to be on amazon happy to be a success	0	0	1	0	0
leading national security figure avoid briefing trump fear hell leak russian report	people lose their jobs nervous to be safe cautious is criticized to be safe to be in charge nervous to be safe	1	0	0	0	0
wrong debate num minimum wage	they are frustrated annoyed to argue with person x frustrated gets yelled at to be right to be a bad student frustrated to get a better job	1	0	0	0	0
document raise ethical billing concern nra counsel	people lose clients grateful to listen to personx smart gets a raise to be a good citizen to have a problem with the law good to make sure they are respected	0	0	1	0	0
warned indicative vote leave uk auf wiedersehen pet brexit	none none none none none none none none none	0	0	0	1	0
poor country technology make big improvement education	people get better grades happy to learn smart gets praised to be rich to be a scientist happy to be a good citizen	0	0	1	0	0
num people died climbing mount everest year	people mourn sad to mourn brave gets killed to be a hero to have a funeral sad to be successful	1	0	0	0	0
water public push congress impeach trump	none none none none none none none none none	0	0	0	0	1
trump russia clinton president	they vote annoyed to vote confident gets criticized to be a dictator to have the right information like a fool to be right	0	0	0	1	0
tear gas fired indonesia protest turn violent	people lose money angry to get out of the situation aggressive gets arrested for assault with gun to be a threat to have a gun angry to make sure they are ok	0	0	1	0	0
india oldest e-commerce firm ipo rare investor	clients lose clients happy to get a good deal successful gets a good deal to make money to have a lot of money happy to get a raise	0	0	1	0	0
poland government systematically silencing opposition voice	people lose their homes angry to protest authoritative gets arrested to be in control to have a lot of money satisfied to get rid of the opposition	0	0	0	1	0
woman soccer team win world cup criticizing pay discrimination trump	they get a new team sad to win competitive gets a trophy to be the best to practice happy to be a winner	1	0	0	0	0
michael avenatti seek vengeance jacob wohl	gets killed angry to get revenge vengeful gets caught to be revengeful to be in trouble angry to get revenge	0	0	0	0	1
utah family sue son diabetes school	gets caught sad to cry mean gets arrested to be a bad influence on children to have a case guilty to get a lawyer	0	0	1	0	0
gop whip democrat obsessed mueller forgets called investigation	gets called out annoyed to get even with personx annoyed gets called out to be right to have a conversation with a politician annoyed to get more information	1	0	0	0	0
democrat ponder avoid climate debate	they are asked to vote for them annoyed to protest intelligent gets a headache to be a better citizen to debate smart to change their ways	0	1	0	0	0
joshua schulte alleged cia leaker made catastrophic impact wikileaks disclosure doj	none none none none none none none none none	0	0	0	1	0
booker supporter criticize record newark mayor	people lose money angry to win racist gets a complaint to make money to have a reason to be racist happy to get a good deal	0	0	0	0	1
watch cellist yo-yo ma play harmony us-mexico border	people are affected by the mexican culture happy to thank personx outgoing gets caught to be a leader to get a guitar happy to be a good leader	0	0	1	0	0
claiming racism illinois democrat cancel local civil war re-enactment	people vote sad to protest racist gets a bill to change to have a racist party happy to make a change	0	0	0	0	1
august gold gain num num percent settle num	loses money happy to win the competition rich 001 % to be safe to win to have a good job happy to win the race	0	0	1	0	0
make num week writing essay lazy student	students are inspired annoyed to get better grades lazy gets a grade to be lazy to have a lot of time to spare proud to teach the students	1	0	0	0	0
volvo warns irresponsible self-driving roll-out	gets into a wreck annoyed to listen to personx careless gets yelled at to be correct to be a driver annoyed to get a car	0	0	1	0	0
medicare num step medicare	they are treated better sad to help him out young gets sick to be a good person to be a child sad to be successful	0	1	0	0	0
police charge suspected christchurch mosque gunman engaging terrorism	people are killed angry to protest against the actions righteous gets arrested to be a hero to be a minister in islam justified to get rid of people	0	1	0	0	0
kamala harris trump attempt black rapper trapped sweden misuse power	none none none none none none none none none	0	0	0	0	1
utah man pleads guilty slaying deputy jack box russian snowboard champ la	none none none none none none none none none	1	0	0	0	0
trump va firing spree falter court	people are injured angry to win untrustworthy gets arrested to win to be a criminal sad to win	0	0	1	0	0
people qanon destroyed relationship	they cry sad to get away mean gets yelled at to be informative to have an opinion relieved to make amends	1	0	0	0	0
clean slate act record-sealing provision booker marijuana justice act	gets arrested angry to get away from him responsible to be honest to be a good citizen to have a bad reputation satisfied to be successful	0	0	0	1	0
flybe accused keeping passenger dark right compensation	they are reprimanded angry to get out of trouble smart gets scolded to be a tattletale to be a cop guilty to be a good example	0	0	0	1	0
here whats leaving netflix num	people lose their jobs happy to get the best deal curious personx gets the news to be left alone to be a journalist happy to go home	0	0	1	0	0
michael avenatti arrested charged bank wire fraud alleged attempt extort nike	gets caught angry to get money criminal none to get money to have a criminal angry to get money	0	0	0	0	1
melbourne city uber flying taxi	people get into taxi happy to get paid rich gets a taxi to travel to get in the taxi excited to get a taxi	1	0	0	0	0
stossel moral panic sex work	gets a bad review annoyed to avoid personx unintelligent gets yelled at by coworkers to be a better person to have a relationship with someone guilty to be more careful	0	0	0	1	0
senate pass num billion border bill setting fight house	people lose their homes angry to win the race powerful gets arrested to be a winner to be a government official happy to win	0	0	0	1	0
num yield num percent; num yield num percent; num yield num percent	none none none none none none none none none	0	0	1	0	0
john bel edward vulnerable louisiana	people are killed scared to get away from him vulnerable gets killed to get away from the law to be a cop scared to be safe	0	0	0	0	1
twitter banning conservative investigative journalism big tech abortion activism	people are criticized angry to be a journalist smart is asked to stop talking to be a good citizen to be a journalist satisfied to be a leader	0	0	0	0	1
supergroup consisting da candy justin prime onderkoffer featuring jackie boy lil eddie release fever june num num	none none none none none none none none none	0	0	1	0	0
woman harrowing journey aspiring olympian nxivm sex slave	gets raped sad to be left alone greedy gets raped by slave to be in power to be a slave owner happy to get a good name	1	0	0	0	0
f1 mick schumacher honoured compared father michael	father is proud proud to be acknowledged respectful is praised to show respect to be in the right class happy to be acknowledged	1	0	0	0	0
congressional leader start budget talk wh week report	gain knowledge interested to listen smart get a good grade to be a good leader to have the authority good to get a good grade	0	0	0	1	0
truck slam crowd highway guatemala; num dead	gets hurt angry to get away reckless gets a ticket to be a hero to drive scared to get to their destination	0	0	0	0	1
kid recreating game throne opening credit art craft confirms young people save	none none none none none none none none none	0	0	1	0	0
isi lost home economic empire stand	loses money sad to invest poor loses money to be rich to have a lot of money sad to buy a new house	0	1	0	0	0
detention centre shock conscience country	people lose money shocked  to listen to personx influential gets arrested to be a hero to be a minister guilty to be a good citizen	0	0	1	0	0
dont compare situation border holocaust	people are killed sad to thank personx ignorant gets called racist to be a racist to have seen the situation on the border sad to be a better person	0	0	0	1	0
usa put nuclear waste dome pacific island cracking open	people lose money angry to get rid of the waste irresponsible people are dead to eat to be in the presence of the japanese happy to clean up	1	0	0	0	0
july wti oil trade num versus num rig data	none none none none none none none none none	0	0	1	0	0
malaysia order tonne imported waste returned	they lose money annoyed to get rid of him greedy gets a lot of bad reviews to be rich to have a reason to buy waste satisfied to get rid of waste	0	0	1	0	0
trump slam india tariff american product country field day	people lose money angry to get their product rude is yelled at to make money to have a problem with the product angry to get rid of all the products	0	0	0	0	1
f1 williams driver george russell robert kubica prepare long-term recovery	they are impressed happy to drive prepared fast to drive to be a driver happy to drive	1	0	0	0	0
lawyer alleges ecuador spread lie wikileaks founder	people are deceived angry to argue arrogant gets arrested to be heard to have a reason justified to be right	0	0	0	1	0
nasa india anti-satellite strike endangered international space station	people are endangered angry to protest mean is criticized to be a good citizen to have a problem with the company happy to make sure the birds are safe	0	0	1	0	0
daily ko democratic straw num edition	people are affected by the new laws happy to listen to the information smart gets into trouble to be a leader to have the right information happy to make a speech	0	0	0	0	1
high life stunning space odyssey baby board	gets stressed out happy to enjoy the trip rich gets a raise to be a good listener to be a baby sitter happy to be successful	0	0	1	0	0
iraq end crisis iran	people are saved grateful to thank personx brave gets stressed to be a good leader to have a problem good about themselves to be a leader	0	0	0	1	0
congressional democrat hold barr contempt trump declares executive privilege	people are offended annoyed to listen to personx authoritative to be correct to be a good citizen to have a reason to do so happy to be right	0	0	0	0	1
huawei founder revenue num billion forecast	people lose money happy to get paid ambitious gets money to be successful to be a manager happy to make a profit	0	0	1	0	0
vice president penny tour border patrol facility num men crowded cage horrendous stench	people get sick disgusted to get out smelly smells like animals to be a rat to be in a cage disgusted to be a leader	0	1	0	0	0
comedian tim conway carol burnett show dy num	the other people sad to cry dead is applauded to die to have a funeral sad to be a good actor	0	1	0	0	0
video cocaine bust sea show importance coast guard funding	people get sick of drugs annoyed to get rid of him careless gets arrested to be rich to be in the wrong place satisfied to make a report	1	0	0	0	0
york activist leading charge sex work decriminalization	people are discriminated against angry to protest aggressive gets arrested to make a profit to be a racist happy to make sure the people are safe	0	1	0	0	0
nasdaq advance num point num percent num	they are competitive disappointed to win the competition competitive gets the best score to be the best to be in the race happy to win	0	0	1	0	0
green deal fight militarism	people are attacked angry to get away aggressive gets arrested to be a good person to have the authority good to get rid of us	0	1	0	0	0
half gps early retirement slashed hour pension row	loses money sad to get personx's money back irresponsible loses money to save time to have a job sad to get a new car	0	0	0	1	0
truck plow crowd guatemala highway killing num	people get killed angry to go to the airport reckless 000 feet to be a bad driver to drive to the airport guilty to get out of the car	0	1	0	0	0
un water resolution sexual violence threat usa veto	people get killed scared to get away with it violent gets arrested to be in control to be in a bad mood satisfied to make sure they are ok	1	0	0	0	0
rep doug collins release nellie ohr testimony transcript house judiciary committee contributing author phony dossier	none none none none none none none none none	0	0	0	0	1
dont fear nikita parris england ready world cup holder usa	none none none none none none none none none	1	0	0	0	0
truck explodes burger king drive-thru arkansas	people are hurt angry to eat reckless gets arrested to be a jerk to be hungry hungry to eat	0	0	0	1	0
trump sold property mysterious shell company tied maduros top ally num	none none none none none none none none none	0	1	0	0	0
heavy rain japan deadly landslide flood	people are affected by the rain scared to avoid death dangerous gets burned to be safe to have a lot of people in japan sad to stay dry	0	0	1	0	0
booker trump worse racist -- similar george wallace	people get into trouble annoyed to get rid of him racist is a racist to be racist to be racist like a racist to get away with racist things	0	0	0	0	1
labour party role brexit crisis	people lose their homes angry to thank personx responsible gets fired to be involved to have a job happy to make sure the situation is under control	1	0	0	0	0
breakthrough battery technology investor betting million	they get their money happy to win smart gets money to invest to have a company happy to invest	0	0	1	0	0
dead num injured protest indonesia election result	people lose money angry to protest angry gets arrested to be heard to have been arrested sad to protest	1	0	0	0	0
charge dropped arizona student called border patrol murder patrol campus event	gets arrested angry to get out of the car mean gets arrested to be a cop to be in the wrong place at the wrong time guilty to get away from the scene	1	0	0	0	0
ice bucket challenge promise pitfall viral charity	people get hurt happy to win brave gets a raise to win the contest to be a good person happy to win the competition	1	0	0	0	0
scientist detect earliest big bang molecule space	people get a virus interested to see what they did intelligent gets a good grade to be careful to be a scientist curious to make a report	1	0	0	0	0
couple dy bubonic plague eating raw marmot meat	people mourn sad to get rid of him sick gets poisoned to be dead to eat meat dead to be dead	0	1	0	0	0
judge missouri abortion clinic day resolve dispute state license	people are saved grateful to get a lawyer fair none to be fair and just to have the authority relieved to get rid of the fetus	0	0	0	0	1
nuclear arm race nato mark num anniversary threat nuclear confrontation grows	people are dead nervous to get away aggressive is feared to be a threat to have a nuclear attack happy to kill everyone	1	0	0	0	0
ethiopia au float proposal peace sudan	people are grateful to personx happy to thank personx brave gets paid to be a good citizen to have the authority happy to make a deal	0	0	1	0	0
top iran commander invokes num frail; full intelligence war	none none none none none none none none none	0	0	0	0	1
man arrested filling hotel bath potato five-day mdma binge	they are arrested annoyed to punish personx irresponsible gets dirty to have a good time to have been arrested for being a liar guilty to get out of the tub	1	0	0	0	0
man told girlfriend run murdered lead international manhunt put bar	none none none none none none none none none	0	0	0	0	1
ncis renewed season num cbs	they get a new job happy to win the competition determined gets dirty to win to have a reason to do it happy to win the competition	0	0	0	0	1
boeing ceo admits mistake num max ahead paris air show analyst note ominous dark cloud hanging entire industry	none none none none none none none none none	0	0	1	0	0
antisemitic incident surge berlin num case num	people are affected by the deaths of german soldiers sad to get out aggressive gets a virus to be a part of the german military to be a german citizen sad to make a difference	1	0	0	0	0
bahrain fm interview israeli tv channel	gets interviewed happy to thank personx curious gets interviewed by tv to be a good host to have a reason nervous to get paid	0	0	1	0	0
cruelty point community fight back threat ice raid terrorize immigrant family	people are attacked scared  to be safe aggressive become a politician to be in control to have a gun powerful to keep their children safe	1	0	0	0	0
noez alyssa milano totally doomed amy mcgraths entire word	none none none none none none none none none	0	0	0	0	1
intelligence scholar sue cambridge academic usa news outlet report flynn link	gets caught angry to get their money smart gets a good grade to be in charge to be a student satisfied to make a settlement	0	0	1	0	0
biden save democrat total embarrassment	vote grateful to thank personx smart is thanked by the democrats to be a hero to be a politician proud to make sure the democrats are ok	0	0	0	1	0
jailed asylum-seekers rise detention contractor reap profit	they are punished angry to punish personx rich gets arrested to make money to be in trouble guilty to make a profit	0	1	0	0	0
democratic leader vote reversing hyde amendment	vote for different people sad to vote racist is voted in to change to be a racist happy to be right	0	0	0	1	0
ucla professor face num year prison conspiring send usa missile chip china	they get into a fight with person x sad to be safe a result none to get money to be a racist sad to get away with it	1	0	0	0	0
farewell make asian american immigrant experience feel universal	they get into trouble happy to express gratitude influential gets a new experience to be a part of a culture to talk to the afriad happy to be understood	1	0	0	0	0
pro-brexit troll threatened send tory mp nicky morgan burn unit	gets burned angry to get revenge mean gets burned to be mean to be a threat angry to get rid of him	0	0	0	1	0
protester target biden deportation bill de blasio eric garner democratic debate	none none none none none none none none none	0	1	0	0	0
eiffel tower closed man climb paris landmark	man gets into trouble with police annoyed to thank him for it adventurous gets hurt to get out of the city to go to the museum accomplished to get a better view	1	0	0	0	0
price top-selling drug soared num year study find	they get a good deal happy to get a high grade successful gets a raise to get a good deal to have the right drugs happy to be successful	0	0	0	1	0
alex rodriguez accused cheating jennifer lopez sexting british playboy model	gets in trouble angry to cry immoral gets in trouble to be a cheater to have sex with a woman upset to be left alone	0	0	0	1	0
ted cruz cortez join push over-the-counter birth control	people are sick happy to get rid of him irresponsible gets arrested to have a healthy baby to have the money happy to get a high blood sugar	0	0	0	1	0
nucor downgraded hold buy cfra	they gain a better product happy to thank personx smart gets a receipt to increase the market to have the money happy to make sure the market is good	0	0	1	0	0
executive french telecom brought trial employee suicide	lose money angry to get their money back aggressive gets a promotion to win to have a case justified to win the case	0	0	1	0	0
baltimore resident trump attack city rooted racism white supremacy	people are oppressed angry to stay in power racist and people are persecuted to be a racist to be racist happy to be a good example	1	0	0	0	0
bernie sander apologizing wealth	gets angry annoyed to thank personx humble gets yelled at to be polite to have lost their job ashamed to get a new job	0	1	0	0	0
trump disturbing answer unite country echo maniacal demand loyalty	people listen to personx annoyed to listen to the orders aggressive to be honest to be a good citizen to have a reason satisfied loyalty	0	1	0	0	0
trump racist attack catnip republican base make num winner	none none none none none none none none none	0	0	0	0	1
justice gorsuch wage war constitutional order	people lose respect angry to get away with it righteous gets arrested to be in charge to be a minister in government justified to be in power	0	0	0	1	0
rosie o'donnell make bizarre concentration camp comment facility meet definition	people are offended annoyed to get a good grade smart gets yelled at to be understood to have a reason happy to make people laugh	0	0	0	0	1
public option key reviving middle class	people are grateful grateful to thank person x helpful gets a raise to be helpful to have a good reason to change happy to get a good deal	0	0	1	0	0
northern ireland mourns lyra mckee journalist lgbt activist shot nationalist riot	none none none none none none none none none	0	1	0	0	0
street clash erupt venezuela guaido urge uprising	people are hurt angry to avoid him aggressive gets hurt to be a part of something to be a racist angry to get rid of the unwanted people	0	1	0	0	0
investigated president honduras drug-trafficking document show	gets arrested angry to get rid of him criminal gets arrested to find out the truth to be a spy nervous to get a report	0	0	0	0	1
maximum security owner call kentucky derby disqualification egregious contemplates appeal	the judge annoyed to get their money back dominant gets called a racist to be correct to be in the presence of the owner satisfied to get the correct response	0	0	1	0	0
spice girl fan left furious demand refund cardiff reunion concert	gets yelled at upset to get away from the fans angry gets yelled at to be left alone to have a reason to be angry upset to get back to work	0	0	0	1	0
final fantasy vii remake ignore sjw complaint spite	gets into trouble annoyed to be right mean none to be right to be a bad person happy to be a good person	0	0	0	0	1
cancel kate smith cancel ny yankee	gets yelled at upset to protest irresponsible gets yelled at by the manager to be a better team to have a meeting with the boss sad to reschedule	0	0	0	0	1
gun control finally moment virginia	they have fun happy to have fun brave gets a lot of compliments to be happy to have a reason to do it happy to relax	1	0	0	0	0
jake tapper laugh pences face dont cleanest air water world	none none none none none none none none none	0	1	0	0	0
nyt detail emerge connection bidens ukrainian corruption scandal	people get into trouble with personx happy to be successful smart gets called a fraud to be a good citizen to have information happy to make sure the information is accurate	0	0	0	0	1
ten usa state sue stop sprint-t-mobile deal consumer hurt	people lose their homes angry to listen dominant to be honest to be correct to be a racist justified to stop smoking	0	0	0	0	1
un thousand flee congo violence seek asylum uganda	people are killed scared to escape brave gets arrested to be safe to be in a jungle scared to go home	0	0	1	0	0
trump call secretary state hired dumb rock criticism	gets fired annoyed to get a job arrogant gets fired to get a raise to get the job satisfied to tell the truth	1	0	0	0	0
developing document show cummings wife charity enrich profit company	none none none none none none none none none	0	0	0	0	1
romney vote budget deal agreement perpetuates fiscal recklessness	people lose money annoyed to protest smart gets accused of fraud to be in control to have a budget good to get a new job	0	0	0	1	0
iran afghanistan ink pact boost nuke production	people lose jobs annoyed to buy a new one smart gets a bad name to be a better person to have a reason to do it happy to get a new job	0	0	0	0	1
traffic stop turned police chase num woman refused sign num ticket	none none none none none none none none none	0	0	0	0	1
journalist num shot dead northern ireland terrorist incident	people died sad to cry dangerous gets killed to kill someone to have been shot sad to be a hero	0	1	0	0	0
scientist tracked south africa sardine run num year	they get a good grade happy to get a good grade intelligent gets a promotion to learn something to have a microscope happy to get a good grade	0	0	1	0	0
david beckham six-month driving ban phone wheel	gets called a freak annoyed to get a new car irresponsible gets into trouble to be able to drive to have a phone guilty to get out of trouble	1	0	0	0	0
stunning boeings num max software outsourced num engineer indian software developer	none none none none none none none none none	0	0	0	0	1
migrant fearful hundred arrested mexico raid	people lose their homes scared to get away scared gets arrested to be safe to have been caught by the police scared to run away	0	0	0	0	1
gunman parole kill num australian city darwin	gets killed sad to get away mean gets killed to kill people to get a knife guilty to get away	0	1	0	0	0
saudi arabia detains num usa citizen sweep activist arrest jamal khashoggi killing	none none none none none none none none none	0	1	0	0	0
num hotel guest south korea secretly livestreamed internet	they get sick sad to have fun uninformed personx gets a tip to have a good time to have been cheated by their parents sad to get a drink	0	1	0	0	0
japanese volunteer curb suicide kindness pancake	people are saved grateful to thank personx generous gets dirty to be helpful to have a recipe happy to be a hero	0	0	1	0	0
num migrant apprehended num day crossing remote az border area	people are attacked annoyed to get a good deal unlucky gets a new job to be safe to have been caught in the middle of a tornado by the border sad to get a new home	0	0	0	0	1
trump xi agree potential trade truce condition	agree happy to make a deal agreeable agrees to a deal to be agreeable to have agreed to a trade deal satisfied to make a deal	0	0	0	0	1
republican congressman suggests gop spent num year saving health care plan num	they get sick grateful to thank personx smart gets a medal to be healthy to be a senator in the first place happy to be a good citizen	1	0	0	0	0
florida man killed world dangerous bird	people are dead sad to kill personx dangerous gets killed to be dangerous to have an affinity for birds sad to get a new pet	1	0	0	0	0
sander spent life fighting authoritarianism soviet union	people are offended annoyed to get rid of him racist gets into trouble to be a good person to be a communist justified to get out	0	0	0	0	1
western medium wrong china blockbuster wandering earth	people are confused about the matter confused to get away from personx ignorant gets fired to be misunderstood to be a racist sad to make a documentary	1	0	0	0	0
video show fiery aftermath suspected attack tanker	people died angry to get away from the scene angry gets arrested to be a hero to have a weapon angry to make sure everyone is safe	1	0	0	0	0
num man pleads guilty drug case ambulance	gets arrested sad to file appeal guilty gets arrested to get out of jail to be arrested guilty to get out of jail	0	0	0	0	1
jordan klepper wyatt cenac citizen journalism class clown made good	students are reprimanded annoyed to listen to the teacher smart is applauded to be a good example to be a teacher satisfied to be a leader	1	0	0	0	0
congress failing hurricane michael victim	people lose their homes sad to get a new job unlucky gets stressed to be a better swimmer to be a scientist sad to avoid storms	1	0	0	0	0
girl bye watch cnns april ryan sarah mock farewell party	she cries sad to cry mean none to be mean to have a party happy to go home	0	1	0	0	0
house democrat shortchanging military	they are more productive happy to protest the policy patriotic gets demoted to change to have a policy good to change their ways	1	0	0	0	0
sudan protest outrage troop open fire protester	people are killed angry to get their attention aggressive gets arrested to be in control to have a gun justified to get rid of the people	0	0	1	0	0
woman colour family shame make abortion traumatic	people get sick disgusted to get away from personx racist gets sick from the smell to be racist to be a racist sad to be a racist	1	0	0	0	0
verizon seeking vandal damaging equipment	gets fired angry to get revenge careless gets arrested to get even to be a thief upset to apologize	0	0	0	0	1
quietly water communique gender equality	they get a raise happy to thank personx thoughtful gets scolded by superiors to be a leader to be in a meeting good to make sure the situation goes smoothly	0	0	0	1	0
video show migrant abusing child arizona border fence	children are harassed scared to run away racist gets scolded to be mean to be a pedophile happy to make a documentary	0	0	0	0	1
boundary politics stand-up comedy crumbling	people are laughing amused to laugh unintelligent gets ridiculed to be a comedian to have a bad experience sad to be successful	0	0	1	0	0
subtle hint time clean car	gets dirty grateful to thank personx helpful gets thanked to clean up the car to get the cleaning supplies ready helpful to get paid for cleaning	1	0	0	0	0
strong economic growth quarter devil detail	people lose money happy to get their money back smart gets a promotion to be a success to have a problem satisfied to make sure the market stays good	0	0	0	1	0
america fall love mitt romneys foreign policy	gets offended annoyed to get away from personx unintelligent gets hurt to be left alone to be a foreign speaker sad to get back up	0	0	0	0	1
nestle switch delivery model usa frozen food cut num job	gets a bad review from the boss annoyed to get paid lazy gets a bad review to be a better person to have a job happy to make a profit	0	0	0	0	1
trump sound reluctant attack iran he increasingly surrounded hawk	people lose money cautious to get away nervous gets shot to get away to be in a bad situation nervous to get away	1	0	0	0	0
mueller found collusion trump pardon michael flynn	gets into trouble sad to thank personx dumb gets yelled at to be left alone to be in the wrong place sad to apologize	0	0	0	0	1
feminist comedian samantha bee call pro-life unplanned movie made propaganda edits trailer narrative planned parenthood	none none none none none none none none none	0	0	0	0	1
federal judge blocked trump latest attempt turn asylum seeker	people are forced to listen to personx sad to get away from personx dominant gets called racist to be a good person to have lost their job justified to get a better deal	0	1	0	0	0
effort make building greener working	people get burned happy to get a new job creative gets sweaty to be a better worker to plant a garden happy to make more money	0	0	1	0	0
wayfair worker supporter protest furniture sale usa immigrant camp	people get tired happy to get their money racist gets arrested to make money to be a racist happy to make a difference	0	0	0	0	1
beating hate love booker unorthodox approach defeating trump num	people get hurt sad to win the game racist gets into trouble to be a better person to have a bad experience happy to win the race	1	0	0	0	0
hope hick tell house trump accepting foreign conservative lawyer argues violate presidential oath	none none none none none none none none none	0	1	0	0	0
peggy lipton star mod squad twin peak dy num	dead sad to cry dead gets arrested to die to have a lot of practice dead to get a new career	1	0	0	0	0
ratio alert kc paper spin attack daily wire michael knowles take victim-blaming level	none none none none none none none none none	0	0	0	0	1
solitary confinement lead life sentence prison	gets a lawyer sad to get out criminal gets caught to be free to commit a crime guilty to get out of jail	0	1	0	0	0
barr surprised mueller decision	they get thanked surprised to thank personx for their help surprised gets a raise to be surprised to have heard about it surprised to make a decision	0	1	0	0	0
alabama legislature pass bill requiring chemical castration child sex offender	get arrested annoyed to get a good deal immoral gets scolded to make sure the children are safe to be a politician justified to be a good citizen	0	0	0	0	1
election world largest democracy boycotted embattled province	people are affected by the change sad  to win the election poor is voted out to make a change to be a racist happy to get away from the country	0	1	0	0	0
ady barkan making long journey testify support medicare	none none none none none none none none none	0	1	0	0	0
jeffrey epstein pleads guilty sex trafficking charge	they are acquitted angry to thank person x guilty gets arrested to be a better person to have been arrested by the police relieved to be free of all charges	0	1	0	0	0
instagrammers told swim idyllic lake	they swim in the lake happy to have fun adventurous gets wet to be a fisherman to be in lake happy to swim	1	0	0	0	0
dominican resort claim tourist public assault allegation refused demand num million	none none none none none none none none none	0	0	0	0	1
amd stock extends slide tumble num percent q2 result	they get a new employee happy to win the game successful gets a raise to be successful to be a success happy to be successful	0	0	1	0	0
house republican block num billion disaster aid bill	people lose money sad to thank personx for the help greedy gets a raise to be a good citizen to be a republican sad to get rid of the corrupt politicians	0	0	0	1	0
happened jussie smollett case wiped cook county clerk database	gets a new case angry to get a new case careless gets arrested to be a bad influence to be a cop sad to get out of jail	0	0	0	0	1
oversight okay subpoena wh security clearance	they are forced to do more research annoyed to get their money back powerful gets fired to get rid of a bad employee to have authority relieved to get the paperwork over with	1	0	0	0	0
enjoy newscaster totally incapable believing august arrived	people lose money happy to give up ignorant gets stressed to be successful to be in a meeting happy to be successful	0	0	1	0	0
grandmother num died sepsis playing guide dog	cries sad to mourn unlucky gets buried to be a good pet owner to be a dog trainer sad to be buried	0	0	0	1	0
donald trump racist thought part ii	people get into a fight offended to avoid personx racist gets into trouble to be racist to have heard about racist traits like he is right to be right	0	1	0	0	0
pelosi schumer hate bd ultranationalism	they get a bad reputation annoyed to get away from him mean gets into trouble with others to be mean to be a politician angry to be a better person	0	1	0	0	0
night debate throwback darker time	people are confused about the topic annoyed to argue reflective personx is misunderstood to be a better person to have a different perspective sad to be heard	0	1	0	0	0
filipina journalist maria ressa helped expose duterte deadly drug war; jail	none none none none none none none none none	1	0	0	0	0
royal queen appoints female dean chapel	they get promoted happy to be in charge powerful gets promoted to be a good example of his position to be in charge of the first rank powerful to make sure they do not lose their position	0	0	0	1	0
sonic hedgehog movie promise pure num jim carrey nostalgia	people laugh happy to thank personx smart gets a good grade to be honest to have a reason to do so happy to be successful	0	0	1	0	0
carolyn hax telling kid dumb	they get yelled at annoyed to cry mean is yelled at to be mean to be a teacher bad to get their attention	1	0	0	0	0
num myth fueling fight nycs exclusive high school	get into fight annoyed to get away from him arrogant gets yelled at to get even to be a racist powerful to be respected	1	0	0	0	0
arsenal transfer news torreira carrasco pellegrini cillessen	people lose their jobs sad to get a new employee helpful to be honest to the other people to be a doctor happy to be thanked	1	0	0	0	0
political stalemate puerto rico leaving disaster funding limbo	loses their money angry to win lazy loses money to be a failure to be in the wrong place sad to get a new job	0	1	0	0	0
men uniform ground sudan protester	they are offended annoyed to get away from him patriotic gets arrested to be patriotic to be a policeman sad to go to the police	1	0	0	0	0
justin amash quitting republican party nice happy free	people are better happy to thank personx happy but it's not good to be free to have a good attitude happy to be free	0	0	0	1	0
sen tom cotton call irs investigation political hate group southern poverty law center	people are harassed angry to get rid of him smart gets arrested to be a good citizen to have a reason nervous to get rid of the corrupt people in the area	0	0	0	0	1
venezuelan president nicols maduros enemy shot missed	loses money disappointed to get revenge on them careless gets a medal to be successful to have a gun sad to get away with it	0	1	0	0	0
dutch doctor mailing abortion pill woman fda	none none none none none none none none none	0	1	0	0	0
big drop corporate tax rate revenue	they get a raise sad to get a raise greedy gets a big tip to be a success to have a budget to invest happy to make more money	0	0	0	1	0
commander-in-chief pick flatterer-in-chief fed board	gets fired annoyed to thank personx dominant gets yelled at to get a job to have authority satisfied to be respected	0	1	0	0	0
open thread night owl adam gopnik take impeachment you-know-who	none none none none none none none none none	0	0	0	0	1
top dem strategist launch secret-money group rebrand party	people get excited happy to thank personx smart gets a raise to be a success to be in a group happy to get a new job	0	0	1	0	0
micron stock price target raised num num cfra	they sell the product happy to win the competition determined gets money to be successful to make a decision happy to make a profit	0	0	1	0	0
celebrity queen georgia toffolo dating shamed banker ex-farage aide	none none none none none none none none none	0	0	0	1	0
trump interest stirring ukraine investigation sow confusion kiev	people are questioned confused to find out why curious gets arrested to be a criminal to have a lot of people confused to make a profit	1	0	0	0	0
post-war temptation anger gun	gets hurt hurt to avoid him violent gets hurt to be dangerous to be in a bad mood angry to be in control	0	0	0	0	1
angiogenesis foundation president ceo dr william li eat beat disease achieves ny time bestseller status	none none none none none none none none none	0	0	1	0	0
winner ko rick scott fire back aoc embarrassing attempt shame	gets hurt embarrassed to cry mean none to show his skills to be a bad student ashamed to apologize	0	0	0	0	1
thread==> byron york explains robert mueller exposed fatal flaw trump-russia affair	none none none none none none none none none	0	0	0	0	1
fake police officer steal num gold brazilian airport	loses money cheated to get their money back criminal gets arrested to be rich to have stolen it happy to get a passport	0	0	0	0	1
zealand mark week mosque attack prayer scarf	people are saved happy to thank him religious gets a receipt to be religious to go there happy to repent for their sins	0	0	0	0	1
huge alligator stroll south carolina golf running late tee time	he gets yelled at by his wife annoyed to scold him irresponsible gets sweaty to be late to drive his car guilty to apologize	0	0	0	0	1
millennial homeownership rate num year ago	they get a raise happy to buy the product old is asked to stop to be rich to be a member happy to get a new job	0	1	0	0	0
evicted man num jailed num bond charged animal cruelty leaving pet fish	none none none none none none none none none	0	0	0	1	0
trump hail african-american contribution america amid battle black critic	people are offended annoyed to protest racist gets arrested to be racist to have an interest happy to win the war	0	0	1	0	0
florida trooper sex num girl back car authority	none none none none none none none none none	0	0	0	1	0
mercenary arrested haiti part half-baked scheme move num million embattled president	none none none none none none none none none	0	1	0	0	0
letter undocumented employee trump feigns ignorance	people are fooled betrayed to get their money deceitful gets fired to make people believe them to have read the letter from employees guilty to get away with it	1	0	0	0	0
iran pressure iran venezuela threatens oil market	people are affected by the oil prices angry to get their money aggressive gets a rash to be a threat to have a product to sell nervous to make money	0	1	0	0	0
robert francis beto orourke el paso safe immigrant asylum seeker	none grateful to thank him smart is safe to help people to be a lawyer relieved to be safe	1	0	0	0	0
july wti oil climb num cent num percent settle num	none none none none none none none none none	0	0	1	0	0
un human right chief condemns saudi arabia execution num express concern sham trial	none none none none none none none none none	0	0	0	0	1
official report multiple patient explosion florida shopping center	gets hurt grateful to get medical help helpful gets paid to be helpful to be a doctor helpful to make sure they are ok	0	0	0	1	0
mark meadow erupts kellyanne subpoena	people lose money angry to get away from him mean gets yelled at to be a hero to be a lawyer powerful to get a good name	1	0	0	0	0
trump suddenly revers iran indication threat	people lose money worried to find out the truth naive gets nervous to be safe to have a reason nervous to make a change	1	0	0	0	0
im mad dark game throne lighting	they get tired annoyed to apologize angry gets tired to be entertained to be angry angry to be left alone	0	1	0	0	0
alabama prosecutor dismiss charge woman indicted death fetus	gets a new lawyer sad to be saved from the same fate as their baby angry gets a settlement to be a judge to have a baby sad to file a motion for the case	0	0	1	0	0
ocasio-cortez blame anonymous staffer widely-mocked green deal faq rollout	none none none none none none none none none	0	0	0	0	1
dccc chair distance controversial policy leader approach	people are more informed annoyed to be heard intelligent different opinions  to be a better person to be in charge good to be a better leader	0	1	0	0	0
al menos num muertos num heridos en un tiroteo al norte de california	none none none none none none none none none	1	0	0	0	0
chicago inspector general find city gang database riddled error	gets yelled at annoyed to find the culprit careless gets called a snitch to be correct to be in a bad situation frustrated to fix the problem	0	0	1	0	0
tariff temper tantrum trump created fake crisis announced fake solution mexico	people are annoyed annoyed to listen to personx's explanation mean persony to make the situation worse to have something to do relieved to make people laugh	1	0	0	0	0
ilene chaiken proclaiming word huge part struggle celebration	none none none none none none none none none	0	1	0	0	0
ukraine language law debate spill un security council	people lose respect for personx annoyed to get out of the situation untrustworthy gets arrested to be heard to have been caught smoking guilty to get out of trouble	0	0	0	1	0
busy philipps abortion woman held lot shame	people are saved sad to thank personx immoral gets arrested to be a good citizen to have a baby good to be safe	1	0	0	0	0
thai prime minister prem tinsulanonda dy num	they get killed sad to thank personx dead gets poisoned to die in the end to have the authority sad to get rid of him	0	1	0	0	0
live briefing sri lanka bombing live update isi claim responsibility president pledge security shake-up	none none none none none none none none none	0	0	1	0	0
rundown update nfip online sale tax collection medicaid louisiana politics news	none none none none none none none none none	0	1	0	0	0
woman viral video licked carton ice cream put back jail	they are hungry happy to eat it later hungry gets dirty to eat to be hungry happy to be a good sport	1	0	0	0	0
fired harvard dean ronald sullivan unchecked emotion replaced thoughtful reasoning campus	students are confused annoyed to listen to personx mean gets into trouble to be heard to have been asked to leave satisfied to be heard	0	0	0	1	0
refugee desperate airport usa	people are affected by the loss helpful to give personx a raise desperate gets stressed to be saved from the holocaust to get into trouble desperate to get help	0	1	0	0	0
immigration facility volunteer prison-like concentration camp claim flat-out false	people are punished sad to get a better job untrustworthy and are not guilty to be truthful to have been arrested guilty to get a new job	0	0	0	0	1
simple reason people freckle	people are confused confused to listen to personx intelligent is asked to explain it to them to be right to have a similar trait good to explain it to others	0	0	1	0	0
theresa accused tie successor boris johnson hand num plan	none none none none none none none none none	0	0	0	1	0
jason rantz guest hosting antifa take portland blue checkmarks cheer	people get nervous happy to have fun at the party mean to be a good host to have fun to be a manager happy to have a party	0	0	0	0	1
weve people ryan grim democratic party pelosi num	people get killed happy to get rid of the people influential none to get rid of the corrupt people to be a leader happy to make sure everyone is safe	0	1	0	0	0
mission accomplished aap rocky returning usa	they have to pay them happy to thank personx successful gets a raise to get a promotion to be a pilot happy to relax	0	0	0	0	1
mueller report exonerate trump	gets fired angry to thank personx smart gets arrested to be correct to have a reason to do it relieved to be a good leader	0	0	0	0	1
valerie jarrett back obama wh	people are killed angry to get away cautious gets arrested to be a racist to be in the wrong place at the right time sad to see if the people are ok with the incident	1	0	0	0	0
deadly blaze alp made biker hero tunnel safer	people die safe to avoid danger brave is respected to be safe to be a biker happy to make more money	0	0	1	0	0
holy hell twisted tale jessica yaniv worse imagine	gets into trouble angry to get away from personx unintelligent gets yelled at to be a jerk to be a preacher bad to be right	0	0	0	0	1
coalition airstrikes raqqa killed num civilian num time usa tally report find	none none none none none none none none none	0	1	0	0	0
powell play attention dot plot	gets confused annoyed to ignore personx careless gets yelled at to be left alone to have a plot happy to get away with it	0	0	1	0	0
kutoo japanese movement wearing high heel	people are offended annoyed to get away trendy gets criticized to look trendy to have a good sense of fashion happy to look good	1	0	0	0	0
sander ryan medicare wrote damn bill	gets a receipt grateful to pay them responsible gets a receipt to be a good citizen to write the letter good about himself to be a good citizen	0	0	1	0	0
gaza militant escalate rocket attack israel multiple people killed	people die sad to get away aggressive gets arrested to be a hero to be in charge of the military angry to kill everyone	0	1	0	0	0
juicy joyous work frans hals	people are surprised happy to thank personx for their work talented gets a promotion to be productive to be a politician happy to be praised	0	0	0	1	0
journalism instructor compare conservative student group kkk	gets into trouble annoyed to listen to personx racist gets asked questions to be a better teacher to be a student in the same class as them satisfied to teach them a lesson	0	0	0	1	0
num straight day devastating tornado num million severe weather threat	people lose their homes worried about the outcome to avoid him unlucky gets stressed to be safe to be in a tornado sad to get better	1	0	0	0	0
greek police arrest suspect greek-australian murder	gets arrested angry to get their money back angry gets arrested to be right to have a murder weapon angry to get a lawyer	0	0	1	0	0
wear loud wear proud logomania back fashion	people look at personx happy to tell personx how they did it proud gets yelled at to be proud to have a good memory proud to be recognized	0	1	0	0	0
eurovision face backlash musical kitschfest hit israel	the people who are in the same room as personx get into an accident are hurt sad to get away from him ignorant gets arrested to be entertained to be a musician sad to get out	1	0	0	0	0
solar-power charged electric car making money	they have power happy to pay personx rich gets a lot done to be able to pay bills to have electricity happy to pay their bills	0	0	1	0	0
archbishop christian slaughtered chicken nigeria	people die disgusted to go home racist is accused of cannibalism to be a christian to have a reason satisfied to be right	1	0	0	0	0
trump num year term stollen	i have to pay them for it happy to be a good employee responsible is a good employee to have a good life to be a student happy to get a promotion	0	0	1	0	0
trump purge dhs leadership threatening make immigration policy draconian	people lose their homes annoyed to protest aggressive is looked up to to be a better leader to have a reason to do so powerful to make a difference	1	0	0	0	0
christian revolt student top evangelical university demanding penny step commencement speaker suggesting buttigieg deliver address	none none none none none none none none none	0	1	0	0	0
dear parent internet forgets	parents are grateful happy to thank personx smart gets called to be informed to have a computer happy to keep the information in a safe place	1	0	0	0	0
climate change finally attention deserved num year ago	gets engaged happy to get to know personx proud gets promoted to get attention to be in trouble with the boss happy to be noticed	1	0	0	0	0
city change gender click single button	gets a new job happy to get to know personx smart gets called a pervert to change their ways to have a reason happy to change their ways	0	0	0	1	0
mom arrested son pal scalded hot water challenge sleepover	gets burned angry to get away mean gets scolded to be mean to have been caught smoking guilty to get out of trouble	0	0	0	1	0
japan-south korea feud threatening global chip supply	people are affected by the loss of their wealth annoyed to avoid the situation aggressive gets a bad reputation to be a bad influence on the customers to have a bad reputation angry to get rid of the japanese	1	0	0	0	0
protester belt le miserables song front police headquarters	police officers are called upon annoyed to punish personx mean gets arrested to be a hero to be in a bad mood guilty to be a hero	1	0	0	0	0
dear wife publicly criticizing husband make horrible	gets offended sad to get away from him mean gets yelled at by persony to be mean to have seen you satisfied to make you look bad	0	0	0	0	1
tandens cap take facebook money personal criticism	gets a bad reputation annoyed to get their money back greedy gets yelled at to be rich to be in a relationship guilty to get a new job	0	0	0	0	1
gop feud trump roy moore uglier	loses money annoyed to win mean gets yelled at to be a jerk to be a racist angry to get away with it	0	1	0	0	0
puerto rico targeting num percent renewable energy trump administration idea	people lose their jobs angry to protest smart is asked to stop to be correct to be a manager happy to make more money	1	0	0	0	0
stuck sideline transgender powerlifter fight compete	they lose happy to win brave wins the game to win the game to be in a contest proud to win the game	0	0	1	0	0
kid philadelphia muslim society chop head allah	people die angry to get rid of them religious is arrested to be a racist to have killed people like they have been cheated by the world to be a christian	0	0	0	0	1
trump practice benign neglect mulvaney hammer cabinet member	they get fired annoyed to get rid of him unintelligent gets fired to be the best to have the ability to do so like a failure to get a better deal	1	0	0	0	0
horseman capital suffers big loss stock rally	loses money sad to win the race unlucky loses money to be successful to have lost their money sad to get a raise	0	0	1	0	0
poorer working harder cliff effect	they are envious of personx envious to give personx a reward poor gets a raise to be richer to have a hard time sad to get a raise	0	1	0	0	0
state liberal dream made	they get into a fight sad to be a better people mean gets arrested to be right to be a politician happy to be successful	1	0	0	0	0
sudan military overthrow president omar al-bashir	people lose respect for the president angry to protest the decision powerful gets arrested to be a leader to be a leader powerful to make sure everyone is safe	0	1	0	0	0
chart day high cost hospital care	gets treatment grateful to pay personx responsible gets a receipt to be helpful to have a job happy to get better	0	0	0	1	0
california man runaway teen metal box pot farm sentenced num year prison	gets caught sad to be a good citizen responsible gets arrested to be a criminal to be a cop sad to be a good citizen	1	0	0	0	0
self-styled libyan national army launched airstrikes tripoli	people lose their homes angry to get rid of him aggressive gets arrested to be a leader to be in military powerful to take a break	0	0	1	0	0
steyer presidential ad pressure pelosi	people are affected annoyed to vote aggressive gets a lot of money to be a good leader to be a senator powerful to get a good name	0	0	0	0	1
undercover eco-activist group extinction rebellion	people are killed angry to get rid of him aggressive gets attacked by a riot to be a part of society to have a group happy to get rid of the rejects	0	0	0	1	0
atheist group complains god bless america elementary school daily pledge district quickly fall line	none none none none none none none none none	0	0	0	0	1
open front census war criminal record	people lose money angry to get rid of him criminal gets arrested to be a bad person to be a bad person guilty  to get rid of the criminal	0	1	0	0	0
medium threatens dox microsoft employee exec awarded discriminating white asian men	none none none none none none none none none	0	0	0	0	1
william kates police convoy hit woman num hospitalized condition	bleeds sad to go home dangerous gets hurt to be a hero to get into an accident sad to be safe	0	1	0	0	0
democrat maaaaaaybe starting find balance tricky politics impeachment	none none none none none none none none none	0	1	0	0	0
baltimore struggling ransomware cyberhack cripple baltimore government computer network	people lose their computers angry to punish him poor gets arrested to get money to have a computer that works sad to be free	0	0	0	1	0
donald trump jr joined army dubious social medium troll target harris racist smear	none none none none none none none none none	0	1	0	0	0
international relation theory doesnt understand culture	people are confused confused to ask personx questions ignorant gets into trouble to understand to learn culture confused to understand	0	0	0	1	0
voraciousness oddity dora maar picture	people look at them in disgust annoyed to be left alone unimaginative gets ridiculed to be entertained to have a lot of money satisfied to show off their collection	1	0	0	0	0
nationwide demonstration announced protest immigrant detention center	people are sent to camps angry to get away from him willful gets accused of racist act to be a leader to have the authority justified to make sure the protest is heeded	0	1	0	0	0
beached whale florida saved stranger	people get killed grateful to thank them brave gets a new home to be saved from drowning to have a boat happy to go home	0	0	1	0	0
knowles crushing left opposition pro-life law	they are defeated happy to win determined gets arrested to be a winner to be in a political party happy to be a winner	0	0	0	0	1
trump organization sue house oversight chair cummings block subpoena	gets a lawsuit angry to get a new client mean gets a lawsuit to get a good deal to be a judge satisfied to get a new job	1	0	0	0	0
coming samantha power unmasking linked obamas deep hatred israel	people get hurt by the racist racist angry to be safe racist gets arrested bad to have been betrayed angry to be a racist	0	0	0	0	1
fact checking robert mueller congressional hearing	gets accused angry to get a good hearing curious gets called out to be a judge to have access to the information satisfied to tell others	0	0	1	0	0
asylum officer court block trump program contrary moral fabric nation	they are offended angry to listen to personx righteous is asked questions to be a good person to be a racist justified to make sure that the policy does not change	0	0	0	0	1
hillary clinton win fight num minimum wage	people lose their money sad to congratulate personx on winning the fight lucky gets a trophy to win to have the right equipment happy to get a trophy	0	1	0	0	0
india election num oldest voter explains important vote	people are voting happy to protest smart gets a raise to be correct to have the right information good to make a difference	0	0	1	0	0
unpopular presidential election winner win num	they are disappointed happy to congratulate personx successful gets a medal to win to be a winner happy to be a leader	0	1	0	0	0
goodbye working mom guilt celebrate mother day	mother has a good time happy to be thankful to personx caring is appreciated to be happy to be in a bad mood happy to go home	0	0	1	0	0
donald trump tell truth today	people are surprised shocked to listen to personx honest gets a raise to be honest to have been arrested relieved to be honest	0	1	0	0	0
num people signed facebook proposed raid area num vowing alien	none none none none none none none none none	0	1	0	0	0
michigan man allegedly shot men gay prosecutor	people are shot hurt to sue mean gets arrested to get their point across to be a cop justified to make a settlement	0	1	0	0	0
government data important economic research	they gain more knowledge interested to gain an advantage intelligent gets stressed to be more successful to have a good understanding happy to get a good deal	0	0	1	0	0
nevada democrat pas bill restore voting right num people	people vote for the right grateful to vote for their rights powerful gets a bill for voting to be a good citizen to be a racist happy to make laws	1	0	0	0	0
facebook co-founder call cryptocurrency plan frightening	people get nervous scared to listen to personx mean gets called a racist to be feared to be a member of a group scared to be a leader	0	1	0	0	0
fossil fuel stooge penny trump deny climate crisis deadly rain slam louisiana south asia	none none none none none none none none none	1	0	0	0	0
yosemite restore name historic attraction num settlement	people are grateful happy to thank personx rich gets money to make a difference to have the right information happy to be a success	1	0	0	0	0
ginni thomas plan conservative supergroup protect trump	people get into a fight happy to thank personx smart gets yelled to be a good citizen to have a good reason happy to be successful	0	1	0	0	0
girlfriend find trans woman	gets hurt sad to get to know personx better curious gets a restraining order to be a pervert to have a relationship sad to get away from persony	1	0	0	0	0
ap fact check trump distorts finding russia probe	they get a new employee angry to get the results smart gets arrested to be correct to have a report satisfied to make a report	0	0	0	1	0
credit standard leveraged loan corporation deteriorated fed	loses money cheated to help him greedy loses money to be richer to be a fraud sad to make more money	0	0	1	0	0
queen elizabeth learned shoot num churchill tommy gun	they get hurt scared to teach them to shoot brave gets a black eye to be a gun enthusiast to practice nervous to shoot a gun	0	0	0	0	1
luis alvarez long-time advocate num responder dy num	people get killed by the mafia grateful to get their money back smart gets a good deal to be helpful to have a lot of experience satisfied to be a leader	0	1	0	0	0
park rendered unusable month bin chicken invasion left stinking ibis poo	none none none none none none none none none	0	0	0	1	0
raptor exec allegedly pushed struck sheriff deputy final game	gets into trouble annoyed to get away from him arrogant gets yelled at to get a better job to be in a car with a lot of people smug to get even	0	0	0	0	1
wow factor put trent alexander-arnold centre stage liverpool	people are watching nervous about the situation to listen to the music influential gets a raise to show off to be a performer happy to make a difference	1	0	0	0	0
medical school japan facial recognition attendance	they get paid happy to teach personx studious gets a diploma to get an education to sign up proud to apply for a job	1	0	0	0	0
growing number latino broaden labor mission political power	gain more power happy to protest powerful gets promoted to be in charge to be in charge happy to gain influence over others	0	0	1	0	0
eu tell iran reverse uranium enrichment	they get a bad grade angry to get rid of him smart gets a receipt to be correct to know how to do it smart to get rid of the waste	0	0	0	0	1
trump throw gauntlet medium detention center	people get hurt upset to listen to personx mean gets scolded to be a leader to have a gauntlet satisfied to make sure they are safe	0	0	0	0	1
angel ranger play tuesday; skaggs autopsy set	people are dead nervous to get paid skilled gets called a freak to be a cop to be a detective satisfied to get the truth out	0	0	0	0	1
elizabeth warren plan cancel college debt giveaway well-off well-connected	none none none none none none none none none	0	0	0	1	0
worst nightmare parent usa family accuses kenya mob kidnap num son	none none none none none none none none none	0	0	0	0	1
num usa law enforcement officer killed attacker	people died sad to get rid of him dead is shot to protect the people to have been shot dead to surrender	0	0	0	1	0
alexis tsipras leader won respect abroad lost support home	people respect person x happy to support him untrustworthy is criticized by others to be a good leader to have lost their job sad to get a raise	1	0	0	0	0
trump illegal immigrant sanctuary city make radical left happy	people are affected by the new laws annoyed to listen aggressive to be bold to be successful to be in the presence of people who have a sense of justice happy to be a better person	0	0	0	1	0
grand theft auto num rumour setting next-gen console launch	people are robbed angry to get their money back criminal gets arrested to be a thief to be a criminal happy to get a new car	1	0	0	0	0
cassidy sinema release family leave plan	gets yelled at upset to thank personx responsible gets thanked to be alone to be in the wrong place relieved to be alone	0	0	0	0	1
pelosi aoc clash reach progressive influence	people are affected happy to thank him influential gets into trouble to be in control of his life to have influence happy to be successful	0	0	0	1	0
federal agent storm venezuelan embassy arrest protester	get caught by police police officers to get away aggressive get caught to be a bad influence on people to get in the car bad to make sure the people are ok with the situation	0	0	0	0	1
ocasio-cortez call steve king liz cheney amid controversy concentration camp remark	is ignored none none rude is yelled at none to be a racist angry to get the right information	0	0	0	1	0
trump yarmulka mini-outrage reminder democrat version warmly embraced	none none none none none none none none none	0	0	0	0	1
portland denver four-overtime game revealed stage exhaustion	they are disappointed annoyed to win exhausted gets tired to be a good sport to have played a game tired to sleep	0	1	0	0	0
japan emperor mark era	people listen to personx annoyed to listen to personx smart gets called a fool to be a leader to be in charge of a group happy to be a leader	1	0	0	0	0
money launderer num convicted num jewish charity scam run	loses money sad to win the race greedy gets arrested to get away with murder to be a fraud sad to get a new job	0	0	0	1	0
donald trump crazed meltdown wh driveway	gets scared annoyed to avoid him crazy gets arrested to be crazy to be in the car frustrated to calm down	0	1	0	0	0
ocasio-cortez promotes unsubstantiated conspiracy theory trump	people are offended annoyed to listen to personx smart gets accused to prove his innocence to be a racist happy to be a good example	0	0	0	0	1
federal reserve chairman jerome powell isnt taking trump crap	gets into trouble annoyed to get a raise stubborn gets fired to be a better person to have the right equipment superior to be successful	0	1	0	0	0
meet trainer royal ruler billionaire	gets paid annoyed to win rich gets praised to be a good trainer to be a trainer happy to get a raise	1	0	0	0	0
electoral college pro-slavery ploy	they get a better job disappointed to win untrustworthy personx gets a job to be a good citizen to have a lot of money happy to win	0	0	1	0	0
im moon prince harry stop beaming royal baby boy meghan markle	none none none none none none none none none	0	0	1	0	0
right-wing supreme court green light partisan gerrymandering	people lose their jobs angry to protest powerful gets yelled at to make people understand to have a reason to do so happy to be heard	0	1	0	0	0
mexico issue limited humanitarian visa migrant	people are affected by the disease grateful to thank personx for their service generous gets thanked to help to have the authority happy to help the poor	0	0	1	0	0
mike pompeo urge china immediately halt detention uighur xinjiang	none none none none none none none none none	1	0	0	0	0
electric carmaker gear market charge	they sell the equipment happy to sell the product prepared gets paid to make money to get the gear ready for market happy to sell the product	0	0	1	0	0
nypd investigating megan rapinoe poster vandalized homophobic slur	people are arrested for assault none to be correct rude gets arrested none to have a reason bad to get a new case	0	0	0	1	0
china supply mineral iphones missile risky trade weapon	people lose their jobs angry to buy more stuff risky get caught to be a bad influence to have the resources to make a product happy to be successful	0	0	1	0	0
pentagon top rank empty long time num problem waiting solved	none none none none none none none none none	0	1	0	0	0
duterte threatens suicide mission beijing oversteps south china sea	people lose their jobs scared to avoid the chinese aggressive gets arrested to get rid of the chinese to be a spy powerful to get away with it	1	0	0	0	0
mess spirit rebellion spread hong kong	people get hurt annoyed to get back at personx mean gets arrested to be mean to have a sense of humor happy to make a change	1	0	0	0	0
blob lash critic endless war	people lose money annoyed to get even with personx aggressive gets hurt to show off his skills to be a journalist justified to be famous	0	0	0	0	1
figure linked trump transition charged transporting child pornography	people lose money cheated to get rid of personx greedy gets arrested to be rich to be a broker of illegal products happy to get a good deal	1	0	0	0	0
quarter brit lose sleep debt	loses money sad to help him lazy gets a loan to get a better deal to have a job sad to get a new job	1	0	0	0	0
carolyn hax husband abusive mom isnt owes apology	gets yelled at sad to get away with it responsible is punished to make sure she does not get into trouble to have been wronged guilty to apologize	1	0	0	0	0
jalen rose problem basketball analytics	they are disappointed annoyed to win unintelligent gets into trouble to be a better basketball player to have a problem frustrated to get better at basketball	1	0	0	0	0
joe bidens union schtick performance pollster signed lobby labor trump nafta num	none none none none none none none none none	0	1	0	0	0
democratic congressman belief greatest threat amendment	people are saved happy to protest naive gets a raise to be patriotic to be a racist satisfied to do nothing	0	0	0	0	1
beto slam warren mistaken call decriminalize border crossing	people get hurt angry to get away from him mean gets caught to be correct to have heard rumors about border crossing justified to get away with something	0	0	0	1	0
mexican chef ricardo munoz zurita post video fish plastic inside gut	none none none none none none none none none	0	0	0	1	0
uber driver strike owner big payday	people lose their cars angry to get the money careless gets arrested to be a success to get into a car accident sad to get a raise	1	0	0	0	0
num girl died excitement halfway num water slide	none none none none none none none none none	0	0	0	1	0
toy story num cut fake blooper scene wake metoo	laughs happy to laugh careless gets yelled at to make people laugh to be a good actor happy to be a hero	0	0	0	0	1
mexican authority rescue boy num parent wrapped leg chain	gets hurt scared to help him brave is arrested to save his own life to get the item scared to run away	0	0	0	1	0
end jimmy kimmels torment matt damon upped ante	none none none mean none none none none the truth	0	0	1	0	0
scouted sodastreams soda maker today amazon num	001 happy 50 irresponsible 000 dollars to have a drink to go to the store happy a good price	0	1	0	0	0
giant jellyfish size human spotted diver	they get paid surprised to get paid for their services dumb gets called a freak to be a fish to be in a boat happy to be a fish	1	0	0	0	0
trump approval rating dip num percent	they get promoted happy to give a raise ambitious gets promoted to be a success to have the authority happy to win	0	0	0	1	0
opioid user call kratom godsend fda menace	people get sick annoyed to get rid of him authoritative to be safe to be in control to have a problem powerful to get an answer	0	0	1	0	0
protester grab harris microphone san francisco forum	gets yelled at by personx annoyed to get a drink aggressive gets yelled at to be heard to get a microphone happy to get a drink	0	0	1	0	0
child furious im sex half-brother	gets a headache angry to get away from him mean gets yelled at to have sex with them to have sex angry to get away from the situation	0	1	0	0	0
police licked ice cream put back video claim doesnt show story	none none none none none none none none none	1	0	0	0	0
bernie sander forced admit raise tax middle class	they get a raise annoyed to protest the decision mean gets yelled at to be fair to be a teacher justified to make sure the class is safe	0	0	0	0	1
north korea trip trump revealed government one-man operation	people are affected by the event surprised to get out of the country brave gets arrested to save money to have the authority to do so happy to get away with it	1	0	0	0	0
australian toddler reportedly stuck condom found mcdonalds mouth	they are surprised disgusted to eat careless chews to be a good cook to be at mcdonalds embarrassed to clean it up	0	0	0	0	1
oberlin trial blueprint fighting back	they are defeated angry to win aggressive gets arrested to win to have a reason justified to win the case	0	0	0	1	0
scrambled logic trump attempt kill obamacare	they get killed angry to get away from him smart gets killed to be a hero to have a reason happy to make a plan	1	0	0	0	0
num lie biden launch fake poll showing num point ahead trump	none none none none none none none none none	0	0	0	0	1
bangladesh hope alive shakib al hasan sink afghanistan	people die in iraq grateful to thank him religious gets killed to save people to have a religion happy to make sure everyone is dead	1	0	0	0	0
kindergarten cop actor arrested public intoxication alabama	gets arrested angry to punish personx criminal gets arrested to be a cop to be arrested ashamed to be arrested	0	0	0	1	0
hampshire lawmaker overrode republican governor veto abolished death penalty	people are killed good to enforce the law powerful is looked down on to be a better country to be a politician justified to enforce the law	0	1	0	0	0
column la city hall incompetence corruption close cousin	people are cheated annoyed to get away from personx corrupt gets fired to be a bad influence to have a bad reputation bad to get even	1	0	0	0	0
clinton albright urge political action defy threat fascism	people get into trouble annoyed to protest aggressive gets protested to be a leader to have the power to do it justified to be a leader	0	1	0	0	0
democrat renew attack trump attorney general	people lose their homes angry to win aggressive gets arrested to win the case to be a racist satisfied to win	0	0	0	1	0
werner herzog film dead friend	cries sad to see the film curious gets a film review to have fun to write a book about the old friend sad to write a book	1	0	0	0	0
devin nuness ridiculous lawsuit masterpiece republican grievance	people are insulted annoyed to get away from personx racist gets yelled at to get away with something to have a lot of people in a political party justified to win	1	0	0	0	0
surprising thing america migrant past	people are surprised surprised to learn more about it curious gets a compliment to be a good citizen to have been born in a migrant race surprised to be a success	0	0	1	0	0
key swing district voter candidate big pharma american tired ripped	none none none none none none none none none	0	1	0	0	0
stable climate constitutional question twenty-first century	people are asked questions happy to ask questions intelligent gets asked questions to be the right to a stable climate to be a politician happy to make sure people understand	1	0	0	0	0
enbridge front group pushing company line num oil pipeline	gets into trouble angry to get a good deal greedy gets a promotion to be in charge to have a reason happy to be a success	0	1	0	0	0
honey good luck pelosis rant accepting num trump term belongs butthurt hall fame	none none none none none none none none none	0	0	0	0	1
talk taking foreign representative jim jordan reminds dems happened num resistance	none none none none none none none none none	0	0	0	0	1
china toddler three-year-old fall storey survives	they are scolded happy to make sure they are ok young gets scolded by his parents to not be a burden to be born happy to get up	0	0	1	0	0
fox news chris wallace set record straight russia investigation start trump dossier	they get fired angry to get their money thorough is fired to be accurate to have information satisfied to be right	0	1	0	0	0
serial hot-take-haver pardes seleh totally cringing housewife havent worked day life	none none none none none none none none none	0	0	0	0	1
northern ireland police arrest num men shooting death journalist	gets arrested sad to get away violent gets arrested to be a police officer to be a policeman angry to get a lawyer	0	0	1	0	0
sander biden owes country apology civility remark	gets angry grateful to forgive respectful gets fired to be polite to have done something wrong relieved to make amends	1	0	0	0	0
young texas brother killed violent storm identified	people are killed scared to get revenge violent gets arrested to be safe to be in a violent environment scared to be safe	0	0	0	1	0
sen steve daines proposes resolution condemning disastrous policy socialism	people lose respect for personx angry to protest wise gets yelled at to be a leader to have the information justified to be right	0	0	0	0	1
police protect black female trump supporter violent white antifa terrorist dc	people are protected protected to thank personx protective is arrested for kidnapping to protect the females to have the resources to defend against violent white terrorists proud to protect the women	0	0	0	0	1
sick num people tweet running seven-year-old pro-trump child	none none none none none none none none none	0	0	0	0	1
fedex sue usa commerce department export control huawei dispute	gets sued angry to get their money back aggressive gets sued to be a good citizen to have a reason satisfied to get a good deal	0	0	1	0	0
tension worsen lapd ice trump immigration raid	people lose money annoyed to get away with something greedy gets arrested to be a success to be a politician bad to get away with it	1	0	0	0	0
gold future move earlier decline usa stock index turn lower	they lose money disappointed to get a raise unskilled loses money to be a winner to be in competition sad to get a raise	0	0	1	0	0
charged texas human trafficking sex slavery scheme	people are raped sad to get away immoral gets arrested to make money to have a reason to do it guilty to get a good deal	1	0	0	0	0
explosion heard syrian capital apparent israeli strike	people lose their homes surprised to get away observant gets nervous to be aware of the outcome to have heard the reports surprised to make a report	0	0	0	0	1
dan crenshaw rip google exec hearing labeling ben shapiro nazi	none none none none none none none none none	0	0	0	0	1
hong kong protester storm legislature anniversary city return chinese rule	people are affected by the event happy to celebrate the event powerful gets a medal to be in control to be a politician happy to celebrate the event	0	1	0	0	0
europe dream escaping dictatorship dollar	people lose money disappointed to win the game brave gets a new job to be free of debt to be a dreamer happy to be successful	0	0	0	1	0
amlo make economic mis-steps bolsonaro delivers reform	people are affected annoyed to get a new office greedy gets stressed to be a good citizen to be in charge happy to be a success	0	0	1	0	0
donald trump state visit happened day	people are shocked happy to go to the airport responsible gets yelled at to be a part of the event to have a meeting with his colleagues happy to go home	0	0	1	0	0
dgap-adhoc allgeier successfully completes capital increase	they are grateful to him happy to congratulate personx smart gets praised to achieve something to work hard happy to be successful	0	0	1	0	0
airbnbs anti-west bank policy show law bd matter	people get caught angry to protest the policy wise gets arrested to make people safe to be a politician good to enforce the policy	0	0	0	0	1
embassy prison assange settle legal battle	loses money sad to win the case willful gets arrested to win the war to have been arrested by the police justified to win	0	0	0	1	0
freedom religion doesnt cut	people pray happy to listen to personx religious gets a headache to be religious to have faith religious to be religious	0	0	0	1	0
inf treaty demise usa seek fund missile test	people lose money angry to thank personx greedy gets arrested to get rid of something to have the resources to do so satisfied to make sure the people are safe	0	0	0	0	1
alternative bad cop worse	gets arrested bad to be safe bad gets arrested to be better than bad cops to be a criminal bad to avoid bad cops	0	0	1	0	0
sunday live ny time announces plan ban conservative youtube	people listen to person x annoyed to listen to the information smart is criticized to be a good citizen to be a politician happy to be a leader	0	0	0	0	1
man jailed beating wife claim victim anti-semitic harassment	gets hurt angry to get out mean gets caught to defend himself / herself to be in trouble guilty to be a hero	0	0	0	1	0
wheelchair basketball player abdi jama lucky alive	they play with me happy to win lucky gets a trophy to be healthy to be in a basketball game happy to be the best	0	0	1	0	0
mass stabbing japan leaf num injured num dead including num girl	cries sad to cry dead is buried in a casket to die to have been shot by a gun sad to get medical help	0	0	0	0	1
mass judge charged obstruction allegedly helping man evade ice	gets caught angry to thank personx mean gets arrested to be a cop to be judge angry to make a judgement call	0	0	0	1	0
toddler miraculously survives fall steep embankment arkansas	they are surprised sad to help them lucky gets hurt to be alive to be in a ditch lucky to be a good swimmer	0	0	1	0	0
michigan charge num priest sexual misconduct	gets arrested angry to get away from personx immoral gets arrested to be in control to have a bad reputation angry to make sure they are not caught	0	0	0	1	0
judge suspended pay num month making anti-trump remark court facebook	they are angry angry to file a motion guilty is arrested to be right to be a bad person guilty out	0	0	0	0	1
boris johnson uk match fit deal	they are happy happy to get the money back determined gets a good deal to be fit to have a good deal happy to get the best deal	1	0	0	0	0
georgia department public health charity feed hungry kid uncertified kitchen	none none none none none none none none none	0	0	0	1	0
cross-atlantic plan break capital control	loses control annoyed to get away from personx careless gets arrested to win the game to have the information powerful to get away from people	0	1	0	0	0
exxon mobil sue cuba property expropriated num	people lose money angry to get their money back greedy gets arrested to be in power to have the authority satisfied to make money	0	0	0	0	1
black man asks appeal court move case clinton courthouse confederate statue	they are sued angry to win the case desperate gets rejected to win the case to have a court date satisfied to win	0	1	0	0	0
trump winner coming mueller hearing rep steube	they are disappointed disappointed to listen to personx successful gets praised to be the winner to have a lot of experience proud to win	0	0	0	0	1
triciabiz launch online business school entrepreneur africa	people get a good name interested to get paid smart gets paid to make money to have a website happy to make money	0	0	1	0	0
prosecutor cruise ship captain arrested	gets arrested angry to make a settlement criminal gets arrested to get a good deal to have been arrested sad to get the captain arrested	0	0	0	1	0
rand paul offer buy ilhan omar ticket somalia back america	none none none none none none none none none	0	0	0	0	1
navy seal acquitted war crime eyewitness testimony photographic evidence	they are arrested sad to get a report honorable is arrested to be a hero to have a gun justified to prove the facts	0	1	0	0	0
british airway pilot strike go-ahead sparking fear chaos heathrow	people lose their jobs worried to be safe brave gets a ticket to be a pilot to be in the air nervous to be successful	0	0	0	1	0
document week un call syrian propaganda hospital attack	people are affected annoyed to get rid of personx mean gets called out to be in control to be in a hospital satisfied to get away with something	0	0	0	1	0
horror ice trans pod	people get sick disgusted to avoid him scared gets sick to experience something to be a horror film film actor sad to get away	1	0	0	0	0
trade secret firm promised high-tech ransomware solution pay hacker	none none none none none none none none none	0	0	1	0	0
watch live big tech officially announces plan censor conservative christian planetary scale	none none none none none none none none none	0	0	0	0	1
maga bomber didnt pipe bomb hurt	people die hurt to get hurt mean gets burned to be a bomb expert to have a bomb thrower sad to get rid of it	0	0	0	1	0
trump honor d-day anniversary ranting pelosi	people get tired annoyed to get a good night's sleep annoying gets yelled to be a good host to have a lot of friends happy to be praised	0	0	0	0	1
global arm trade booming buyer spoiled choice	people lose their homes happy to get their product greedy gets a lot of money to make more money to make a deal happy to make more products	0	0	1	0	0
num smartphones num samsung galaxy s105g oneplus num pro num	none none none none none none none none none	1	0	0	0	0
donald trump worsening obstruction justice antic wont end	gets into trouble annoyed to get their way willful gets arrested to be in charge to have a reason to do so justified to get away with something	0	1	0	0	0
escape reality delightful old-time thriller youll forget num	happy happy to forget about it naive sad to forget to have been a good listener happy to change their ways	1	0	0	0	0
legal expert flabbergasted ag barrs deliberate political performance he tank trump	none none none none none none none none none	0	1	0	0	0
feel century cut chinese censor slice minute game throne premiere	none none none none none none none none none	0	0	1	0	0
justin amash libertarian future	they are grateful happy to protest influential gets a new job to be a good citizen to be a racist happy to make sure everyone is happy	1	0	0	0	0
trump thrilled finally attorney general sell american people	gets a good deal happy to thank him determined none to be a good lawyer to be a lawyer happy to get a good deal	0	0	0	0	1
thailand opposition form alliance claim lower house majority	people are defeated angry to win powerful gets called a fraud to be in control to be in power happy to be in power	0	0	0	0	1
taliban fighter freed guantanamo face usa peace talk	people are safe happy to thank them for it brave gets shot to be safe to have the authority relieved to be a hero	0	0	0	0	1
government decade save specie here	they get their money grateful to thank personx smart gets a promotion to save to be a scientist happy to get a good name	1	0	0	0	0
republican lawmaker called trump racism	people are shocked happy to protest racist is ignored to be a good citizen to be a racist happy to get a vote	0	1	0	0	0
harrison ford trudeau fighting world war iii climate change	people lose money happy to thank personx patriotic gets a medal to be respectful to have been asked for a loan happy to get out of trouble	0	0	0	0	1
parent south australian girl killed lamborghini careered footpath mourn	people lost their lives sad the girl sad personx is killed to be dead to be in the wrong place sad to be saved	0	0	0	1	0
female footballer grab world attention finally	gets excited interested to listen to personx brave gets yelled at to be noticed to be a leader happy to be recognized	0	0	1	0	0
death america frontier vision	people are dead sad to be safe brave gets arrested to be a rebel to be in the wrong place satisfied to be successful	1	0	0	0	0
great triggering begin tim young asks body choice crowd inconvenient question lose	none none none none none none none none none	0	0	0	0	1
military duped buying fake chinese-made military gear	they get a fake chinese outfit impressed to get the product dishonest gets caught to be rich to have the money happy to buy something	0	1	0	0	0
shinano kenshi introduces corporate brand	people are more knowledgeable interested to listen to the new information smart gets paid to be a good example to be a manager happy to make a presentation	0	0	1	0	0
delaney post online fundraising day primary debate	people get a new job happy to win confident gets a good name to be successful to have a good time happy to win the debate	0	0	0	1	0
rush limbaugh friendship doris day	they get called names happy to get away from him friendly gets called a jerk to be a good friend to have a good time happy to go to the movies	1	0	0	0	0
team won woman world cupand boosted case equal pay	they are grateful happy to win proud is praised to win the game to be a winner happy to win	0	0	1	0	0
lawmaker aim curb social medium addiction bill	people are more informed annoyed to be left alone mean gets arrested to be a better citizen to have a blog satisfied to get attention	0	0	1	0	0
people absolutely reeling brutal moment game throne	loses money happy to win overwhelmed loses money to be entertained to be playing the game sad to win	0	0	1	0	0
defended land mine guatemala fled fear life	none none none none none none none none none	0	1	0	0	0
trump clean foreign dirt comment helping	gets dirty annoyed to get even with personx mean is very happy to be rude to be able to stop the bad people satisfied to get away with it	0	0	0	0	1
hate crime woman feel uncomfortable waxing male genitalia arwa mahdawi	none none none none none none none none none	1	0	0	0	0
shocking image syria show girl num clinging sister t-shirt bombed building	people die disgusted to get away careless gets dirty to be seen as a freak to be a racist happy to be praised	0	0	0	0	1
philippine anti-drug agency ban rap song think weed	gets addicted annoyed to make sure they are not smoking weed addicted gets called a racist to be a better product to have a bad attitude happy to make sure it does not happen	1	0	0	0	0
community outraged high school boy blackface post video disparaging black girl harassing mcdonald worker	none none none none none none none none none	0	0	0	0	1
ap fact check trump twist fact migrant girl death	gets killed sad to get away with it smart gets caught to be a good citizen to be in a car driving guilty to make sure she's dead	1	0	0	0	0
jacinda ardern rewritten script nation grief terrorist attack	none none none none none none none none none	1	0	0	0	0
latest balkan breakdown washington business	people lose respect for personx annoyed to get away ignorant gets yelled at to be left alone to be a journalist sad to be left alone	0	0	0	0	1
judge order ethic training michael flynns lawyer	gets fired nervous to win the case smart gets paid well to be in control to get the right information satisfied to get a new client	0	0	0	0	1
diy artist transforms haunted house icon hilarious series	gets a commission entertained to laugh creative gets called a freak to be entertained to be a member of a group happy to make a movie about it	1	0	0	0	0
flashback ilhan omar begs judge show mercy isi terrorist	they listen to personx angry to listen to personx humble gets scolded to be a good citizen to be in court guilty to be a martyr	0	0	0	0	1
yorkers totally unfazed alien subway entertainer wacky performance	people get nervous annoyed to get rid of him ignorant is ignored to be a better person to have heard about the event annoyed to be left alone	0	0	0	1	0
border patrol arrest num migrant largest bust record	people are killed annoyed to get away criminal gets arrested to get away with illegal things to have been arrested happy to make a report	0	0	0	1	0
man stand num heat pas resume handout viral	none none none none none none none none none	0	0	0	0	1
venezuela coup attempt fails overthrow maduro guaid call protest	people are hurt angry to protest incompetent gets hurt to be a better person to be a racist sad to get away with it	0	1	0	0	0
amid trump attack planned parenthood broadens health care focus	people lose money grateful to thank person x responsible gets a raise to help people to be a doctor happy to get better	0	1	0	0	0
corporate homicide ralph nader demand boeing recall jet ethiopia crash kill niece	none none none none none none none none none	1	0	0	0	0
half young russian emigrate gallup poll	they get a passport sad to protest poor gets rejected to be a foreigner to be a communist happy to go to russia	0	1	0	0	0
test missile termination reagan-era inf treaty russia	they are fired angry to protest aggressive is fired to make a difference to have a meeting with the foreign office satisfied to get rid of the foreign policy	0	0	0	0	1
freelance writer student loan excellent credit move	none none none none none none none none none	0	0	1	0	0
chelsea clinton received num iac board member - attending meeting	they are disappointed happy a class a year ago and a half hour ago to be an iac member none happy a quarter	0	0	0	0	1
rex tillerson congress jared kushner back foreign policy	gets into trouble betrayed to get rid of him mean gets arrested to get away with it to have a reason happy to be a leader	0	1	0	0	0
katarina johnson-thompson smash personal win heptathlon	cries sad to cry competitive gets a trophy to be the best to have a ball happy to win	1	0	0	0	0
iran undeterred usa call coalition police key waterway	people lose money annoyed to get rid of him stubborn gets arrested to be safe to be a government official justified to get rid of the problem	0	0	0	1	0
welfare money paying lot thing welfare	they have less money happy to thank personx poor gets a receipt to be rich to save money poor to get a job	1	0	0	0	0
charles barkley black person voted democratic theyre poor	vote happy to vote for them racist gets a vote to vote to vote happy to vote	0	0	0	0	1
april fool day worst car spoof story	people laugh annoyed to tell others about the best car stories silly gets laughed at to be funny to be a fool happy to make people laugh	1	0	0	0	0
dan gainor meghan mccain fight back kudos conservative burst ultra-liberal seth meyers bubble	none none none none none none none none none	0	0	0	0	1
num mass shooting week trump blame gilroy	people get killed sad to be safe bad gets fired to be in control to have a gun bad to be a good example	1	0	0	0	0
house democrat unveil num billion emergency border funding bill	people lose money grateful to protest the decision greedy gets a raise to be a good citizen to be a politician happy to win the race	0	0	0	1	0
conway take aim biden candidacy frontrunner	none none none none none none none none	1	0	0	0	0
woman national soccer team beat england advance world cup final	they get a trophy competitive to win competitive gets a medal to win the game to be a team player happy to win the game	0	1	0	0	0
majority view socialism incompatible american value	they get into a better situation happy to be a better example intellectual personx thinks deeply about the values to be objective to have a view satisfied to make a change	0	0	0	1	0
crowd boo congressman calling ocasio-cortez tea party left	people get offended by the insult annoyed to leave racist gets yelled at to get rid of the racist to have a reason to be offended angry to get rid of him	0	0	0	0	1
mom leaf num home hour drinking boyfriend found drunk bar num cop	none none none none none none none none none	0	0	0	0	1
iran stepping back preparing attack force	they are defeated angry to win brave gets attacked to win to have lost their job nervous to get away from the enemy	0	0	0	0	1
trump advisor leaf high-powered consulting firm calling house judiciary chairman jerry nadler fcking scumbag	none none none none none none none none none	0	1	0	0	0
durant return game num	they play again happy to have fun athletic gets tired to play to have the game happy to have fun at the game	0	0	0	0	1
queen make king spain netherlands knight garter	people are enslaved by personx defeated to win powerful gets praised to be powerful to be a king powerful to be a king	0	0	0	1	0
lsu dl hammond native ed alexander shot nfl seattle seahawks	people are hurt angry to be safe aggressive none none get shot sad to get a gun	0	1	0	0	0
winner loser gop tax cut year	loses money sad to win the competition smart gets into debt to be a winner to do their best sad to win the lottery	0	0	0	1	0
watch ben rhodes squirm asked obamas wh involved fbi investigation trump	gets questioned grateful to get a good name for him suspicious gets accused of a crime to be safe to have been caught nervous to get the information	0	0	0	0	1
nbc debate debacle top audio glitch tv screen nation black multiple time democrat presidential debate	none none none none none none none none none	0	0	0	0	1
epoch time publisher pen fiery letter accusing nbc news reporter inappropiate question	none none none none none none none none none	0	0	0	0	1
at&ts streaming service directv lost num percent subscriber num month	none none none none none none none none none	1	0	0	0	0
sri lanka bombing invited bomber church	none scared to repent religious gets burned to kill someone to have a gun happy to repent	0	0	1	0	0
armed robber held gas station wearing teenage ninja turtle mask	people get robbed by robber scared to run away brave gets arrested to scare people to get a permit happy to get away with theft	0	0	0	1	0
kamala harris continues lie charlottesville fine people hoax	people are deceived annoyed to get away with the lie deceitful gets caught to be a liar to be in the presence of people who are not interested guilty to keep quiet	0	0	0	0	1
shes republican-ing extra hard ana navarro intervenes distract pelosi versus squad melee	none none none none none none none none none	0	0	0	0	1
caster semenya constantly sick track official made drug compete	gets better annoyed to help her sick gets sick to be healthy to have a bad case sick to feel better	1	0	0	0	0
trump slam biden non-salvageable reclamation project	people lose property angry to win unintelligent gets arrested to be a bad influence to be in a bad mood sad to make a settlement	0	0	0	1	0
cartoon boeing num max num safety guide	people are safe happy to get paid responsible gets a headache to be safe to be in a car proud to be safe	0	0	0	0	1
life lesson world brutal sport	they lose impressed to win brave gets a reputation for being tough to learn to have a lot of practice satisfied to win	1	0	0	0	0
camp diehard supporter woman express regret	they get a new job sad to protest helpful gets yelled at to be a good leader to have a bad attitude happy to make amends	0	0	1	0	0
christian attack muslim left defend	people are saved grateful to get away religious gets shot to defend the christian movement to have the means to defend justified to be safe	0	1	0	0	0
lawmaker facebook start bank walmart thatand failed	people are getting hurt happy to help them unsuccessful gets arrested to be a good citizen to have a website sad to make a donation to bank	0	1	0	0	0
final scene avenger endgame worthy	loses sad to win powerful is defeated to be a hero to be a hero happy to be successful	1	0	0	0	0
burma british rule vintage photograph myanmar day british colony	people are offended happy to be honest reminiscent none happy be a good person happy to be a good example	0	0	0	1	0
top num book set american midwest	people get into trouble impressed to read smart gets a receipt to read to read satisfied to read	1	0	0	0	0
nyt usa step attack russian electrical grid trump dark	people in the subway bad books the future aggressive the wrong place to get away with it to be a bad person bad to be correct	0	1	0	0	0
france mourns fire rip historic notre-dame cathedral stood century	people die sad to be saved historical is revered to have been a historical landmark to be in the presence of the historical landmark sad to repent for their sins	1	0	0	0	0
woman chronicle daring mission rescue airpod subway track	gets killed grateful to help them brave gets arrested to save her to have a parachute proud to get a medal of honor	0	0	1	0	0
house pass num trillion spending package larger spending fight loom	loses money angry to get the money greedy gets yelled at to be rich to be a good planner happy to get a raise	0	0	0	1	0
thousand mourn bosnian government critic slain ambush	people lose respect angry to get revenge on personx angry gets arrested to be in control of the situation to be a politician sad to get rid of them	0	0	0	1	0
leopard kill num boy kruger national park	cries sad to cry violent gets killed to be mean to be a police officer guilty to hide the evidence	1	0	0	0	0
germany question reparation greece settled	people listen to personx angry to argue rude gets a response to be heard to be asked a question satisfied to make a settlement	0	0	0	1	0
iranian manage surf web tide censorship	people lose money happy to get paid for their work determined gets a reputation for being a bad reader to be successful to be a hacker happy to get a better job	0	0	0	1	0
terrible spring allergy louisiana pollen capital improve pollen level drop	people are allergic worried to avoid them sensitive avoid pollen levels to avoid pollen to be allergic to pollen allergic to avoid pollen	0	1	0	0	0
update mass shooter connor betts liz warren supporter hated trump twitter profile included he/him / anime fan / metalhead / leftist / im hell im coming back	none none none none none none none none none	0	0	0	0	1
multiple people shot virginia memorial day weekend party	people get killed sad to go to the funeral careless gets arrested to be a hero to get in the car happy to clean up	0	0	0	1	0
robert muellers dramatic grand finale	people applaud happy to laugh at them dramatic gets applause to be a showoff to be in a show happy to be a hero	0	1	0	0	0
psychedelic tourism niche growing market	people get a lot of money for the product interested to buy a new restaurant trendy gets a raise to be a success to be a marketing agent satisfied to make money	0	0	1	0	0
world wanted hacker speaks	they get a new employee impressed to thank personx for their efforts intelligent gets a promotion to be successful to be well respected happy to be respected	1	0	0	0	0
world burning power stoking flame	people are burned angry to get away powerful is burned to be in control to be in charge powerful to be in power	0	1	0	0	0
electricity change poor life thought	people are grateful to personx grateful to thank him unintelligent gets praised to be a good citizen to have a bad attitude sad to be successful	0	0	1	0	0
meghan markles major post-baby outing trooping colour num looked lot fun	none none none none none none none none none	0	0	1	0	0
home-school charter family state dollar disneyland horseback riding lesson	people get a ride happy to thank personx generous gets thanked to have fun to get money happy to go home	1	0	0	0	0
bible tax christian publisher warn china tariff lead costly bible	none none none none none none none none	1	0	0	0	0
fisherman find piece drone shot iran ambassador	people lose money angry to get away careless gets shot down to be a spy to be in diplomatic circles happy to make a report	0	0	0	1	0
trump insists cut secret immigration deal mexico	people get nervous annoyed to get rid of him greedy gets caught by immigration to be successful to have money satisfied to make sure everyone knows the rules	0	0	0	1	0
brazil border venezuela political crisis humanitarian nightmare	people lose their homes sad to get rid of him humanitarian gets arrested to be in control to have a bad experience sad to get rid of the oil	0	1	0	0	0
sally yates trump indicted obstruction justice president	people who were arrested angry to be in charge lawful he would be a good leader to be in charge to be a politician justified to be in charge	0	0	0	1	0
cnn host trump acting toddler un-american comment opposition research	people are offended annoyed to listen to the presentation arrogant gets scolded to be heard to have the knowledge of the subject happy to make people laugh	0	0	0	0	1
previously unreleased poll show alabama voter disapprove extreme abortion ban	people vote angry to vote racist gets arrested to be a racist to have a policy happy to be correct	0	1	0	0	0
christchurch shooter charged num count murder	gets arrested angry to get away with murder guilty gets caught to kill someone to have killed someone guilty to repent	1	0	0	0	0
propublica illinois propublica earn nabj salute excellence award nomination	none none none none none none none none	0	0	1	0	0
tv actress pleads guilty bizarre case secretive sex cult	gets caught angry to find a new case immoral gets arrested to get out to have sex guilty to get out of trouble	0	0	0	0	1
satire governor northam hack infowars broadcast	people are killed angry to get away aggressive gets arrested to be a leader to be a politician satisfied to be a hero	0	0	0	0	1
crooked mechanic ebay seller jailed repairing wrecked top-of-the-range bmws	none none none none none none none none none	0	0	0	1	0
black hole hawaiian powehi here mean	people get into trouble angry to listen to the information dumb gets yelled at to be a good listener to have a bad name happy to be a good listener	0	0	1	0	0
california man charged hate crime sending letter threatening kill incoming minority neighbor	people are hurt angry to run criminal gets arrested to be a criminal to have a reason guilty to keep people safe	0	0	0	1	0
predator playground dark side finding love online	gets a new friend happy to get to know personx better lonely gets a new friend to find love to be in a dark side happy to find a partner	0	0	0	1	0
daughter-in-law opera singer plcido domingo reveals scientology celeb secret	none none none none none none none none none	0	0	0	1	0
man unleashes spider-man climbing apartment building escape fire	people are hurt scared to stop him brave gets burned to escape to have a gun relieved to get out of the building	0	0	1	0	0
judge block trump admin ending protection haitian immigrant	people lose money grateful to thank personx smart gets arrested to be a good citizen to have a policy powerful to be a good leader	0	0	0	0	1
human remains found newly purchased massachusetts home	gets a receipt sad to find out where personx is lost gets robbed to be found to be in the wrong place happy to go home	0	0	0	0	1
trump immigration asylum chief blame father devastating photo drowning death	gets a headache sad to cry mean gets arrested to be a hero to have a bad experience with drowning sad to make sure the case is closed	0	1	0	0	0
united extends boeing num max grounding canceling thousand flight	people are reprimanded annoyed to get their money back powerful gets yelled at to be successful to have the authority sad to make sure the plane does not crash	0	1	0	0	0
trump netanyahu part syria boost israeli leader flagging reelection	people lose money happy to get a new product a product gets a raise to be successful to be a politician happy to be a success	0	1	0	0	0
trump feel badly resigning british pm theresa	they get fired disappointed to give them a raise sad loses money to be a better employee to be a failure sad to get a new job	0	0	0	1	0
democrat defend congresswoman trump back corrupt country	they are demoted sad to protest the policy racist gets arrested to be a better citizen to be a racist justified to be a better citizen	1	0	0	0	0
tolerance inside secretive network immigrant youth shelter illinois	people are harassed by the racist racist youth happy to be successful in their own right secretive gets a lot of money to be safe to have been born with the wrong name happy to be a success	0	0	1	0	0
friend mourn baton rouge photographer slain truck; remembered genuine people	people grieve sad to cry sad is asked for help to be remembered to be in the presence of a dead body sad to be a good photographer	0	1	0	0	0
saudi arabia oil tanker attacked uae	people are injured angry to get revenge aggressive gets hurt to be heard to be in the presence of the oil tankers nervous to get away	0	0	1	0	0
school worker resigns telling black student lucky picking cotton	they are grateful thankful to get a good grade lucky gets a raise to get a good grade to be in school relieved to go home	0	0	0	1	0
dhs build num mile replacement border wall trump inauguration	people are safe happy to thank him smart gets arrested to be successful to be a security guard happy to be a success	0	0	0	0	1
bryce harper bat frosty dc homecoming home run	people get nervous annoyed to get a drink brave gets a black eye to have fun to be in school happy to get back home	0	0	0	0	1
mulvaney expects trump xi meeting deal closer	gets excited disappointed to listen confident gets nervous to be right to be a manager nervous to get a good deal	0	0	1	0	0
protester tear american flag ice facility replace mexican flag defaced blue life matter flag	none none none none none none none none none	0	0	0	0	1
explosion murrieta neighborhood kill injures num	bleeds sad to get medical attention violent gets arrested to be violent to get a weapon sad to get a bandage	1	0	0	0	0
white cop cleared fatal shooting black teenager	gets killed scared to cry violent gets arrested to save his friend to have seen something scary scared to get away	0	0	0	0	1
brexit preference question date	gets kissed happy to get married curious gets rejected to be first to have a relationship with someone happy to get an answer	1	0	0	0	0
carpe donktum huffpost coming he message	none none none none none none none none none	0	0	0	0	1
sport short juventus sign matthijs de ligt lando norris urge lewis hamilton stick f1	none none none none none none none none none	1	0	0	0	0
drug dealer spot sucker	gets caught cheated to thank personx smart gets caught to be helpful to have a reason to be a dealer smart to make money	1	0	0	0	0
meet rare tiger cub making debut sydney zoo	they see them do well happy to see them do well proud gets a reputation as a tiger to be a famous animal to be a tiger proud to be recognized	0	0	1	0	0
num candidate num page ranked cringe factor	they are disappointed disappointed to get a better job unqualified gets rejected to be the most intelligent to be in the wrong class disappointed to get a good grade	0	0	1	0	0
stick anti-semitism aoc apologize trivializing holocaust	none none none none none none none none none	0	0	0	0	1
jean carroll world merry place men	people get hurt happy to be happy lonely is lonely to be a good person to have a lot of people happy to be happy	1	0	0	0	0
msnbc guest declare start calling trump supporter racist	people get hurt angry to argue mean gets yelled at to be heard to have a meeting happy to make sure they are not getting called racist	0	0	0	0	1
iranian man death penalty num murder american woman	people mourn sad to get revenge violent gets killed to be a murderer to have killed someone sad to make amends	0	0	0	1	0
chris matthew obama presidency thrilling --- thrilling	i like you happy to be entertained proud is famous to have fun to be a fan of the same profession happy to be a good comedian	0	0	0	0	1
naacp delegate vote unanimously call congress impeach trump	they vote happy to protest powerful gets called a racist to win the case to have the authority to vote satisfied to win	0	0	0	0	1
hbcus crushing student loan debt symptom bigger problem	gets stressed upset to get a new job irresponsible gets scolded to be a problem solver to be in trouble sad to solve the problem	0	0	1	0	0
youve heard story indian army air force hero here angel navy	none none none none none none none none none	0	0	1	0	0
ocasio-cortez chief staff leaving office	gets stressed angry to get a promotion commanding gets scolded by staff to get away with something to be in office sad to get back to work	0	0	0	0	1
startling image blood-spattered victim virginia beach shooting	people are shocked shocked to cry shocked gets called a racist to be accurate to be in the wrong place at the right time shocked to tell everyone about the shot	1	0	0	0	0
mad hilariously sly magazine hated stiff set	gets fired annoyed to get rid of him mean gets yelled at to make others laugh to be a magazine magazine embarrassed to get a drink of water	0	0	0	0	1
iran cyber attack failed hint talk	people are informed angry to listen to personx smart gets nervous to be informative to be a spy smart to make a report	0	0	0	0	1
trump rnc raised num million num quarter sign money num	none none none none none none none none none	0	0	1	0	0
tiger back top boosting brand bottom line	gets yelled at happy to get a good deal determined gets yelled at to be successful to have a reason to be on top happy to get a promotion	0	0	1	0	0
maxine water accuses trump admin neglecting threat democrat protect	they are fired angry to get away with the wrong thing wise gets scolded to be safe to be a politician angry to make a change	0	0	0	0	1
gilroy shooter obtained weapon goddamned mass destruction newsom	people lose money angry to get rid of the evidence violent gets arrested to be a hero to have a gun satisfied to get away with it	1	0	0	0	0
kamala harris condemns trump vile ignorant shallow hateful remark echoing	they are offended angry to get away from personx mean to be honest to make people angry to be a racist justified to make them understand	0	0	0	0	1
nike nix betsy ross themed shoe colin kaepernick call design offensive carry slavery connotation	none none none none none none none none none	0	0	0	0	1
magnetic microbots scrub teeth clean	gets clean clean to thank personx clean gets dirty to be clean to have teeth clean clean to clean their teeth	0	1	0	0	0
london hot barcelona num	people are hot happy to get to know personx hot gets sweaty to be hot to go to the bar hot to go out to dinner	1	0	0	0	0
num sailor killed submarine fire laid rest russia	people mourn sad to get revenge dead gets killed to die to have killed someone sad to die	0	0	1	0	0
youch ilhan omar prof penny doesnt shes talking months-old tweet venezuela	none none none none none none none none none	0	0	0	0	1
discontent brewing erdoans turkey	people get sick angry to eat dangerous gets dirty to be in charge to have something bad happen angry to eat	0	1	0	0	0
ohio governor call eliminate statute limitation sex crime osu doctor abuse report	people are discriminated against angry to get their job back responsible gets a warning to be a good citizen to have a reason to do so justified to make sure the law does not happen again	0	0	0	1	0
trump hailed state prison reform national model number reflect grim reality	people lose money happy good powerful negative to be right to be a criminal good about themselves a certain type of law	0	1	0	0	0
trump administration health care price transparency	they get paid more concerned to help him concerned gets a bill to get more benefits to get a job happy to make a budget	0	0	0	1	0
angling deal trump back kim jong un biden bolton japan	they get cheated out of a deal cheated to win the game greedy none to be a winner to have the money happy to get a deal	1	0	0	0	0
cuba entrepreneur attack trump	people lose money angry to get rid of him greedy gets killed to win to have a gun nervous to win the battle	0	0	1	0	0
dow plunge num point china trade retaliation pummels wall street	people lose money angry to win the race aggressive gets arrested to be a success to be in a war angry to win	0	0	1	0	0
bernie sander co-chair refuse condemn human right abuse venezuela	people are offended angry to protest racist gets accused of racist racist racist things to be a racist to be a racist angry to make a settlement	0	0	0	0	1
colorado cap insulin co-pays num insured resident	people are safe grateful to thank personx for the service responsible gets a receipt to be a good citizen to have the money to pay happy to be successful	0	0	1	0	0
court rule trump census citizenship question illegal	people lose money angry  to get away with it immoral gets arrested to be a racist to be a racist justified to be successful	1	0	0	0	0
matt gaetz america mean protecting usa border avenging japanese vessel	the japanese happy to get their money aggressive becomes a racist to be a good citizen to be in the military happy to be safe	0	0	0	0	1
breaking biden planning drop num presidential race	people lose money happy to win the race ambitious gets a raise to be a failure to have a reason to do it happy to get a new job	0	0	0	0	1
sri lanka muslim refugee fear backlash easter attack	people are affected by the incident angry to avoid the incident racist gets attacked to be safe to have been attacked by the shiites scared to avoid the border	0	0	1	0	0
hate place country trump speaks shooting people mentally ill	none none none none none none none none none	0	0	0	0	1
muslim ban family separation policy	people are forced to leave annoyed to get away from personx racist personx is shunned to be a racist to be a christian sad to be a good christian	0	1	0	0	0
democratic presidential candidate party draw clear line socialist	people listen annoyed to protest determined is not a follower to be a leader to be a racist good to be a leader	0	0	0	0	1
senator greater impact he leaving senate	gets into trouble upset to support him ambitious gets a raise to be a senator to be in power happy to be successful	0	0	1	0	0
day bill de blasio regularly stupid thing literally stupidest effing thing he	none none none none none none none none none	0	0	0	0	1
inside bizarre movie mel gibson doesnt	gets scared annoyed to watch it too rude personx gets yelled at to be mean to have seen the movie happy to make persony understand	0	1	0	0	0
man charged murder melbourne woman courtney herron	gets arrested sad to get away from the scene guilty gets arrested to be arrested to have a gun sad to get out of jail	1	0	0	0	0
islamic state leader sri lanka attack revenge syria	people died angry to get rid of him aggressive gets killed to be in control to be in the military angry to win the war	0	0	1	0	0
jury find ex-priest guilty sex abuse	gets caught angry to get away with the crime guilty gets arrested to find a better way of life to be in court guilty to get away with it	0	0	1	0	0
washington state ban fracking sander call nationwide ban	people get sick annoyed to protest racist gets accused of racist things to be safe to be in the presence of the president satisfied to get rid of people	0	1	0	0	0
trump slam mexico democrat spike asylum seeker border	people lose money sad to get rid of personx aggressive gets arrested to be a racist to have been in trouble sad to get away from the border	0	0	0	1	0
trump sign executive order placing hard-hitting sanction iran	people lose their jobs angry to get their money back greedy gets arrested to be a bad influence on the company to have a bad reputation powerful to get rid of the bad guys	0	0	0	0	1
witness describe gilroy garlic festival shooting horror active shooter active shooter	police are called to testify scared to get away brave gets arrested to scare people to have a gun satisfied to scare the people	1	0	0	0	0
pelosi announces resolution condemning trump racist tweet	people get angry at personx angry to argue with personx authoritative gets accused to be right to have heard the cases justified to make a settlement	0	0	1	0	0
cruz delivers forceful speech denouncing anti-semitism	people are offended annoyed to listen to personx aggressive gets arrested to be heard to be a racist justified to get a response	0	0	0	0	1
mother fighting child back lebanon	they get hurt grateful to get back home willful gets arrested to be a good mother to be a parent sad to get their children back	0	0	1	0	0
sri lanka identifies radical imam suspected masterminding easter bombing	to be true to the people to get rid of the evidence racist none the people in the country are very bad to be a minister of islam bad to get away with it	0	0	0	0	1
killer piglet nickname chinese shopper giving luxury handbag	people are offended annoyed to thank personx mean is thanked to be a good person to be a snake happy to make people laugh	0	0	1	0	0
adoptee undocumented parent forgot fill form congress taking action	none none none none none none none none none	0	1	0	0	0
dramatic moment lifeguard drunk abusive beachgoer	gets drunk angry to get drunk mean gets arrested to be a good person to be drunk happy to be a good person	0	0	0	1	0
israeli spacecraft fails land moon	they cry sad to get back to earth careless gets a ticket to be a pilot to be in space sad to go to earth	0	0	0	0	1
naomi osaka upset french open number num double player	loses upset to apologize angry gets yelled at to be mean to have lost the game upset to get a new phone number	0	0	1	0	0
top law firm increase salary junior solicitor num	they hire them happy to pay personx powerful gets paid to be a good employee to get the paperwork ready satisfied to get a raise	0	0	0	1	0
el bus tv news bulletin bus venezuela	people get sick annoyed to get a snack bored gets yelled at to be informed to buy the news happy to watch the news	0	0	1	0	0
bolton slam reprehensible nyt north korea deal article consequence	people are affected by the incident angry to protest mean gets yelled at to be correct to have a bad day bad about themselves to be correct	0	0	0	0	1
debate dust settle democratic primary primed shake-up	people are more informed about the debate annoyed to protest smart gets elected to settle the matter to debate good to win	0	0	0	0	1
house democrat overcome internal fissure approve defense-spending bill	people lose their jobs happy to win the election smart gets a bill to be a better person to be a demoactivist good to be a better leader	0	0	0	1	0
alex jones caught vile racist ritual	people get killed annoyed to get away from the situation racist gets arrested to be a racist to be in the presence of people who are racist disgusted to get away	0	0	0	0	1
bieber totally non-comprehensive important list place instagram influencers ruined	none none none none none none none none none	0	1	0	0	0
rep clyburn disappointed harris believed year black woman	they get into a fight disappointed to tell personx it was a mistake disappointed gets a bad review to be disappointed to be disappointed disappointed to get a new dress	0	0	0	0	1
hour mass escape mexico cuban migrant chant food freedom	people are enslaved angry to eat mexican food brave gets arrested to be a good person to be in mexico happy to go home	0	1	0	0	0
biden son scoff trump call probe ukraine business ties; mr president	none none none none none none none none none	0	0	0	1	0
woman charged conspiring gang-rape kidnapped woman	gets raped scared to escape immoral gets arrested to be a criminal to be a criminal guilty to get away with it	0	0	0	1	0
diplomat fear chilling effect british ambassador resignation	people lose respect for personx annoyed to get away from personx cautious gets stressed to avoid the public's reaction to have lost their job sad to be a better person	0	0	0	1	0
jamal khashoggis kin deny blood money payout saudi arabia	gets money angry to thank him greedy gets arrested to get money to have been robbed guilty to get money back	0	0	0	1	0
republican senator called trump hypocritical order campus free speech	people are shocked annoyed to protest smart gets yelled at to be heard to be in the wrong class satisfied to be heard	0	1	0	0	0
grotesque horror show tory leadership race	people are frightened scared to thank personx brave gets called a freak to be a leader to be a leader happy to make people understand	0	1	0	0	0
indiana police officer face federal charge videotaped beating handcuffed man	gets handcuffed man scared to get away criminal gets arrested to be lawful to be a police officer justified to get a warrant	0	0	1	0	0
hot chip hone meaning ecstasy	gets high happy to have sex addicted gets high to have fun to have a lot of sex happy to be successful	1	0	0	0	0
french authority investigating lyon explosion potential terror attack	people are killed scared to find the culprit cautious gets caught to find the truth to have a weapon worried to find out what happened	0	0	0	1	0
progressive jewish group demand end israel brutal occupation	people are killed angry to get rid of personx aggressive gets arrested to be a better person to be a racist happy to be a better person	0	1	0	0	0
biden hardens china stance usa tough beijing	people are hurt offended to get even with personx aggressive gets into trouble to be tough to have a bad experience in the past powerful to be in control	0	0	0	1	0
isis west african offshoot al qaeda rule success	people get into argument with person x happy to follow the rules smart gets a promotion to be successful to have a good understanding of the rules proud to be successful	0	0	0	1	0
level dysfunction trump administration suffers rampant confusion foreign policy rail	none none none none none none none none none	0	1	0	0	0
trump taunt democrat immigration plan	demoted annoyed to get rid of him racist gets demoted to be right to have a reason to be racist smug to be a racist	0	0	1	0	0
warren helped confirm clueless obama bundlers ambassador	people are saved sad to thank personx smart gets called racist to be helpful to have a conversation with someone happy to make sure they are safe	0	0	0	0	1
parent num fatally shot la police reach num settlement	none none none none none none none none none	1	0	0	0	0
justin amash rand paul disagree impeachment fight federal surveillance reform	people are safe angry to be safe bad people none none to be in a meeting good to be safe	0	0	0	1	0
year ago today trump launched medium figured cover	people are upset disappointed to be successful much none none to have a campaign sad cover	0	0	0	0	1
medicare myth free market	people are affected by the product happy to get a good deal rich gets money to be rich to be a businessman happy to make money	0	0	0	0	1
thing ugly turn trump jr subpoena battle	loses money cheated to get away brave gets caught to win the case to be in court guilty to win	0	1	0	0	0
charlize theron discus time rihanna trolled t-shirt	gets stressed happy to get the job done helpful gets thanked to help to have a meeting happy to get a job	0	0	1	0	0
amanda knox return italy time freed prison num	they have a new employee happy to make sure they are safe relieved to be free of jail to be free to have a passport happy to go home	0	1	0	0	0
brexit num riot police readied no-deal chaos	people get hurt angry to get out of the situation aggressive is arrested to be safe to have a riot happy to be safe	1	0	0	0	0
ny time backpedal publishing abhorrent anti-semitic cartoon international edition	people are offended annoyed to get away untrustworthy gets fired to be a better person to write a review happy to be a better person	0	0	0	0	1
bayside bowl putting show pba playoff fox	they watch happy to win competitive gets yelled at to win the game to have the equipment happy to win	0	1	0	0	0
funny shot archive iconic photographer martin parr	people look at personx annoyed to ask questions curious gets a headache to get a good picture of his subjects to be a photographer satisfied to be accurate	1	0	0	0	0
holder electoral college defect democracy	people vote annoyed to protest racist gets a lot of attention to be a racist to be a racist like a failure to change the law	0	0	0	0	1
israel face election amid coalition crisis	people are affected by the loss of money worried to win brave gets stressed to win to be in charge nervous to win	0	0	1	0	0
red cross begin aid venezuela mid-april	people are safe happy to thank him prepared gets dirty from crossing to be a good citizen to buy a boat happy to make a difference	1	0	0	0	0
trump lash house investigator prep subpoena	gets paid annoyed to get a good review of personx's behavior aggressive gets questioned to be in charge to be a cop satisfied to get paid	0	0	1	0	0
note trump asylum tweet	people are arrested scared to find a solution mean gets arrested to be in charge to be a reporter happy to be successful	0	1	0	0	0
scientist turn wood material reflects heat strong steel	people are affected enlightened to get away from personx skilled gets burned to be able to make things to be a scientist powerful to make a fire	0	0	0	0	1
donald trump caught dangling pardon entice immigration official break law	gets arrested annoyed to get away from him immoral gets arrested to be a good citizen to have been arrested guilty to get out of jail	0	1	0	0	0
sri lanka arrest father suspected easter suicide bomber	father is dead sad to find the truth angry gets arrested to kill someone to have a gun sad to find out why	0	0	0	0	1
mueller punted big question congress ill-equipped deal	gets into trouble annoyed to get their point across smart gets yelled at to be a good citizen to have the knowledge satisfied to get a better deal	1	0	0	0	0
double trump ally scramble deal racist tweet	loses money annoyed to win racist gets yelled at to win to be in a game happy  to win	1	0	0	0	0
hunt tradie leaned window moving ute slap cyclist head	none none none none none none none none none	0	0	0	1	0
baylor win title notre dame hero miss mark	gets disappointed disappointed to congratulate personx lucky gets a medal to win to be a good athlete proud to win the championship	0	1	0	0	0
num tv show liberal conservative love	people are influenced happy to be entertained influential gets a lot done to be the best to be a racist happy to be a good example	0	1	0	0	0
watch live mueller rorschach test democrat insanity display	people get into trouble annoyed to get out of the situation crazy gets a bad grade to be a fool to be a politician sad to get a good grade	0	0	0	0	1
trump admin move num migrant kid back child jail concern inhumane condition	children are sent to prison sad to be safe responsible is arrested to have children to be a cop guilty to be a good parent	1	0	0	0	0
holden team win national reading title	they get a new job happy to congratulate personx talented gets a trophy to be the best to enter a contest happy to celebrate	0	1	0	0	0
black voter matter southern tactic register black michigan voter debate	vote annoyed to vote smart gets elected to be a politician to have the right information good to get a vote	0	0	0	0	1
rein medicare cost trump admin radically elevate primary care	people are affected sad to help them out responsible gets stressed to help the poor to have a reason to do so happy to get better	0	0	0	1	0
epstein lawyer claimed alleged pedophile helped devise clinton global initiative	gets accused angry to get their case smart gets accused of plagiarism to defend the case to be a lawyer justified to get a lawyer	0	0	0	1	0
hickenlooper hard fundraise dont promise free stuff	loses money annoyed to get rid off greedy gets yelled to keep the peace to have money guilty to keep the money	0	0	0	0	1
remain free deepen understanding declaration	they are grateful happy to ask questions intelligent is more understanding to understand to be a citizen happy to make sure everyone understands	0	0	0	0	1
trump administration considers scaling back north korea ambition trump lie stay big	they get into trouble happy to listen to personx smart is disappointed to keep the truth to be a politician happy to be successful	0	0	0	0	1
sarah sander dems embarrassed barr questioning	none annoyed to ask personx why embarrassed gets yelled at to be heard to have been asked a lot of questions embarrassed to get away with it	0	1	0	0	0
status anxiety pussyhat mom	gets stressed annoyed to help personx nervous gets stressed to be safe to have a bad experience nervous to avoid the parents	0	0	0	0	1
sunday show - immigration raid dominate	people are killed annoyed to avoid personx aggressive gets arrested to be a good citizen to have a passport happy to get away with it	0	0	0	1	0
iran amasses enriched uranium allowed pact denies breach	people are affected angry to get rid of him rich gets a medal to be rich to be a businessman powerful to buy more	0	0	0	0	1
brazilian airman caught num pound cocaine ahead g20 summit official	gets nervous about the consequences angry to get rid of him careless gets arrested to be successful to have been caught with drugs bad about themselves to get a drink	0	0	0	0	1
fbi cracking chinese scholar coming america	people get killed annoyed to get away from him rude gets attacked to be in charge of people to be a racist angry to get rid of them	0	0	0	0	1
malaysia sell num superyacht num million	they lose money happy to thank him rich to be honest to be rich to have a job happy to make a profit	0	0	0	0	1
barack obama warns circular firing squad ideological purity politics	people get nervous annoyed to protest the policy smart is asked to leave to be right to have a gun justified to make sure the people are safe	1	0	0	0	0
alarming kid health report show city act traffic pollution	people are affected scared to avoid traffic irresponsible is criticized to be safe to be a cop worried to avoid the dangerous traffic	0	0	1	0	0
disdain trump run ambassador	get offended annoyed to avoid personx arrogant gets into argument to be like others to be a politician superior to get even	0	0	1	0	0
affirming paris accord good democrat	vote happy to protest intelligent is disliked to be a better person to be a political leader good to change their views	0	1	0	0	0
revenge machine ny party boss rally melinda katz pivotal prosecutor race	gets fired angry to be correct dominant gets fired to be a good leader to have the right information satisfied to win	0	1	0	0	0
fifa stick num team qatar world cup	win the game competitive to win competitive wins the game to win to be a fan happy to be a team player	0	0	0	0	1
num key moment fbi alleged trump aware hush money scheme	people are suspicious nervous to get the information correct suspicious gets caught to be safe to have a conversation nervous to be a good agent	1	0	0	0	0
volcano erupts italian island stromboli kill person	dies sad to run away violent gets killed to kill someone to have a gun angry to run away	0	0	0	0	1
evelyn waugh-loving band rebelled rebellion	people get into trouble angry to get revenge mean gets arrested to rebel to have been wronged angry to get even	0	0	0	0	1
rashida tlaib spout politically correct anti-semitism num century	people are more tolerant happy to get away with it racist is respected to be correct to have the right attitude about the situation good to be right	1	0	0	0	0
huge border patrol chief weve drop one-third illegals crossing border trump deal mexico	none none none none none none none none none	0	0	0	0	1
premier league transfer news coutinho maguire pepe tierney dia	people listen annoyed to get a better job smart gets yelled at to be a leader to have a reason to do so happy to make sure people understand the situation	1	0	0	0	0
international election digest boris johnson uk leader raising risk no-deal brexit	none none none none none none none none none	0	0	0	0	1
climate change generation vietnam war	people die happy to get out of the war patriotic gets a new job to be a different person to be a politician happy to be a good leader	1	0	0	0	0
playboy plan appeal reporter wh credential suspended	gets fired annoyed to listen determined gets fired to get the job to have a job relieved to be successful	0	0	0	1	0
scammer pretending dell stole num fairfax county	people are fooled cheated to get even shady gets caught to be a fraud to be in the wrong place at the wrong time guilty to get away with it	1	0	0	0	0
cory booker escalates nra attack town hall vow bring fight tired funeral	none none none none none none none none none	0	0	0	0	1
theresa plan improved brexit deal	they get paid happy to thank personx smart gets a raise to be successful to make a decision satisfied to get a good deal	0	0	1	0	0
saudi business feel pain crown prince reform	loses respect for personx sad to get paid for their services weak gets stressed to be in power to be in a bad situation sad to be in control	0	0	1	0	0
wti oil future mark lowest settlement january num	people lose money happy to get paid for their work greedy gets dirty to be a good citizen to make a plan happy to make a profit	0	0	1	0	0
comedian ian cognito dropped dead middle act	cries sad to cry dead gets arrested to be dead to be a fraud sad to be heard	0	0	0	0	1
man confessed killing num sentenced life	they cry sad to cry guilty is sentenced to jail to kill someone to be a murderer guilty to be a good citizen	0	0	0	0	1
aoc chief staff likens moderate democrat jim crow supporter	gets into trouble annoyed to vote for personx conservative is respected to be a good example to be in charge happy to be a good example	1	0	0	0	0
rep ocasio-cortez demand answer magically added racist census question	people are offended annoyed to get away with it smart gets scolded to know the truth to be a racist smart to be correct	0	0	0	0	1
trump facing impeachment nra facing bankruptcy good day america	people are affected happy to protest brave the people are in a better position to be a good man to have a good reputation good to get a better job	0	1	0	0	0
scouted highly-rated dog dna kit breed family tree num today	none none none none none none none none none	0	1	0	0	0
pro con sin tax	people get cheated happy to get out smart gets praised to be a good citizen to be a sinner smart to be successful	1	0	0	0	0
trump risk return day fire fury north korea	people are hurt angry to avoid him dangerous gets burned to be a hero to be in a bad mood angry to be a leader	0	0	0	0	1
iowa conservative leader slam num dems turning christian event	people lose their jobs angry to get away from the situation aggressive gets arrested to be a leader to be a racist satisfied to be a leader	0	0	0	1	0
beto orourke trump avowed racist who giving people permission mass shooting	none none none none none none none none none	0	1	0	0	0
anti-israel bd movement anti-semitism disguised free speech rubio	none none none none none none none none none	1	0	0	0	0
mueller directly refutes wh claim report exonerates trump	gets accused angry to argue smart gets accused to be correct to have a report card justified to get a report	1	0	0	0	0
rep ilhan omar call overcrowding el paso border reflection white nationalism	people are harassed by border crossing annoyed to get a good deal racist gets arrested to make a difference to be in border crossing satisfied to be a leader	0	0	0	0	1
pelosi schumer playing nice	gets hurt happy to have fun careless gets yelled at to be a good sport to have a lot to do happy to be a success	0	0	1	0	0
trump baby blimp soar president uk visit	people get a new experience happy to thank personx ambitious gets praised to have fun to have a baby happy to be successful	0	1	0	0	0
enel finance international nv -- moody outlook enel positive; affirms rating	none none none none none none none none none	0	0	1	0	0
dozen bullet ring frightening video dayton bloodbath	people are dead scared to run away dangerous gets killed to be scary to have a gun scared to run away	0	0	0	1	0
saudi energy minister discussed oil market russian counterpart	they get a good deal annoyed to listen to personx smart gets a bad reputation to be helpful to have a discussion satisfied to make sure the oil prices are good	0	0	0	0	1
eia forecast num wti oil average num num percent previous view	none none none none none none none none none	0	0	1	0	0
cbo report single payer isnt deserve	they get fired sad to get the job done untrustworthy is disappointed to see the outcome to be a teacher sad to be left alone	0	0	0	0	1
otter popular pet asia undoing	people get killed happy to get away with it influential gets a lot of attention to have a pet to be in a foreign country happy to keep them in good standing	0	0	1	0	0
rep bradley byrne condemns horrific abortion comment alabama democrat	people are offended people to get rid of the racist racist gets arrested to be a better person to be a racist satisfied to make a point	1	0	0	0	0
ex-our lady lake foundation chief funes pleads guilty embezzling case	gets accused of fraud angry to get out of jail criminal gets caught to be a good citizen to have been caught guilty to get a settlement	0	1	0	0	0
leon panetta trump foreign intel comment violation oath office	people are offended annoyed to be respected disrespectful is criticized by the public to show their loyalty to be in office bad to be respected	0	0	0	1	0
surprising bodycams police officer helping people	people are saved grateful to thank personx helpful gets arrested to protect people to be a cop happy to be thanked	0	1	0	0	0
overcome remembering folk icon activist pete seeger word song	none none none none none none none none none	0	1	0	0	0
find top sexual fantasy unique boring	gets a lot of compliments flattered to be entertained boring gets a massage to be a dreamer to have sex satisfied to be a better lover	1	0	0	0	0
front-month contract september wti oil add num cent num percent num	none none none none none none none none none	0	0	1	0	0
tucker carlson advising trump attack iran	people are killed scared to get away from the situation wise is yelled at to be safe to be in a position of power satisfied to be successful	0	1	0	0	0
afl-cio president opposes green deal	people are influenced happy to vote for their candidate smart gets a raise to be a good leader to be in a meeting happy to get a good deal	0	0	0	0	1
biden didnt mass incarceration	people are safe grateful to get away with it determined is arrested to be a good citizen to be in prison happy to get away with it	0	1	0	0	0
facebook label post hand posing privacy question	people are informed annoyed to get rid of him curious gets caught to be noticed to have a camera happy to get attention	0	1	0	0	0
column tiny oildale local barber trump fan california	gets paid annoyed to get paid annoyed gets a headache to get a haircut to have had enough annoyed to get a haircut	1	0	0	0	0
repeal death penalty reason	people are killed sad to protest stubborn is guilty to stop the crime to have been arrested sad to make a settlement	0	0	0	0	1
white house expects retaliation china stress ongoing talk	they are avoided upset to get their money back angry gets yelled at by chinese to be a good leader to have the power to do it upset to get a new house	0	0	0	1	0
document week facebook disappoints authoritiesagain	gets ignored annoyed to get a new job uninformed gets called out to be mean to be a follower sad to be successful	0	0	0	1	0
video showed chaos gunfire baton rouge nightclub num injured shooting	people died angry to get help violent gets arrested to kill people to get into a fight angry to get medical attention	0	1	0	0	0
driver compare car insurance quote renewing contract	they get a new car annoyed to get paid smart gets a new car to be a better driver to be a salesman relieved to make a change	0	0	1	0	0
way black gay men act straight survive festival season	people are affected by personx annoyed to avoid him smart gets arrested to stay out of jail to be a racist satisfied to get away with it	1	0	0	0	0
donald trump throw tantrum caught cheating	gets yelled at by person x angry to punish him immature gets yelled at to get away with something to have cheated ashamed to apologize	0	1	0	0	0
maine republican fret state ballad hard confederacy	people get into argument annoyed to get away from the situation racist gets called racist to be a racist to have a lot of people bad to get away from people	1	0	0	0	0
trump denies restart family separation blaming obama policy live	people lose trust in the government angry to get rid of the evidence racist is criticized to be racist to be a racist guilty to be a good person	1	0	0	0	0
voting right roundup supreme court deal landmark defeat foe partisan gerrymandering	none none none none none none none none none	0	0	0	0	1
finland generation climate hero	they get a new job happy to get a new job rich gets called a racist to be a better person to be in charge of them happy to be a success	0	0	1	0	0
parent south korea upset beat kid anymore	they cry sad to cry disappointed cries to be a parent to be in a war sad to cry	1	0	0	0	0
blackpink meet k-pop superstar backstage uk tour	they have a good time happy to see them perform excited gets a new experience to be a famous person to be a fan of the band happy to get paid	0	0	1	0	0
kashmir pakistan pm imran khan dialogue	people get hurt annoyed to listen to personx smart gets attacked to be a leader to have a problem good to be heard by everyone	0	0	1	0	0
gold future give back earlier gain finish modestly higher	they are richer happy to win the race lucky gets praised to win to have lost the race happy to be a winner	0	0	1	0	0
premier league title race mo salah goal put liverpool back top	they get a new team disappointed to win the race competitive wins the game to win to have the ability to win the race happy to be the best	1	0	0	0	0
soda company long obsession outer space	they get into a fight with personx annoyed to get away from personx crazy gets addicted to have fun to be in space happy to get a job as a pilot	1	0	0	0	0
ida well society propublica announce num data institute	people are informed about the information informed to listen to the information smart gets a raise to be a good citizen to be an expert satisfied to publish the report	0	0	1	0	0
longtime trump aide stephanie grisham wh press secretary	gets nervous annoyed to get their job done powerful gets fired to be the boss to have a meeting happy to be a success	0	0	1	0	0
accused utrecht shooter admits guilt face terror-related charge dutch prosecutor	people are in danger angry to punish him brave gets a case to punish to have a weapon justified to get away with it	0	0	0	0	1
deepfakes finally bring accountability big tech company	people lose their jobs happy to hire them irresponsible gets a promotion to be successful to have a job happy to get a promotion	0	1	0	0	0
trump unleashed paul ryan weak ineffective stupid killed republican party	people are dead angry to cry mean is avoided to be mean to be a racist sad to apologize	1	0	0	0	0
obscure maker generic drug played central role opioid crisis record show	they get addicted to drugs happy to get a good deal addicted gets addicted to be successful to buy the product happy to be successful	1	0	0	0	0
real reason trump iran narrative falling piece	people lose money angry to understand careless gets stressed to be understood to be a politician sad to make things right	0	1	0	0	0
sophie turner discus kit harington making money game throne	they get paid happy to thank personx for their help smart gets a raise to be rich to have a game happy to win the game	0	0	1	0	0
meghan mccain press steyer num bid proven inspire people	none none none none none none none none none	0	0	0	1	0
decline american fear future	they get a better job sad to protest brave gets into trouble to be safe to have a bad experience good to be a better person	0	0	0	1	0
trumpwho jeffrey epstein like beautiful woman do'moves distance disgraced palm beach billionaire	none none none none none none none none none	0	0	0	1	0
disaster reveal mental-health care	people get better grateful to get better helpful gets scolded to be helpful to be a doctor guilty to get help	0	0	1	0	0
watch halle berry kick promo video future academy award picture winner john wick chapter num	none none none none none none none none none	0	0	0	0	1
ny time num year gnarly tax document showing trump mirage man	none none none none none none none none none	0	1	0	0	0
fear rise isi comeback	they are surprised surprised to get revenge powerful gets praised to be a leader to be a politician satisfied to be a leader	0	0	0	1	0
mainstream medium ran dem lawmaker claim grocery store racism truth	none none none none none none none none none	0	0	0	0	1
propublica reporter named livingston finalist	people get hired annoyed to write a book smart gets a raise to make a documentary to write a book about it satisfied to publish articles	0	0	1	0	0
stock market intrudes alternate reality trump trade war	people lose money happy to get their money back smart gets attacked to win to have a monopoly happy to be a success	1	0	0	0	0
muellers testify trump doj holding dems	loses money angry to testify determined gets arrested to be right to have a case good to testify	0	1	0	0	0
house republican democrat force vote protecting life baby born abortion	people are killed grateful to vote for the rights racist gets arrested to be a good citizen to be a racist happy to save lives	1	0	0	0	0
florida crackdown sanctuary city begin	people are attacked by people scared to get away from him aggressive gets arrested to be in charge to have the authority satisfied to be a hero	0	0	0	0	1
cnns don lemon trump-era level toxicity fear safety force leave cnn	none none none none none none none none none	0	1	0	0	0
sanction deadly illegal ineffective	people are safe cautious to get away from the law dangerous gets arrested to be a good person to be in charge of the market powerful to be safe	0	1	0	0	0
schumer decries awful condition migrant detention facility	gets scolded sad to get away mean gets scolded to punish the poor to have been sent away from home sad to make up for the bad behavior	0	0	1	0	0
hong kong leader carrie lam extradition bill dead withdraw	people listen to person x angry to be heard stubborn none to be heard to be in charge sad to get it	0	1	0	0	0
teen spending video game partially fortnite	none none none none none none none none none	0	0	1	0	0
holiday inn owner ditch mini toiletry num hotel	they get robbed annoyed to have a fun time irresponsible gets robbed to be alone to have money happy to get a shower	1	0	0	0	0
anxious triumph donald sassoon capitalism lead crisis	people are affected angry to get away powerful gets stressed to be in control to be a politician happy to make a change	1	0	0	0	0
cheap shot state department show critic arent	people are affected angry to get even with personx aggressive gets arrested to get even to be a bad person bad to be right	1	0	0	0	0
flood landslide leave dozen dead nepal india	people die angry to get rid of him careless gets arrested to be a tyrant to have a lot of people sad to get rid of nepal	0	1	0	0	0
startling terrifying experience running burger meet man internet favorite mystery	none none none none none none none none none	0	0	1	0	0
trump evolving remark russian election interference	they are criticized annoyed to argue smart gets called racist to be heard to be a politician satisfied to make a change	0	0	0	1	0
house bill make world cup fund contingent equal pay	they get a raise happy to thank person x greedy gets yelled at to be a good citizen to be a good citizen happy to be rich	0	0	0	1	0
mad magazine newsstand largely end publishing content	people read the magazine happy to read untrustworthy gets a lot of press to be accurate to be a journalist satisfied to be successful	0	0	1	0	0
gas car sale peaked recover battery price plunge	they lose money sad to buy a car poor personx is poor to increase his business to have a car sad to save money	1	0	0	0	0
target upgraded equal weight morgan stanley	they are praised disappointed to win the competition smart gets a raise to be competitive to be in competition happy to be competitive	0	0	1	0	0
afghan president hold council set agenda peace talk	vote happy to listen to personx powerful gets called out to be in charge to have a meeting good to make a speech	0	0	0	1	0
trump ally conspiring steal num election democrat stand idly	people lose their votes angry to win the election racist none to be in power to have the power justified to win	0	0	0	0	1
dayton mayor mock trump toledo	people are insulted annoyed  to get away from him arrogant gets caught to be a bad influence to be in the army happy to be a good leader	0	0	0	0	1
video surface showing pelosi advocating republican policy border crisis	people are affected annoyed to listen to personx racist is criticized to be a good citizen to be in a political movement good to be right	0	0	0	0	1
mueller found trump collusion russia evidence obstruction barr	they are frustrated angry to get the truth dumb none to get away with something to be a witness sad to be correct	0	0	0	1	0
alabama police ruined couple life num weed charge dropped	gets hurt sad to get away from the situation mean to be honest to be mean to be a cheater guilty to make sure they get out of jail	0	0	0	1	0
lena headey deleted game throne scene couldve changed cerseis story	gets into trouble happy to get back to work careless is praised to be a bad influence to have a bad experience happy to change the course	0	0	1	0	0
eating fish city kid asthma breathe	gets sick grateful to thank person x helpful gets thanked to be helpful to have the ability helpful to be a good parent	0	0	1	0	0
andy ngo report epidemic hoax hate crime lgbt people portland	none none none none none none none none none	0	0	0	0	1
trump iran capture american cia agent	they are shot angry to escape smart gets arrested to be safe to be in charge sad to make a deal with the chinese	0	0	0	0	1
person date free food	gets nervous about the date happy to go to the movies social gets a kiss to eat to go to the restaurant happy to have fun	1	0	0	0	0
barr-nunn offer team fleet higher pay	gets a new job happy to thank personx generous gets paid to be a good sport to get a job as a manager happy to get a new team	0	0	1	0	0
august wti oil gain num cent num percent settle num	none none none none none none none none none	0	0	1	0	0
trump upbeat potential us-japan trade deal	they learn a lot happy to thank personx for the business smart gets paid well to be a success to have a good deal happy to make a profit	0	0	0	1	0
scarred sinema senate win team trump make early move az red	loses disappointed to win competitive wins to win to have a good reason happy to get a raise	1	0	0	0	0
imf mozambique num million cyclone idai rebuilding	people lose money happy to thank personx rich gets a receipt to be a good leader to make a plan happy to make sure it's safe	0	0	0	0	1
losing mind crazy ex-girlfriend end hope	cries sad to get away from personx sad gets yelled at to be alone to have a bad relationship sad to be alone	1	0	0	0	0
california synagogue rabbi injured shooting terror win	people get hurt scared to get away from him scared gets shot to win to have a gun scared to get away with it	0	0	0	1	0
warren unveils plan num trillion tax big corporation	people lose their money cheated to get a raise greedy gets a promotion to make a profit to be in charge happy to get a raise	1	0	0	0	0
british man num arrested spanish police carjacking	gets arrested for stealing angry to punish personx criminal gets a ticket for stealing a car to be caught to have stolen a stolen property guilty to get out of jail	0	0	0	1	0
modis message simple hindu	people listen to personx confused to listen to the message smart gets into trouble to be a good listener to have a message happy to be a good leader	0	0	0	1	0
national express group plc -- moody announces completion periodic review rating national express group plc	none none none none none none none none none	0	0	1	0	0
trump denies usa plan send num troop counter iran threat	people lose money angry to protest aggressive gets shot down to be patriotic to be in charge of the situation nervous to make sure they are ok	0	0	0	0	1
venezuela top court target opposition lawmaker	people are defeated angry to get their money aggressive gets fired to be in charge to be in court happy to get a new case	0	0	1	0	0
here gaping loophole federal law russia country exploit legally influence num election	none none none none none none none none none	0	1	0	0	0
official searched num day lost hiker hawaii volunteer wouldnt quit found week	none none none none none none none none none	1	0	0	0	0
mississippi sued awful veggie burger ban	they get yelled at annoyed to make sure they are fed mean gets yelled at to be a jerk to be hungry guilty to get their food	0	0	0	1	0
democratic presidential primary arm race crazy	people vote happy to protest crazy gets into trouble to win to have a political agenda happy to be a good leader	0	0	0	0	1
foreign generic drug matter life death	gets high sad to get rid of him careless gets arrested to be a drug dealer to have a bad case sad to get high	0	0	0	0	1
seething senator call trump environmental plan literally toxic dangerously rail	people are affected annoyed to avoid personx irresponsible gets into trouble to be right to be in a bad position justified to avoid environmental problems	0	1	0	0	0
episcopal alum possibly ole miss student posing gun sign honoring emmett till	none none none none none none none none none	0	1	0	0	0
brexiteer boris johnson set british prime minister	people are forced into smaller circles annoyed to protest the rules of the new regime arrogant gets a raise to be a good leader to be a leader happy to make sure everyone is safe	0	0	1	0	0
solitary confinementnot paul manafort	gets nervous and starts sweating sad to be alone lonely is isolated to be alone to be alone lonely to be alone	0	0	0	1	0
broward officer fired failed parkland response	people are injured angry to get a better job careless gets fired to get away with something to have a reason to do it sad to make a report	0	0	0	1	0
french notre dame fire weakening cathedral tower safe	people are hurt angry to get out of trouble dangerous people to be a threat to be in a bar happy to get rid of the smoke	0	0	0	0	1
alabama congressman quote mein kampf criticize democrat medium	people get offended by the insult annoyed to get away with it racist gets called racist to be a racist to be a racist satisfied to be a senator	0	1	0	0	0
young democrat booed opposing slavery reparation house hearing	people vote angry to win racist gets a bill for the bill to win the election to have been demoted happy to win the election	1	0	0	0	0
white nationalism international threat	people are affected by the threat angry to avoid the situation racist is criticized to be a racist to be a racist powerful to be a leader	1	0	0	0	0
medium scramble discredit abby johnson pro-life conversion fails	gets fired angry to get revenge mean gets fired to be a better person to have heard rumors about them guilty to get a new job	0	0	0	0	1
nadler trump claim executive privilege delay mueller testimony	people listen to personx annoyed to listen to personx's testimony smart to be correct to be correct to be a judge in court good to be correct	0	0	1	0	0
stephen miller uncle trump anti-immigrant comment demonize asylum seeker stir racist hatred	none none none none none none none none none	1	0	0	0	0
nbc reporter dismisses host bringing dayton shooter pro-warren tweet	people get nervous annoyed to get a new host rude gets yelled at to be a good citizen to have a reason to do it satisfied to get more people involved	0	0	0	0	1
gilroy shooter motive investigation find clue	gets caught angry to ask for more clues clever gets questioned to solve the case to be in a situation where someone will be questioned satisfied to find out the truth	1	0	0	0	0
trump space force final frontier wrong	gets into trouble annoyed to get away with it stupid gets into trouble to be a failure to be a racist defeated to get a new career	0	0	0	1	0
trump issue earth day message mentioning climate change	people are affected annoyed to listen to personx smart gets ignored to inform to have a reason happy to make people understand	1	0	0	0	0
trump feel badly labor secretary acosta	gets stressed upset to listen remorseful gets fired to make a difference to have lost job sad to apologize	0	0	1	0	0
trump immigration chief caught pretending racist tweet	people get caught angry to get away with it ignorant gets yelled at to be deceptive to be a racist ashamed to get away with it	1	0	0	0	0
belgian nurse watched euthanasia turn pain management death prescription	they get cured grateful to get treatment smart gets sick to be helpful to have a problem sad to get better	0	0	0	0	1
man killed frozen body fell plane traumatized home	people mourn x sad to make sure they're ok scared cries to be safe to be in a plane crash sad to get back on the plane	0	0	0	1	0
reason youve heard john delaney	gets confused confused to ask personx questions curious gets asked questions to be a good listener to be in a conversation curious to find out more	0	1	0	0	0
obama wh counsel indicted	to be correct people are dead to win the case smart gets arrested to be correct to have been asked for help satisfied to make sure they are ok	0	0	1	0	0
omar hit back trump tweet knock president	people are hurt angry to get away from him aggressive gets yelled at to get even to have the authority to do so satisfied to be a winner	0	0	0	1	0
baby girl found alive inside plastic bag	cries happy to cry lucky cries to have a baby to have been in a plastic bag happy to give the baby a bottle	0	0	1	0	0
dont condemn zealand attack politician pundit stop anti-muslim rhetoric	none none none none none none none none none	0	1	0	0	0
proxy iran appears hitting back fight oil	people lose their jobs angry to win aggressive gets arrested to win to be a leader justified to win the war	0	0	0	1	0
comite people flooded num anxious hurricane barry river forecast	people lose money from the flood worried to thank personx anxious none worried to be a senator worried to get rid of the rain	0	1	0	0	0
google search way put artificial intelligence health care	they get a better job grateful to help personx intelligent gets scolded to be a better person to be a scientist smart to get a better job	0	0	1	0	0
hope spur liverpool fan head-to-head	gets excited annoyed to get to know personx influential to be bold to win the game to be a fan happy to be successful	1	0	0	0	0
visa stamped paper order targeted secretive cbp task force	none none none none none none none none none	0	1	0	0	0
capturing nigerian church surviving south east london gentrification	people lose money happy to get out of the country religious gets a commission to be a good citizen to be in the presence of a mosque happy to make sure the people are safe	1	0	0	0	0
eli lilly stock price target cut num num cfra	they get a good deal happy to get a good deal skilled to be honest to be accurate to have the right tools happy to make a good profit	0	0	1	0	0
s&p num record five-day losing streak trade fear	they are disappointed happy to win the competition competitive gets a lot done to win to be a good player happy to win	0	0	1	0	0
house panel threatening subpoena census question	gets caught nervous to file a complaint mean gets caught to be a good citizen to be a cop satisfied to get a good deal	0	1	0	0	0
mcconnell stumped reporter asks immigrant wife back country	none none none none none none none none none	0	1	0	0	0
warning dont hear mueller report	gets fired annoyed to listen naive gets fired to not be gullible to listen to what they are told confused to be right	0	1	0	0	0
wanted son made daughter live boy	they get a baby happy to be a good parent loving gets pregnant to be a parent to be a parent happy to have a baby	1	0	0	0	0
iranian official issue warning trump announces sanction	people are affected by the warning upset to listen to the information authoritative gets fired to be a good citizen to have the authority powerful to make sure the information is received	1	0	0	0	0
menthol cigarette worse regular cigarette	gets stressed annoyed to get a lighter careless gets stressed to be healthier to buy cigarettes bad to buy cigarettes	1	0	0	0	0
watch broward county sheriff deputy slam num boy head pavement	none none none none none none none none none	0	0	0	1	0
jeffrey epstein denied bail sex trafficking case	gets arrested sad to file appeal guilty gets arrested to get away with it to have been arrested sad to go to court	0	0	1	0	0
pharmacy middleman turn congressional hot seat	they get a good review from the press annoyed to get a good grade nervous gets yelled at to get their turn in the hot seat to be in the hot seat nervous to win	0	0	0	1	0
pictured murdered teenage brother mother half-brother accused killing	gets killed sad to get away with murder criminal gets arrested to get revenge to be a murderer guilty to get away with it	0	0	0	1	0
trudeau scandal time america	people are affected by the scandal sad to get out of the situation rich gets rich to make a lot of money to have a lot of money happy to get out of trouble	1	0	0	0	0
middle school volleyball player stop woman suicide life worth	people are saved grateful to be saved brave is respected to be a hero to be in a bad position proud to help others	0	0	0	1	0
market stock regain lost ground	loses money happy to win determined loses money to be rich to invest happy to make more money	0	0	0	1	0
kyoto animation studio arson kill num shocking japan	people die shocked to get revenge violent gets killed to kill to have a gun satisfied to get a new career	0	0	1	0	0
piece garbage trump jr slam tom arnold lament brother eric robbed	none none none none none none none none none	0	0	0	0	1
indian election modis bjp tipped victory	people vote happy to win proud gets a raise to win to win election happy to celebrate the win	1	0	0	0	0
joe biden build james bond-style gun fire dna match	to the gun happy to get rid of him criminal gets arrested to be a good person to have the right tools satisfied to be a gun maker	1	0	0	0	0
flashback biden like swim naked female secret service agent found offensive book claimed	gets sweaty annoyed to get revenge smart is arrested to be the best to read happy to be a good swimmer	0	0	0	0	1
lawsuit detail horrific night beating pennsylvania jail	people are hurt sad to get out of jail criminal gets arrested to be in jail to be arrested guilty to be a criminal	0	0	0	1	0
july wti oil num cent num percent num num high	none none none none none none none none none	0	0	1	0	0
man land plight northern white rhino	people are saved sad to avoid the situation brave gets attacked to be a good man to have a land sad to be in charge	1	0	0	0	0
dem representative accuses dhs secretary choosing migrant kid die intentional	they are being treated better than before sad to be a good country authoritative is a decision maker to be a racist to be a representative of the president of a government justified to be a leader	0	0	0	1	0
amazon prime day taylor swift concert show sell stuff	people are affected annoyed to get a good deal greedy gets paid to make money to be a singer happy to get a good deal	1	0	0	0	0
venezuela opposition set debt restructuring plan	loses money angry to thank personx greedy gets money to make money to make a deal happy to get rid of debt	0	0	1	0	0
trump explains nasty meghan markle comment basically call nasty	gets hurt annoyed to get away mean gets yelled at to be correct to have a conversation satisfied to apologize	0	1	0	0	0
management company admits breaking health safety law woman killed storm doris	people are injured sad to file a complaint responsible gets arrested to be a police officer to be a police officer guilty to make a settlement	0	0	0	1	0
yep abc terry moran needed word sum today hearing gigantic fail democrat	none none none none none none none none none	0	0	0	0	1
bjps threat restrict indian citizenship unmasks ugliest side nationalism	people get killed none none none is looked at none none bad	0	0	1	0	0
let witness maisie williams silencing troll doubt power arya stark	the person who was wronged annoyed to get away wise is ignored to be right to have a reason sad to get away with it	0	0	1	0	0
mother shopping school supply died protecting num massacrein america	none none none none none none none none none	0	0	0	0	1
britain tory bravely put party country	people are hurt happy to thank personx brave gets shot down by bullet to be patriotic to have a party happy to get a drink	0	0	0	1	0
shanahans review niger ambush rubber stamp	they are surprised angry to get revenge smart gets caught to be right to have been cheated smart to be correct	0	0	0	1	0
bloomberg huawei equipment italy security backdoor	people are protected by the barriers annoyed to get paid careless gets arrested to be safe to have the equipment happy to be safe	0	1	0	0	0
delta airline refuse boycott georgia abortion law	people are killed by the virus angry to protest stubborn gets arrested to be a good person to have a reason why guilty to make sure it's safe	0	0	0	0	1
meet bos literally person	gets fired happy to get to know the new boss confident gets promoted to be in charge to get hired happy to get a new job	0	1	0	0	0
russian usa navy ship narrowly avoid collision philippine sea	people are killed safe to avoid collision cautious is saved to avoid a crash to be a pilot safe to avoid the crash	0	0	1	0	0
middle east split red state blue state	people lose money angry to go to the capital racist gets into trouble to be divided to be in a war upset to go home	0	0	0	1	0
thing today fight voter suppression	people get hurt angry to win the fight determined gets arrested to be a leader to have the skills good to be a good leader	0	0	0	0	1
buzzfeed user data created anti-trump ad wrote anti-trump hit piece taking million left pac	none none none none none none none none none	0	0	0	0	1
conversation ma making wreath kid	they have fun happy to have a good day loving gets tired to be with the kids to have a good time happy to make them happy	1	0	0	0	0
trump offer netanyahu part syria boost israeli leader flagging re-election	people lose their money happy to be a good leader a leader gets a lot of votes to be successful to be a leader happy to make a speech	0	1	0	0	0
un bosnia move migrant area infested land mine	people get killed annoyed to avoid the insects aggressive gets caught to avoid land traps to have the resources nervous to get rid of land traps	0	0	1	0	0
here list meghan markles baby potential godparent bring table	none none none none none none none none none	0	0	1	0	0
battle woman suffrage usa	people are hurt angry to get away aggressive gets arrested to be in charge to have a reason to do so justified to get even	1	0	0	0	0
austrian white nationalist accused tie nz mosque shooter making money youtube	people are accused angry to protest racist gets accused to make money to have a gun happy to get rid of the racist	1	0	0	0	0
giddy thrill shadow show bloodsucking bootlicking	none none none none none none none none	1	0	0	0	0
un human right council lousy election	people are affected by personx's policies bad to get rid of him racist gets arrested to be a racist to have a vote guilty to get a new job	0	0	1	0	0
ex-obama border patrol chief immigration crisis worst history country	people lose their homes bad to avoid the situation racist people are killed to be a racist to have been arrested by police bad to get rid of people	1	0	0	0	0
italian trump visit washington	people get robbed impressed to go to the airport rich gets a passport to be a part of the culture to get a passport happy to go to the airport	1	0	0	0	0
elizabeth warren unveiling opioid plan sackler harvard building	gets nervous bad to be correct mean gets arrested to get people's attention to be a rat happy to be a success	0	0	1	0	0
friday night fight ukraine	loses angry to win aggressive gets arrested to be mean to be angry angry to win	1	0	0	0	0
trump troll washington foreign policy establishment	people lose respect for personx annoyed to get rid of him rude gets yelled at to be a good citizen to have a lot of money bad to get a good deal	0	0	0	0	1
mueller refused deny team leaked roger stone fbi raid cnn	people are questioned angry to find the truth stubborn gets accused of plagiarism to be a hero to be in the wrong place upset to get the information out	0	0	0	0	1
river blood coordinated church bombing leave num dead sri lanka	none none none none none none none none none	0	0	0	0	1
democrat blast biden recalling civil relationship segregationist	people vote annoyed to vote for their candidate racist gets demoted to be a good citizen to be a racist good to be heard	0	0	1	0	0
johnny depp accuses ex-wife amber heard painting bruise	cries hurt to cry mean gets punched to get revenge to be angry angry to get away with the crime	0	1	0	0	0
trump attempted suppress state department analyst testimony climate crisis	people lose their jobs cautious to get their point across smart gets criticized to be correct to be in charge good to be a leader	0	1	0	0	0
late democrat yang take climate hysteria level	people are demoted annoyed to protest irresponsible gets demoted to be a better person to be in a position of power bad to be a success	0	0	0	0	1
migrant apprehension border hit num cbp	gets arrested happy to get a new job criminal gets arrested to be successful to be in the wrong place at the wrong time nervous to get a job	1	0	0	0	0
barr road tyranny hillary call trump ag shameful senate testimony	none none none none none none none none none	0	1	0	0	0
illegal immigrant num charged shooting death num oklahoma mother-of-one	none none none none none none none none none	0	0	0	1	0
dems seize offensive trump detention center outrage	loses money angry to get away angry gets arrested to win the case to have been arrested by the police justified to win the case	0	0	1	0	0
white supremacy undone institution institution	people lose their homes angry to get rid of him dominant gets arrested to be a racist to have been given a bad name powerful to get a better job	1	0	0	0	0
country star kenny rogers dismisses wild misinformation health	people are confused annoyed to get even mean gets called a liar to be accurate to be a doctor relieved to get away with it	0	0	0	0	1
congress bar registration immoral scandalous trademarksbut vulgar profane mark	none none none none none none none none none	0	0	0	1	0
pete buttigieg trump immigration approach backward	to be correct annoyed to thank personx rude gets caught to be correct to have a reason to do it happy to be successful	0	0	1	0	0
obscene difficulty depriving troubled white man gun	gets killed sad to thank personx violent gets arrested to be a racist to be a gun owner justified to kill the man	1	0	0	0	0
num million rivian teach ford make electric vehicle	people get a new car happy to listen to the teacher smart gets paid to be rich to know how to make cars happy to make a good profit	0	0	1	0	0
trump hoax mueller probe allowed happen president	people lose respect for personx annoyed to protest the information irresponsible gets fired to be a good president to have a leak happy to be a success	1	0	0	0	0
amazon making late entry internet satellite race	they are disappointed annoyed to get a new computer careless gets yelled at to be a good host to log on nervous to get a new job	0	0	1	0	0
billionaire mayor disrupting taiwan election	people lose their jobs angry to protest powerful gets a raise to be a good example of the poor to be a politician powerful to win the election	0	0	0	1	0
orange chief richard acquitted long-running fraud case	people are shocked angry to get a settlement smart gets paid to win the case to have a case satisfied to win the case	0	0	1	0	0
pelosi sound alarm trump impeachment; villainous trump throw fuel fire	people are angry bad none mean none none to have a gun in hand none to be a good example	0	0	0	0	1
house voted raise minimum wage num	they have less money happy to thank them responsible gets a raise to be a good citizen to be a demographics officer happy to make more money	0	1	0	0	0
trump latest china tariff threat bluster	people get nervous annoyed to avoid him arrogant gets yelled at to be a better person to be in charge like they are being misunderstood to be a good leader	0	0	1	0	0
apple ceo tim cook big tech regulated	they get a new employee happy to get a new employee smart gets stressed to be successful to be in a company happy to be a good leader	0	0	0	0	1
dozen business leader advocate abortion access dont ban equality	people get hurt grateful to get away with murder smart gets arrested to be a good leader to have a reason good to be successful	1	0	0	0	0
university cambridge rescinds jordan peterson invitation backlash	people get angry annoyed to get a drink rude gets a raise to be successful to be in the presence of people who have been invited happy to get out of trouble	0	0	0	0	1
thatll show bette midler show support amy mcgrath shaming polio survivor mitch mcconnell military discharge	none none none none none none none none none	0	0	0	0	1
motorcyclist killed num injured crash pickup truck	people are injured sad to call the police injured gets hurt to save lives to be in a vehicle sad to go to the hospital	0	0	0	1	0
donald trump deranged meltdown wrong	gets nervous sad to help him crazy gets stressed to be a failure to have a bad day upset to apologize	0	1	0	0	0
ohio man raped now-pregnant num girl authority	killed sad to find out why immoral police are looking for the victim to kill someone to have a weapon sad to kill the fetus	0	0	0	1	0
mueller time flop dems run plan	gets into trouble happy to get rid of him careless gets caught to be successful to have a plan happy to get a job	0	0	0	0	1
swedish vegan trial starving two-year-old daughter	gets food sad to eat mean gets a settlement to punish someone to have a reason guilty to make a settlement	0	0	0	0	1
australian woman horrified find kookaburra sale num american pet shop	none none none none none none none none none	0	0	0	1	0
authority thwart widespread terror plot involving military veteran	people are safe grateful to thank him brave gets shot to save our people to have a plan proud to be successful	0	0	0	1	0
cher experience moment lucidity question democrat open border policy	people lose their jobs angry to protest the law uninformed gets stressed to be correct to have been asked for help by others confused to make sure they understand the situation	0	0	0	0	1
liberal representative ilhan omar excuse chill speech	people are offended annoyed to get away with it smart gets yelled at to be heard to have a good reason relieved to get a drink	1	0	0	0	0
iraq lebanon stay mideast peace conference	people are killed annoyed to get away from the situation cautious gets called a racist by others to be left alone to have been invited to the conference nervous to avoid the situation	0	0	0	1	0
man charged num felony count num gun seized bel-air mansion	people lose their jobs angry to file a complaint reckless gets arrested to get a record deal to be in the wrong place at the wrong time angry to be a good citizen	1	0	0	0	0
decathlon nadal barty mcilroy ronaldo weekend big winner	none none none none none none none none none	1	0	0	0	0
dccc put business im democrat	none none none angry none to be in charge none guilty to be a success	0	1	0	0	0
delta reduces amount space passenger recline seat airbus a320 fleet plane	none none none none none none none none none	0	0	0	1	0
dead venezuela clash opposition uprising right group	people lose money angry to protest racist gets arrested to be heard to be a racist sad to protest	0	0	1	0	0
california sober showed kinder gentler drug	gets high grateful to thank him for his advice wise gets arrested to be more successful to be a dealer better to get better	1	0	0	0	0
meghan mccain buttigieg socialism comment ridiculous	to people annoyed to get away from him arrogant personx is offended to make people laugh to be talking about the subject satisfied to be heard	0	0	0	0	1
house approves sweeping provision target toxic forever chemical	they get sick happy to thank personx careful gets a bad reputation to avoid toxic chemicals to have a recipe for the poison good to avoid the toxic effects	0	1	0	0	0
joe biden bring high-speed rail california --	they have to pay for it happy to have a good time adventurous gets a ticket to have fun to have a car excited to get a ride	1	0	0	0	0
woman world cup num fan react netherlands final	people get hurt happy  to get a drink influential gets a high score to be successful to be in the wrong place at wrong time happy to be a success	0	0	1	0	0
meet jeffrey epstein billionaire financier arrested alleged sex trafficking rubbed elbow trump clinton kevin spacey	none none none none none none none none none	0	0	1	0	0
otc birth control wont woman dont information	women are safe sad to be protected irresponsible gets arrested to keep women safe to be a doctor relieved to be safe	0	0	0	0	1
scandal bolsonaros justice minister sergio moro grows intercept partner brazil largest magazine expo	none none none none none none none none none	0	1	0	0	0
world doesnt care groupthink	gets ignored sad to be left alone uncaring gets yelled at to be left alone to be ignorant sad to get a better job	0	0	0	1	0
num chart tax spent	they are grateful to him grateful to thank personx smart gets paid to be helpful to be a tax collector satisfied to make a report	1	0	0	0	0
clinton lawyer testimony judicial watch contradicts told fbi knew hillary private email	none none none none none none none none none	0	0	0	0	1
household smoke world deadliest environmental hazard	people get cancer sad to get rid of him dangerous is avoided by others to be safe to be a environmental activist bad to not be affected	0	0	1	0	0
jeffrey epstein bail ruling delayed accuser forward	people are accused angry to get their point across willful personx is yelled at to be a good citizen to have a case guilty to make a settlement	0	0	0	1	0
judge agrees black driver involved fatal hit-and-run feared police racism	gets arrested angry to get out of jail brave gets arrested to be a hero to be a cop guilty to be a good driver	0	0	0	0	1
arrested north num street fatal shooting resulted family feud baton rouge police	family is arrested sad police angry police have to report the incident angry  to get caught sad to get out of jail	0	1	0	0	0
game throne star jacob anderson think grey worm loyalty lead	gets nervous happy to be like him confident gets into trouble to be successful to be a follower of grey worms happy to be a good person	0	0	1	0	0
trump critic amash quits republican party	they get a better job annoyed to win mean gets fired to be a better person to have a bad attitude satisfied to get a better job	0	0	0	0	1
today back page maestro messi planet liverpool floored	people are shocked surprised to listen to the lecture dumb is asked questions to be a good listener to read the book surprised to be left alone	1	0	0	0	0
nowthis attempted gotcha alabama anti-abortion law dumbest comparison	none none none none none none none none none	0	0	0	0	1
president jetblue venture capital firm renaissance woman transform air travel jblu	none none none none none none none none none	0	0	1	0	0
donald trump reach disgusting low prof bottom	they are surprised sad to get away determined gets a promotion to be the best to be in a bad situation satisfied to be a success	0	1	0	0	0
warren sander call impeach trump welcome dirt foreign power	people are punished angry to get rid of him careless gets scolded to be correct to have been cheated relieved to be correct	0	1	0	0	0
warren economic evolution candidacy unique edge	gets a good name grateful to win the election influential gets a raise to be influential to be a politician happy to be a success	1	0	0	0	0
sri lanka easter sunday attack	people are killed sad to repent for their sins religious gets hurt to have fun to have easter eggs happy to repent for what they did	1	0	0	0	0
sex magic teen vogue latest effort derail young girl	gets into trouble annoyed to be left alone manipulative gets rejected to be a magician to be a good actor happy to make them do something	0	0	0	0	1
schachtel trump confront qatari emir terrorist friend	none none none none none none none none none	0	0	0	0	1
masn owes national ten million mlb panel rule	people lose their homes happy to thank person x careless gets a raise to be a good citizen to be a member of a group guilty to be respected	1	0	0	0	0
garlic festival gunman entered fence avoid security check	gets robbed by police annoyed to get them out of the car cautious gets caught by security guard to be safe to be a thief nervous to get out of the car	1	0	0	0	0
wapo columnist democrat defeat trump ballot box post-mueller	none none none none none none none none none	0	0	0	1	0
acting defense chief reported request move us mccain trump sight	none none none none none none none none none	0	0	1	0	0
brexit talk collapse setting theresa may departure	people are upset sad to get away from personx careless gets yelled at to get rid of people to be in charge sad to get a new job	1	0	0	0	0
russian police arrest num protester moscow	people are killed angry to get out of the country aggressive gets arrested to be in charge to have been attacked angry to kill them	0	1	0	0	0
plunging response rate household survey worry policymakers	people lose clients annoyed to get paid smart gets stressed to be a good citizen to have a problem worried to make sure they are ok	0	0	1	0	0
num year ago trump ebola doctor suffer consequence	they are sad sad to listen wise gets a bad name to get a better job to have a bad experience sad to get a better job	0	1	0	0	0
bipartisan rage fbi hiding detail russia cyberattack fl election	gets nervous angry to find out what the issue is angry gets arrested to be in charge to have information angry to get rid of them	1	0	0	0	0
people hate traffic jam oddly tolerant	people avoid people annoyed to avoid him tolerant gets yelled at to avoid traffic to have heard about traffic jams annoyed to be left alone	0	0	1	0	0
state coroner greece woman believed missing american scientist died result criminal act	none none none none none none none none none	0	0	1	0	0
star war rise skywalker trailer debut	people are disappointed impressed to watch the movie powerful gets famous to make a lot of money to have a lot of money happy to make money	0	0	0	0	1
muslim woman sri lanka pissed post-bombing burqa ban	people are hurt angry to protest angry they get fired from the job to be angry to have been attacked upset to get out of the country	1	0	0	0	0
exclusive -- jerome corsi claim mueller team pressure pleading guilty	loses disappointed to get the job a criminal none to win the game to have been cheated guilty to win	0	0	0	0	1
kamala harris insists shes clear health care	gets sick grateful to listen to personx concerned gets stressed to be correct to be a doctor satisfied to make sure she is healthy	0	0	0	0	1
wwii plane rescued boneyard fly head d-day ceremony	people are dead happy to thank him for his bravery brave gets a medal to show appreciation to have been kidnapped by the president happy to get back home	0	0	1	0	0
william barr circle drain trump evil plan	they are dead sad to be saved brave gets killed to get ahead to have a plan happy to be successful	0	1	0	0	0
num democrat pelosi juggling caucus divided	people are demoted annoyed to protest racist is a bad example to be a demoque to be in a political party good to change the law	0	0	0	1	0
mother killed usa-backed security force lucrecia mack guatemala congress	none none none none none none none none none	1	0	0	0	0
book briefing dangerous enchanting sea	they get into trouble scared to listen wise gets into trouble to be safe to be a captain nervous to make sure they do not get hurt	1	0	0	0	0
care land closing hospital	patients get sick sad to help him responsible gets a lot done to be safe to get a job sad  to go home	1	0	0	0	0
intel put modem business sale held talk apple wsj	gets cheated annoyed to thank personx smart gets money to make money to have a reason satisfied to make a profit	0	0	0	0	1
serbia protest arent beginning balkan spring	people are affected by the balkan season annoyed to listen to personx racist gets fired to be a racist to have heard about the balkans like a failure to be a better person	0	0	0	1	0
misinformation online lead death threat	people are dead angry to avoid personx untrustworthy gets killed to be safe to be a spy nervous to make a deal with the government	0	0	1	0	0
sri lanka attack highlight growing worldwide persecution christian	people lose faith angry to get away racist gets accused of racist behavior to be a racist to have a religion happy to be successful	0	0	0	0	1
trump appears headed defeat effort block congress subpoenaing record	loses their job angry to protest determined gets arrested to be a winner to have lost the race powerful to win	0	1	0	0	0
earthquake num quake ridgecrest calif	people are scared scared to go to the beach scared gets a lot of money to get rid of the bugs to be in the wrong place scared to get away	1	0	0	0	0
trump administration kick undocumented immigrant public housing	people are homeless sad to get rid of him mean gets arrested to be a racist to be in a foreign country satisfied to make sure the people are not caught	0	1	0	0	0
president trump declares victory impeachment defeated house	people are defeated sad to celebrate powerful is congratulated to win the election to have a speech happy to celebrate	0	0	0	0	1
hong kong launch massive resistance china	chinese people get attacked angry to protest aggressive gets attacked to get rid of chinese to have the resources to do so angry to get away with something	0	0	0	0	1
el salvador president country trump responsible migrant death rio grande	people are dead sad is a racist racist is arrested to be a good leader to be a racist sad to be a leader	0	0	0	0	1
venezuela america check regime change impulse door	people are affected by the change in the environment grateful to thank personx careful gets arrested to be a better person to be a racist satisfied to get a new job	0	0	0	0	1
socialism promise utopia delivers suffering	people lose their jobs sad to listen to personx influential gets arrested to be a better person to be a politician sad to be a better person	1	0	0	0	0
janet street-porter boris fat people costing nh smoker	none none none none none none none none none	0	0	0	1	0
kindergarten teacher detained allegedly poisoning num child	children get sick scared to cry mean gets scolded to be a teacher to be a teacher guilty to make sure they are okay	1	0	0	0	0
letter detail severe sexual harassment accuweather trump pick lead noaa	gets arrested scared to get out of jail aggressive gets caught to be a good person to be a police officer nervous to be a good example	1	0	0	0	0
trump administration making hezbollah stronger	people lose money impressed to protest influential gets praised to be a better leader to have a lot of influence powerful to make a difference	0	0	0	1	0
right-wing terrorism worse trump	people are affected bad to get away with murder of people dangerous gets arrested to get even to be a bad influence bad to get even worse	0	1	0	0	0
crypto miner bitmains ipo plan risk shelved	gets into argument annoyed to listen to personx careless gets arrested to be safe to be in trouble happy to be safe	0	0	1	0	0
illinois house pass bill requiring woman african-american corporate board	women are discriminated against annoyed to get a job racist gets paid to be a racist to have a racist policy happy to get a good deal	0	0	0	0	1
manchin knock barr focused protecting constitution	gets hurt protected to thank personx determined gets attacked to protect the people to have a gun good to be a good citizen	0	0	0	1	0
biggest piece mueller left	they are surprised annoyed to get even careless gets scolded to be left alone to be a big mueller embarrassed to apologize	0	0	0	1	0
british royal meghan prince harrys instagram account broken record	people are disappointed annoyed to get a better deal talented gets scolded to be successful to have been cheated proud to be successful	0	0	1	0	0
underrated pleasure eating dinner early	they eat happy to have dessert hungry gets sick to eat to have money satisfied to be full	1	0	0	0	0
violence woman act close boyfriend loophole gun ban	gets shot angry to be left alone mean gets shot to be mean to be a racist justified to get away with it	1	0	0	0	0
taseko mine started outperform c100 stock price target bmo capital	they lose money happy to win competitive gets a good deal to be successful to have the right tools happy to be successful at the next level	0	0	1	0	0
watch pelosi stutter slur suffer memory lapse press conference	gets nervous annoyed to listen to personx's explanation clumsy gets yelled to be a bad influence to have a bad day embarrassed to apologize	0	0	0	0	1
searcher find body police chief knocked overboard fishing boat	police get arrested for a crime sad to catch a fish scared gets arrested to catch a fish to go to the boat sad to call for help	1	0	0	0	0
far-right group embrace straight pride parade win recruit medium attention	people are more informed impressed to listen to personx smart gets promoted to be a good leader to have a good reputation proud to win	0	1	0	0	0
san juan mayor suggests trump vindictive puerto rico golf bankrupt	people are angry angry to win the election mean is accused of racist to be in control of the situation to have a golf course in the first place satisfied to win the game	0	0	0	0	1
rep omar repay tax fine marriage flap	gets cheated happy to thank personx responsible gets a receipt to be honorable to be married happy to get a divorce	0	1	0	0	0
tyra bank important hire woman color entrepreneur	gets paid grateful to be successful smart to be successful to be successful to have the resources satisfied to get paid	0	0	1	0	0
conspiracy exoneration conclusion mueller report	gets fired angry to argue with personx smart is accused to prove the truth to be in a position to do so satisfied to make sure they are correct	1	0	0	0	0
trump climate policy bad putin trolling	he gets a job annoyed to avoid him ignorant gets a headache to change the world to be in charge bad to change the policies	1	0	0	0	0
watchken cuccinelli ice ready deport approximately num illegal alien final deportation order	none none none none none none none none none	0	0	0	0	1
mexican border state local police accused protecting gulf cartel	people are caught angry to get rid of him criminal gets arrested to protect people to have a bad reputation angry to get rid of the mexican government	0	0	0	0	1
war american threat iran venezuela woman	people are killed scared to get away aggressive gets killed to be in control to be a racist angry to kill people	0	1	0	0	0
celebrity friendship make sense realize stranger thing season num life	people get excited happy to get to know personx curious is asked to do more things to be happy to have a lot of money happy to be a good listener	0	0	1	0	0
trump russia thing anymore	they are forced to do something else confused to win the war confused gets fired to be a failure to have something wrong frustrated to apologize	0	1	0	0	0
theresa im tin-eared lunatic hardest word marina hyde	gets hurt angry to listen mean to get away to be right to say angry to be right	1	0	0	0	0
lara logan return tv right-wing heroine sinclair condemning moral coward cbs	none none none none none none none none none	0	1	0	0	0
nasa valkyrie robot build mar base	people get injured happy to thank him brave gets a medal to be helpful to have a plan happy to get a promotion	0	0	1	0	0
hillary loss blamed jon stewart	gets fired angry to get revenge mean gets yelled at to be blamed to be in trouble sad to get away with it	0	0	0	0	1
peter kennaugh take break cycling rediscover happiness	they have fun happy to enjoy the day happy gets tired to enjoy life to have a reason to be happy happy to enjoy the day	1	0	0	0	0
hundred thousand hong kong protester demand leader resignation	people lose money angry to get a new job aggressive gets called a shill to be left alone to have a lot of people sad to get a job	0	1	0	0	0
uncle sam offering num people adopt untrained wild horse burro	people get a new pet grateful to thank personx generous gets a raise to be generous to have a horse happy to give the horse a name	0	0	0	1	0
tea party back stop socialism choose freedom rally tax day	people are more educated happy to get rid of him smart gets arrested for smoking pot to be free to have the right information happy to be free	1	0	0	0	0
fmr notre dame chief architect ancient oak doesnt burn	none annoyed to avoid him smart gets burned to not get burned to be a magician happy to be safe	0	0	0	0	1
perfect candidate totally ill-suited time	they get hired happy to help him unqualified gets rejected to be perfect to get hired sad to go to a better job	1	0	0	0	0
imposes sanction maduro state-owned oil company	people get burned annoyed to get away from him powerful gets yelled at by staff to be a leader to be a manager powerful to make sure everyone else is safe	0	0	0	1	0
moved canada somalia positive story ended dead terrorist attack	none none none none none none none none none	1	0	0	0	0
case civic splendor note city beautiful movement	people get arrested happy to thank personx observant gets arrested to be a part of society to have a good imagination happy  to be praised	0	0	0	1	0
infamous drug lord el chapo sentenced life prison	people lose their freedom sad to get out of jail criminal gets arrested to be free to commit a crime guilty to be free	0	0	0	0	1
donald trump pompeo problem	people are angry annoyed to help personx clumsy gets fired to be a problem to have a problem nervous to get help	0	1	0	0	0
guardian view venice biennales migrant boat pushing limit art editorial	none none none none none none none none none	1	0	0	0	0
injustice left fury barr	they are hurt sad to cry mean gets arrested to be a jerk to have a bad experience justified to make them feel bad	1	0	0	0	0
alaskan competition involves skiing water snow	people lose money competitive to compete competitive gets a cold to have fun skiing to buy a sled competitive to compete	0	0	1	0	0
firm helping build china orwellian state	people are grateful happy to thank personx helpful gets paid to be a good citizen to have the materials happy to be successful	0	0	0	1	0
england victory scotland overshadowed layla guscoth injury	cries sad to congratulate personx victorious gets a medal to win to be in a contest proud to celebrate	1	0	0	0	0
impeaching trump shouldnt abandoning key battle	people are affected by personx's actions happy to get away from personx willful gets yelled at to be a good person to have a reason to do so happy to be a leader	0	1	0	0	0
supreme court stuck abortion right alabama	people are in pain sad to get out of jail racist gets sued to be in control to have a reason to do it guilty to get out of jail	0	1	0	0	0
trump praise crowd started racist send back chant theyre incredible patriot	people are offended offended to get their point across racist gets yelled at to be right to be a racist happy to be heard	0	1	0	0	0
revisiting quentin tarantino inglourious basterds trump era	people are disgusted none to get away from the situation dangerous is yelled at none to be a comedian happy to be entertained	0	1	0	0	0
militia group detaining migrant us-mexico border	people are arrested angry to get away criminal gets arrested to be a racist to be a racist happy to make a settlement	1	0	0	0	0
hitchhiker wearing bloody clothes arrested man stabbing death	people are arrested sad to get revenge immoral gets arrested to kill someone to have a knife guilty to run away	1	0	0	0	0
sri lanka easter attack leader died hotel bombing official	people grieve sad to cry dead gets a medal to kill the president to be in a plane sad to get medical help	0	1	0	0	0
donald trump downward spiral pushed gop breaking point	gets stressed sad to get back on their way determined gets hurt to be a failure to be in the wrong place at the wrong time sad to be successful	0	1	0	0	0
trump plan kill obamacare rattle republican	people get hurt angry to get away from personx stupid gets killed to be a bad person to have a reason angry to be a success	0	0	0	1	0
democrat rip mcconnell promising fill potential scotus vacancy num	they are demoted disappointed to thank personx for the opportunity smart is demoted to be a good leader to have the authority happy to be a leader	0	0	0	1	0
liverpool extraordinary front barcelona ernesto valverde	people are impressed impressed to get a good deal arrogant is well liked to be impressive to have a lot of money proud to be heard	1	0	0	0	0
trump asserts executive privilege block release full mueller report	people are questioned annoyed to listen to the report authoritative gets yelled at by the boss to be in control to have authority powerful to make sure the report is correct	0	1	0	0	0
f1 lewis hamilton win canadian gp penalty denies vettel live	people are upset disappointed to win the game smart gets arrested to be a winner to be a winner happy to win the game	1	0	0	0	0
give aocs num percent tax rate save num nostalgia	people lose money grateful to thank personx smart gets a raise to save the money to be a politician happy to be successful	0	1	0	0	0
wood-burning stove fashion pollution	people get burned annoyed to avoid him dangerous gets burned to be a good citizen to have a problem good to be a good example	0	0	1	0	0
cry boy begged father call police black man father	none none none none none none none none none	1	0	0	0	0
chinese man swallow house key drunk undergo surgery retrieve	gets a new key sad to give them back sick gets a bill to get rid of the keys to be in a bad mood sad to get better	0	0	0	1	0
sudan dispute protester death toll	to be correct sad to get away aggressive gets arrested to make people believe in him to be a police officer justified to make sure people are safe	0	0	1	0	0
biden defends civil right record clash harris	they are protected angry to protest fair gets a medal to defend to have a conflict justified to win the case	0	0	0	1	0
cory booker blame testosterone wanting punch trump	gets punched angry to avoid personx immature gets punched to be a bully to have a bad day angry to get even	0	0	0	0	1
virginia beach gunman dewayne craddock quit job hour massacre	they get a new employee sad to get rid of him irresponsible gets a raise to be a good person to have a job relieved to get a job	0	0	0	1	0
white house counter barr contempt vote claiming executive privilege subpoenaed document	people who vote none to be correct arrogant is ignored to be a racist to be a racist bad to get a good name	0	0	0	0	1
envoy iran trump diplomacy war	people lose their homes annoyed to protest diplomatic gets attacked to win to have a reason good to get a diplomatic response	0	0	0	1	0
hell guy who change heart sander brace whiplash	gets nervous happy to be left alone scared gets hurt to be a good person to be a fan of the same type happy to be a success	0	0	0	0	1
india move strip kashmir autonomy potentially setting conflict disputed territory	people are attacked angry to get rid of him aggressive is attacked by people to be in control to be a rebel happy to make sure the people are safe	0	1	0	0	0
united airline employee allegedly called actress shining monkey	gets called a monkey annoyed to get paid arrogant gets fired to be a comedian to have an interview happy to get paid	0	0	0	1	0
fixing democracy make matter worse	people are poorer upset to protest irresponsible gets into trouble to make things worse to have a bad influence sad to be a success	1	0	0	0	0
ocasio-cortez peddles extreme fear climate change fact scientist	people are affected by personx's actions cautious to help them smart is feared by other people to be safe from the environment to have a good reason scared to make a difference	0	0	0	0	1
barnier dub johnson brexit deal term unacceptable	loses money angry to get a deal mean gets yelled at to be a winner to be a lawyer satisfied to win the game	0	0	1	0	0
kamala harris responds alabama abortion ban raising num pro-choice group	none none none none none none none none none	0	0	0	0	1
longer al-qaida grab headline plan jason burke	people watching are interested happy to be successful ambitious none to get the job to be a reporter satisfied the next chapter	1	0	0	0	0
stephen colbert hit long-shot dems spewing republican talking point cnn debate	gets called racist angry to argue rude gets yelled at to be a good speaker to be a politician satisfied to get their point across	0	1	0	0	0
theresa resigns husband philip biggest supporter	gets a new friend sad to thank personx for the support loyal is a supporter of the church to quit to be in a relationship with persony sad to get a new job	0	0	0	1	0
immigration fix aging society	they are left alone sad to get rid of him old gets rejected to be old to have a bad reputation sad to get a new job	0	0	0	1	0
callidus capital announces liquidity recapitalization arrangement update timing release statement	none none none none none none none none none	0	0	1	0	0
criminalization woman body conservative male power	people get killed by personx sad to protest racist gets arrested to be a good citizen to be a racist happy to make a difference	1	0	0	0	0
uk crisis facing deal parliament vote brexit rejecting plan time	none none none none none none none none none	1	0	0	0	0
vulnerable house republican head exit run num	they get into a fight disappointed to get away from him cowardly gets demoted to be safe to be a democandidate relieved to run away	1	0	0	0	0
fed cut interest rate time decade matter	people are poorer annoyed to get a better deal rich gets a raise to be rich to be a businessman good to be a success or a success	1	0	0	0	0
clyburn apologizes accusing pelosi hoyer tokenism staff	people get offended angry to listen to personx righteous gets yelled at to be forgiven to be a student relieved to make amends	1	0	0	0	0
camera show cat murder owner sleep	gets arrested sad to get revenge mean gets caught to be mean to get cat in the bag guilty to run away	0	0	0	0	1
hickenlooper government compete private insurance	loses money sad to get their insurance greedy gets sued to be a fraud to have a policy sad to get a better deal	0	0	0	0	1
klavan cheer patriotism deplorables	people are cheered happy to get back at personx patriotic is praised to be patriotic to be a racist happy to show their appreciation	0	0	0	0	1
war begun dems call arresting american criticize congress	people lose their jobs annoyed to protest racist is criticized to be in control to have a problem with the government justified to get rid of them	0	0	0	0	1
boy ive loved reunion giving people strong feeling	gets hurt happy to be happy caring gets thanked to be a leader to have a lot of people happy to make sure they understand	0	0	1	0	0
israel announces golan height settlement named trump	people listen to personx surprised to listen to the news arrogant gets called a racist to be a leader to be a leader happy to make a speech	0	1	0	0	0
landmark un report show human-induced extinction crisis	people are killed scared to avoid the situation scared gets called a freak to be a good citizen to have a virus scared to get help	0	1	0	0	0
millennials stop talking adulting adult	they are more understanding grateful to listen to personx mature becomes a man to be mature to be a child happy to stop talking about it	0	0	0	0	1
country killer cop celebrated	people are killed sad to get rid of personx violent gets arrested to be in control to have killed a gun happy to kill people	0	0	1	0	0
bill nye planet firebut he optimistic	people are saved happy to listen to personx optimistic gets a promotion to be optimistic to have a good reason hopeful to make a decision	0	0	1	0	0
pennsylvania attorney general josh shapiro support repeal controversial law stripping larry krasner authority	none none none none none none none none none	0	1	0	0	0
netanyahu gantz scenario israeli election	they lose happy to win smart gets called a fool to be a winner to be in charge happy to win the election	1	0	0	0	0
booker denies swipe john delaney fundraising email attacking delaney	gets hurt angry to thank personx for the help mean gets yelled at to be mean to have received a message from john delaney satisfied to win the election	0	0	0	1	0
bill cosby settle defamation lawsuit female accuser	gets sued angry to win the case powerful gets arrested to be a good citizen to have the right information relieved to make a settlement	1	0	0	0	0
trump declares victory mock mueller testimony devastating day democrat	they lose sad to be heard powerful is asked for help to be a leader to have a good opinion sad to win	0	0	0	0	1
passenger feared fallen overboard cruise ship	they are saved worried to help them scared cries to be safe to be in the water scared to get up	0	0	0	1	0
real-life spider-man scale num floor save mother fire	mother is saved grateful to thank personx brave gets hurt to be a hero to be in a fire happy to be a hero	0	0	1	0	0
trump racist comment spawned violent threat lawmaker color	people are more cautious angry to avoid personx racist gets arrested to be a racist to be a racist justified to make a change	0	1	0	0	0
rosengren decline usa10-year yield due weakness trading partner	loses money disappointed to give up weak willed loses money to be a failure to be in a bad situation sad to be successful	0	0	1	0	0
kamala harris praise anti-semite incited race riot anti-jewish pogrom	none none none none none none none none none	0	0	0	0	1
acting defense chief shanahan vow usa longer tiptoe china	people are more cautious cautious to listen wise gets stressed out to not be intimidated to have the ability to do so relieved to make a difference	0	0	1	0	0
dont care love phone	gets a new phone annoyed to call personx selfish personx gets a new phone to be selfish to not have a phone annoyed to get rid of it	0	0	1	0	0
south carolina republican endorses qanon theyre legit	people are affected by the new law happy to protest smart gets money to be a racist to be a politician happy to make a settlement	0	1	0	0	0
kim petras track revitalizes longstanding controversy	people are more informed annoyed to listen to the new race influential gets yelled at to be a good speaker to be a leader satisfied to be heard	0	1	0	0	0
trump outdoes latest display rank hatred rancid bigotry	gets hurt annoyed to get away with it arrogant gets a promotion to show off to be a leader superior to be successful	1	0	0	0	0
oklahoma flooding sweep home river	people get dirty sad to clean up the mess careless gets dirty to clean up the water to have a lot of water sad to clean the house	0	0	1	0	0
unreal wh reporter april ryan playing victim mike huckabee slam incitement sarah	none none none none none none none none none	0	0	0	0	1
sansa stark tattoo totally spoiled game throne ending	they lose disappointed to get revenge dumb they should have known to be a failure to have seen it happen before disappointed to be a better person	0	0	1	0	0
biggest hurdle infrastructure deal	people lose money happy to get a new job ambitious gets stressed to be a success to have a problem nervous to get a raise	0	0	0	1	0
iran inch closer nuclear weapon	people lose money scared to avoid the situation cautious gets stressed to save our country to have the ability to make a decision nervous  to save us	1	0	0	0	0
harry meghan introduce son royal named archie	gets excited happy to thank personx proud gets excited to be nice to have a son happy to give him gifts	1	0	0	0	0
gavin newsom open num million donor network harris	people are exposed happy to donate to the cause generous gets a lot of donations to help the poor to be in the presence of the donors happy to get money from people	0	0	0	0	1
stranger thing season num charming frustrating here spoiler-free review	gets scolded annoyed to avoid him annoying gets yelled at to be a good listener to have a lot of work annoyed to be a success	1	0	0	0	0
killed federal government num	people lose money sad to make sure they do not get caught again dead gets shot to be dead to be in government sad to get rid of the evidence	0	0	0	1	0
china burning ecological future	people are burned angry to avoid him irresponsible gets burned to be a good person to be in a bad mood sad to get a new start	0	0	0	1	0
day dhs chopping block	they get a new job annoyed to get their job done determined gets yelled at to be a good leader to be a leader satisfied to be successful	0	1	0	0	0
flaw shazam beat captain marvel here	captain sad to be left alone mean gets fired to be a bad person to be a bad person bad to be successful	0	0	0	0	1
hurd disinvited cyber conference pro-life vote	gets nervous angry to get away from personx mean gets fired to be in control to be in the wrong party happy to be successful	0	0	0	0	1
warren sander talking tough corporate control food	they get sick annoyed to get away from personx's company aggressive gets hungry to be in control to have a recipe satisfied to eat healthy	0	1	0	0	0
house way mean committee trump tax return april num	people lose money happy to give orders to the people greedy gets a raise to get a good deal to have a budget satisfied to get the job done	1	0	0	0	0
border patrol brutal militia	people are killed by the militia scared to avoid him violent gets attacked to be violent to be in the wrong place powerful to get rid of all the bad people	0	1	0	0	0
country suffer shrinking working-age population	people are more employable sad to get rid of him poor gets stressed to be a better person to have the resources sad to make a difference	0	0	1	0	0
congress high-stakes budget fight avert economic crisis explained	people are stressed annoyed to get a new job irresponsible gets stressed to be successful to be in charge happy to avoid losses	1	0	0	0	0
labour sweep european election	people vote for personx's candidate happy to protest ambitious gets dirty to be a politician to get a broom happy to win election	1	0	0	0	0
m-o-o-l-a here scripps national spelling bee intense year	none none none none none none none none none	0	0	1	0	0
rep steve king slammed white supremacist remark katrina victim	people get killed angry to get away aggressive gets hit to be a racist to have a gun angry to be right	0	0	1	0	0
head security festival mass shooting happened speaks	people get shot nervous to get a reward responsible gets shot to be helpful to have a gun nervous to be helpful	0	0	0	0	1
num dems defend representative omar trump amid controversy num remark	people are affected angry to protest smart is asked to leave to be correct to be a representative happy to be a winner	0	0	1	0	0
alabama senate vote virtually eliminate tourism alabama	people get killed in the ballot annoyed to vote smart gets a vote to be a good citizen to be a politician good to make sure they are not getting into trouble	1	0	0	0	0
koepka stick british open preparation plan	they are grateful annoyed to listen smart gets into trouble to do well to have a good memory satisfied to be correct	0	0	0	0	1
num dead series brazil prison riot num reportedly showed sign asphyxiation	none none none none none none none none none	0	0	0	0	1
thing lindsey graham reason idea trump obstructed justice absurd	none none none none none none none none none	0	0	0	0	1
mcdonalds worker strike pay union workplace harassment	workers are given a raise happy to make a difference hardworking is more efficient to be a good employee to be a union worker happy to get more workers	1	0	0	0	0
planned parenthood take donation specifically abort black baby	baby is abandoned sad to thank personx irresponsible gets pregnant to be a parent to be pregnant happy to be a success	0	0	0	0	1
full mueller report proof bad deed democrat	people are accused of being racist angry to tell personx to shut up smart is criticized to be correct to be a racist justified to be correct	1	0	0	0	0
chuck grassley trump think tariff good	they are right annoyed to be right naive is wrong to be right to be in a position of power like he is a fool to be right	0	0	0	0	1
leader militia group allegedly talked assassination training obama clinton	people are killed annoyed to get rid of him smart gets shot to be a leader to have a gun nervous to get paid well	0	0	0	1	0
china claim cracked low cost production lithium political implication huge	people lose their jobs annoyed to get a better deal greedy to be honest to be successful to be a politician happy to be successful	0	0	0	0	1
bernie join radical colleague calling abolishment electoral college	they get a new friend annoyed to get a new friend smart gets rejected to be a better leader to get a job happy to make a speech	1	0	0	0	0
china demand release huawei executive banning canadian meat export	people are killed angry to get away from him aggressive gets arrested to have a better meat to have a reason for it satisfied to get rid of the meat	0	0	0	0	1
public transport decline wealthy city	people are poorer happy to buy a plane ticket rich gets robbed to be rich to be wealthy happy to buy a plane	0	0	1	0	0
north korea criticizes bolton dim-sighted remark denuclearization	people are insulted annoyed to argue with person x rude gets yelled at by others to be correct to be in a racist group annoyed to be correct	1	0	0	0	0
moss restaurant iceland cutting edge nordic cuisine	eats food happy to eat daring gets hungry to eat to go to the restaurant satisfied to eat	1	0	0	0	0
underdog reggae girlz make history woman world cup	people get drunk annoyed to get away from personx rude gets ridiculed to be popular to have the knowledge of the culture happy to make people laugh	0	0	1	0	0
batch louisiana medical marijuana cleared release tuesday pharmacy regulator	people are cured grateful to make sure they do not get caught responsible gets arrested to be a good citizen to have the paperwork relieved to make sure the plant does not grow	0	1	0	0	0
lawsuit planned parenthood cowrote california regs forcing religious group pay abortion	get arrested none to be avoided responsible none to be a better alternative to abortion to be a racist happy to be a better person	0	0	0	0	1
livestream leftist democrat begin eat accelerating collapse democratic party	none none none none none none none none none	0	0	0	0	1
schiff threatens subpoena fbi russian election meddling investigation	gets caught angry to get rid of him aggressive gets caught to get rid of a criminal to have a case powerful to get a new job	1	0	0	0	0
beto o'rourke busted angry voter accepting lobbyist money claiming accept	none none none none none none none none none	0	0	0	0	1
employment post slight increase june; engineering employment show increasing strength	they hire them happy to hire them ambitious increases to be successful to be a good worker happy to make a good profit	0	0	1	0	0
day beach bit expensive la county voting fee hike	none none none none none none none none none	1	0	0	0	0
number day num percent er visit end surprise bill report	they get sick happy to thank person x generous is surprised to be a good doctor to have a job happy to make sure they get the money	0	0	0	1	0
cooperstown halladay remembered wife	gets a receipt happy to get back to their lives memorable gets a receipt to be remembered to have a wife happy to be remembered	0	0	1	0	0
oliver north seek num term nra president	people vote for personx disappointed to vote determined gets rejected by the president to stay in power to have a vote happy to resign	0	0	1	0	0
guy republican vote democrat	they get a vote annoyed to vote racist gets demoted to be a racist to have a lot of people vote justified to get a vote	0	0	1	0	0
nymex june oil future end num cent lower num barrel	they get into debt annoyed to get a good deal careless gets dirty to be a good salesman to be in the wrong place at the wrong time happy to get a new job	0	0	1	0	0
canadian ag taped conversation trudeau pressuring interfere legal case	gets yelled at annoyed to get away from personx aggressive gets yelled at to be in charge to have the authority to speak nervous to get her out of the situation	0	0	0	0	1
fluke event alabama senator doug jones lay democrat win num	none none none none none none none none none	0	1	0	0	0
freak-out north korea missile test defies rationality	people are in danger angry to avoid him crazy gets stressed to be a racist to be in a class justified to get out of the situation	0	0	0	0	1
dont num year save climate num month	they get a new job happy to help them out irresponsible gets sick to be a good citizen to have been in the wrong place happy to get a job	1	0	0	0	0
california coast disappearing debate full swing	they get into trouble annoyed to argue smart and the people are angry to be in charge to debate satisfied to be heard	1	0	0	0	0
arrest made death northern ireland journalist lyra mckee	people lose respect for personx angry to get away from the scene criminal gets arrested to be a murderer to be a journalist sad to make a documentary	1	0	0	0	0
activist rid straw emojis	they get stressed annoyed to avoid him determined gets stressed to make a better life to be a politician satisfied to be successful	0	0	0	1	0
socialist chicago city council fight affordable housing immigrant right	people are oppressed annoyed to get a new job racist gets arrested to be a racist to be a politician satisfied to get rid of the racist people	0	1	0	0	0
bill clinton columbine special place heart	gets nervous happy to thank him caring gets thanked to be loved to be a good friend of me happy to be friends	0	0	1	0	0
full coverage manson murder num year	people lose their money sad to be safe old gets arrested to be a hero to be in the wrong place satisfied to get rid of the dead people	1	0	0	0	0
donald trump reveals delusional strategy num	people are gullible enlightened to listen to personx smart gets a promotion to be a leader to be a leader smart to make people believe them	0	1	0	0	0
dem representative scold penny inciting violence venezuela	people are arrested angry to protest aggressive gets arrested to be a good citizen to be a racist justified to make a difference	0	0	0	1	0
doris day legendary singer actress dy num	people are shocked impressed to be entertained famous gets famous to be a star to have a talent proud to make money	0	0	1	0	0
eve russia trip pompeo squelch criticism moscow	people are offended annoyed to get away from him rude gets scolded to be a bad influence to be a communist bad to make people laugh	0	0	0	1	0
simple trick make primary lot annoying	gets hurt annoyed to get away from personx clever gets a lot of money to make money to have a trick happy to be successful	0	1	0	0	0
active-duty marine face alien smuggling charge border	people are killed angry to get away from personx dangerous gets caught to be a good soldier to be a spy nervous to make sure everyone is safe	0	0	1	0	0
pipeline opponent strike back anti-protest law	people are attacked angry to win the case aggressive gets arrested to win to be in charge of people's lives justified to win the election	0	1	0	0	0
donald trump completely deep end rally	people are affected nervous to listen to personx brave gets fired to be a leader to have a reason to go down satisfied to get a drink	0	1	0	0	0
judi dench lead celebrity support mail dementia care	people are grateful grateful to thank personx helpful gets thanked to be a good citizen to be a politician happy to get a raise	0	0	0	1	0
bernie sander blast greed owns swanky vacation home	to be honest rich to get a new job greedy to be a good salesman to have fun to have a lot of money happy to get rid of them	0	0	0	0	1
feeling marginalized california democratic party black woman push clout	people are discriminated against annoyed to get rid of him racist gets rejected to be a racist to have a lot of money sad to get rid of racist women	1	0	0	0	0
burberry close num store worldwide	people lose money happy to buy something else rich gets a receipt to be a good citizen to open the doors satisfied to get the money back	1	0	0	0	0
quentin tarantino ultimate statement movie violence	people are hurt scared to get revenge brave gets arrested to make people angry to be a racist satisfied to make people laugh	1	0	0	0	0
california snowpack num percent average time year	they get a raise happy to see how they do average gets more money than expected to be a good citizen to be a year older than average happy to get a raise	0	0	0	0	1
tory odds long stay	they get a new job happy to stay home cautious gets yelled at to be patient to have the ability to stay home happy to be a good friend	0	0	1	0	0
woman launch homophobic attack gay couple uk	gets killed angry to run away mean gets arrested to be mean to have a gun angry to make amends	0	0	0	1	0
priest arrested massaging woman breast giving rite	gets hurt happy to be saved religious gets a massage to help her to approach woman happy to be a good man	0	0	0	0	1
man dy saturday apparent drowning fairfax county	mourns sad to mourn unlucky buried to die to have been killed in a boating accident nothing to be buried	1	0	0	0	0
discover provence french riviera odyssey unlimited num small group tour debut april num	none none none none none none none none none	0	0	1	0	0
world watching woman suing harvard photo enslaved ancestor history stake	none none none none none none none none none	1	0	0	0	0
prisoner state vote here	people are affected happy to protest the law dominant gets called a racist to make a difference in society to be in charge happy to be a leader	0	1	0	0	0
zambia cut malaria fatality number case	people lose money grateful to thank personx smart gets arrested to be a good citizen to have the right equipment to cut it down relieved to be a hero	0	0	1	0	0
larger actor rarely cast romantic lead james corden	gets cast happy to get to know personx better unromantic gets rejected to be a role model to be in a cast sad to make a movie	1	0	0	0	0
search expands monrovia woman boyfriend allegedly rapped killing	gets hurt sad to get away jealous gets arrested to be a detective to have a relationship with someone guilty to find out why	1	0	0	0	0
firm fined num worst california oil spill num year	loses money sad to pay personx careless gets a receipt to be a bad influence to have a bad oil spill in the car upset to pay for the damage	0	0	0	1	0
bodycams improperly police shooting woman yale	gets shot scared to get away careless gets shot to be safe to buy a gun nervous to be safe	0	0	1	0	0
illegal alien charged murdering american claim mentally disabled	people lose their jobs angry to punish personx stupid gets arrested to be a racist to be in trouble ashamed to get help	1	0	0	0	0
gay dad lost custody kid case matter child	gets abused sad to cry responsible gets yelled at to help the children to have a case sad to be a good dad	1	0	0	0	0
utterly gutted farai chideya endures num failed adoption	they are disappointed sad to get a new job unskilled gets into trouble to be left alone to be a failure sad to get better	0	0	1	0	0
jimmy carter see trump illegitimate president	people are deceived by the lie surprised to win greedy gets nervous to be right to be a politician happy to get a job	0	0	1	0	0
jordan petersons book pulled zealand shelf mosque shooting	people died happy to get a new book religious gets a receipt to learn about the bible to go to the new york times surprised to read	1	0	0	0	0
freezing worker world unite	people get a job happy to help personx powerful gets a raise to be a part of society to have a meeting happy to be successful	0	1	0	0	0
boko haram decade terror explained	people are frightened scared to listen brave gets killed to be feared to be a criminal powerful to be a hero	0	0	1	0	0
young australian talk climate change immigration indigenous affair	people are more informed happy to listen to them intelligent personx is asked questions about the subject to influence people to be a politician happy to be a better citizen	1	0	0	0	0
trump border obsession courting disaster	gets nervous annoyed to avoid personx brave gets caught to be a better person to have been in trouble nervous to be a better man	1	0	0	0	0
booker felt disrespected verbal tussle biden	gets hurt offended to get back at him rude gets avoided to show off to be insulted embarrassed to get away from the situation	0	0	1	0	0
scott warren death face retrial providing humanitarian aid migrant arizona	people are saved grateful to thank personx helpful gets praised to be a good person to have lost the race happy to help others	1	0	0	0	0
num amendment wouldnt work dump trump here	people are affected annoyed to get rid of him careless gets arrested to get rid of the evidence to be a racist sad to get rid of the evidence	0	1	0	0	0
citadel add trader profit stimulus shift	they get a raise cheated to get a good deal smart gets paid to be successful to be in a position of power happy to make more profit	0	0	1	0	0
tariff hit steel aluminum year ago boosted consumer price	they lose money angry to buy more products greedy they get rich to be a better salesman to have a good reason to do so happy to make more profit	1	0	0	0	0
obama trump separating child border obama	people are safer sad to protest racist is looked down upon to make people happy to be a racist good to make people laugh	0	0	0	0	1
perverse paradox mueller report	gets into trouble annoyed to argue with personx dumb gets called dumb to be correct to have read about it sad to make a point	1	0	0	0	0
port allen police chief stolen gun connected oklahoma cold case murder	gets arrested sad to get their money back criminal gets caught to get rid of a criminal to have a gun sad to get a lawyer	0	1	0	0	0
investor face num china banking blind spot	people lose money sad to get out of the situation greedy gets a big tip to be successful to be in a bad mood sad to get a big tip	0	0	1	0	0
cop raid dallas catholic diocese church leader reportedly thwarted investigation child sexual abuse	people are arrested for assault police officers get caught immoral is accused of theft none to be a snitch bad to be arrested	0	0	0	0	1
tiger style roar stereotype mike lews comedy	laughs amused to tell personx to stop silly gets laughed at to be funny to be a comedian happy to laugh	1	0	0	0	0
num mexican journalist murdered num week num num	people are dead sad to get revenge on personx dead gets killed to kill someone to have been shot sad to get a new job	1	0	0	0	0
netflix vow work aclu fight draconian georgia anti-abortion law	none none none none none none none none none	0	1	0	0	0
sat adversity score turn idea meritocracy sham	gets into trouble confused to get a better job naive personx is a fool to make the new sit to have the right information satisfied to make people believe them	1	0	0	0	0
elizabeth warren school mitch mcconnell constitution reading directly mueller report senate floor	none none none none none none none none none	0	1	0	0	0
dye wrangler denim process eliminates water waste	they get dirty happy to thank personx helpful gets dirty to be clean to buy a lot of dye happy to be a good cook	1	0	0	0	0
vox reporter called posting express lie trump num comment	people get nervous angry to find out the truth rude is ignored to be heard to be asked questions guilty to get people's attention	0	0	0	0	1
schaeffer greco-persian war introduction war saved west	people lose their lives happy people powerful people none none happy the world	0	0	0	0	1
jeffrey epstein court today sex trafficking charge	people lose money angry to protest criminal gets caught to get rid of a criminal to be a criminal guilty to get a settlement	0	0	0	1	0
canadian commentator criticize usa team celebrating world cup rout	they win sad to win racist gets a promotion to make them feel better to be in the same league as them happy to win the competition	0	0	0	1	0
medium missing real story trump racism	people get more information happy to listen to personx unintelligent gets called racist to be a good listener to be a racist sad to get a better job	1	0	0	0	0
hawaiian language died radio show sparked revival	people get offended annoyed to listen to the music unintelligent gets a new radio to show his disapproval to be in a radio show sad to get a new radio	0	0	1	0	0
canada regulate social medium company avoid election meddling	people are influenced by personx's views annoyed to protest the policies smart gets a bill to be a good citizen to have a computer happy to be a good leader	1	0	0	0	0
gov ned lamont invite netflix disney abortion-friendly connecticut	gets sick happy to thank personx generous gets a receipt to be a good friend to buy a ticket happy to have fun	0	0	0	0	1
aclu blame inaccurate stereotype opposition male athlete girl sport	they are offended annoyed to avoid personx racist gets called racist to be a racist to be a racist smart to get a better job	1	0	0	0	0
india launch historic mission moon	people are surprised happy to thank personx brave gets a promotion to be successful to have a plan proud to celebrate	0	0	0	0	1
watchdog order energy company reduce price rise	they do their job happy to make sure the company is running smoothly greedy gets more customers to increase his / her profit to have the money happy to make more money	0	0	0	1	0
hundred evacuated wwii-era bomb found germany	people die sad to get rid of him brave gets shot to be safe to have the materials to kill the german soldiers sad to kill people	0	0	0	1	0
poor falling poverty number arent good news	people are poor sad to cry poor gets stressed to be a good person to be poor sad to get a raise	0	0	0	1	0
democratic leadership team push pelosi begin impeachment pelosi push back	people are impeached angry to be heard powerful gets yelled at to stop the administration to be in charge powerful to get rid of the people	0	0	0	0	1
ny time make obituary white male	gets a death threat sad to get revenge on personx mean gets a raise to be a good citizen to be a racist happy to be a success	0	1	0	0	0
hear beyoncs surprise song	they laugh surprised to laugh playful gets a hug to be a good friend to have a new song happy to make a new song	0	0	1	0	0
movie tv show coming netflix hbo amazon prime hulu august	none none none none none none none none none	0	1	0	0	0
unprecedented decline plant animal global red list reveals one-third assessed specie threat	none none none none none none none none none	0	1	0	0	0
trump offer watered support cain fed	gets a new job grateful to thank personx generous gets paid to be generous to be cain happy to be a good leader	0	1	0	0	0
school bully moved online child home	children are bullied scared to get out of the house mean gets yelled at by parents to be a bully to have a reason to be following children happy to get a job	0	0	1	0	0
border patrol chief carla provost member secret facebook group	people get caught by police happy to be a good friend to personx social gets called a snitch to be a part of a group to be a snitch happy to be a leader	0	1	0	0	0
strange fun rock tig notaro	laughs happy to have fun playful gets a sunburn to have fun to be in the wrong place happy to laugh	0	0	0	0	1
praise wild overuse slow motion chef table	cooks happy to thank personx generous gets yelled at to be a good chef to be in restaurant happy to eat	1	0	0	0	0
group court block ex-felon voting law florida	they get a summons angry to win the election powerful gets yelled at by others to be in control to be a judge good to get their vote	0	0	0	1	0
birthday boy jason momoa immune dad bod comment living life	gets scolded annoyed to be safe lucky gets called a fool to be a good son to be born happy to get a job	0	0	1	0	0
planting billion tree isnt stop climate change	people are affected annoyed to get a new plant irresponsible gets a rash to be a success to be a scientist happy to keep it up	1	0	0	0	0
rescue crew follow giggle find missing toddler canada	they are rescued happy to find the missing toddler helpful gets called hero to be helpful to have a boat happy to get the children out	0	0	1	0	0
document week trump mistake reminds world num pact	none none none none none none none none none	0	0	0	1	0
here successful impeachment doesnt necessarily senate conviction	people are more informed disappointed to protest smart is respected to be a good person to be a politician justified to get their point	0	1	0	0	0
woke bank america end business company run illegal immigrant child holding center	people are killed sad to get rid of them greedy gets arrested to be successful to have the money happy to get a new job	0	0	0	0	1
bernie sander plan num murderer num rapist vote prison	to be correct happy to get away smart to be a good leader to kill to be in charge of the revengeful revengeful revengeful revengeful revengeful revengefull revengeful revengefull revengeful revenge happy to be successful	1	0	0	0	0
launching paid work placement initiative culturally diverse graduate	graduates happy to learn new things smart gets paid well to make a change in the world to be an expert happy to make a speech	1	0	0	0	0
surprising effect trump immigration crackdown	people lose money surprised to get rid of personx influential gets a raise to be a better person to be a representative happy to get a new job	0	0	1	0	0
senate hollowing usa diplomatic corp	people lose respect for the representatives annoyed to protest powerful gets into trouble to be in power to be a politician powerful to get a good deal	0	0	0	1	0
trump longtime accounting firm selling house democrat	gets cheated annoyed to win greedy gets fired to make money to get a job like a loser to get a raise	0	1	0	0	0
trump told reporter hope illegal takedown failed	people are interviewed angry to listen brave gets yelled at to be honest to have something relieved to get people's attention	0	0	0	0	1
chinese woman carrying malware arrested trump mar-a-lago	gets arrested sad to get away from personx criminal gets arrested to get away with something to be in jail guilty to get out of jail	0	0	1	0	0
jeffrey epstein engaged improper sexual contact time florida lawyer	gets nervous nervous to file a complaint immoral goes to jail to get away with illegal things to have a reason to do so nervous to get a divorce	0	0	0	1	0
record flooding arkansas mississippi river put crop levee risk	people die scared to get a better deal dangerous gets killed to be safe to have the right tools safe to make sure the land is safe	1	0	0	0	0
nato chief play division ally mark anniversary	loses defeated to win the war strategic gets a medal to win to have a good reputation good to win	0	0	1	0	0
hot weather bad air start week southern california	people get sweaty happy to get to know personx careless gets dirty to stay in the area to have gone swimming happy to go home and relax	1	0	0	0	0
schiff impeachment point prepared recommend	people lose their jobs angry to protest intolerant to be correct to be a better leader to have the authority angry to be a good person	1	0	0	0	0
trump sense whatsoever raising tariff job report	they are right disappointed to get their money naive but none to be successful to be in a position of power sad to be successful	0	1	0	0	0
iran seizes foreign oil tanker crew num state tv	people lose their homes angry to get rid of him greedy gets arrested to be a hero to have a shipment happy to get rid of oil	0	1	0	0	0
dhs whistleblower spoke obama-era immigration jail condemns condition border	none none none none none none none none none	1	0	0	0	0
french tycoon show competitive streak notre dame aid	loses money impressed to win the game competitive gets into trouble to win to be in the race competitive to be competitive	0	0	1	0	0
cnns brian stelter tweet cryptic storm approaching gif eve mueller report lmao reply	none none none none none none none none none	0	0	0	0	1
top emirati diplomat uae committed de-escalation alleged sabotage oil tanker	none none none none none none none none none	0	0	1	0	0
hunrdeds rocket launched gaza israel	people die angry to get away brave gets killed to kill people to have a rocket launch happy to get rid of them	0	0	1	0	0
john paul stevens eviscerated antonin scalia	gets hurt sad to get away from him violent gets killed to be avenged to get a knife sad to be avenged	1	0	0	0	0
put dream number num nba draft pick zion williamson emotional talking mother	none none none none none none none none none	0	0	1	0	0
un war set back yemen development num year	people are affected angry to thank personx dominant gets promoted to be in charge to be in charge good to get a better deal	0	0	0	1	0
schiff evidence iran tanker attack strong	people are attacked by the military angry to avoid the situation smart gets accused to be correct to have the evidence angry to get rid of the evidence	0	0	0	0	1
politico democrat daca amnesty stall amid political fear migrant crime	people are arrested sad to be a good citizen racist is arrested to be a good citizen to be a politician good to make sure they do not get caught again	0	0	0	0	1
sothebys snapped french tycoon drahi num billion	gets money angry to get paid careless gets a new job to be rich to be in a bad mood sad to get rid of them	0	0	0	0	1
africa eye front line nigeria energy crisis	people are affected angry to avoid him aggressive gets stressed to be in control to be in the wrong place angry to be successful	0	0	1	0	0
trump baby blimp take flight president return ireland	people mourn happy to celebrate brave gets shot to be a good leader to get on a plane happy to get a job	0	0	0	0	1
living grid safe hurricane puerto rico	people get killed safe to thank personx safe gets mugged to be safe to be a seafaring man safe to avoid the law	1	0	0	0	0
celebration puerto rico governor rossell resigns	people lose money angry to get their money back lazy gets a new position to be free of disease to have a job sad to get a raise	0	0	1	0	0
trump call smollett case embarrassment country raucous rally	people are offended annoyed to get away mean gets yelled at to make people angry to be in public embarrassed to get a drink	0	0	0	1	0
curl biden shamelessly begged money day long	gets tired of personx annoyed to give personx a raise needy gets scolded to be rich to have money guilty to be a good person	0	0	0	0	1
attack assyrian northern iraq christian minority recommits homeland	people are killed angry to get rid of him racist gets arrested to be a racist to be in a racist group satisfied to be a leader	0	0	0	0	1
usa woman soccer team literal goal	they get a trophy happy to be competitive athletic gets praised to win the game to train happy to win	1	0	0	0	0
mccarthy slam dems passing minimum wage bill	loses money annoyed to pay personx irresponsible gets yelled at to be fair to have a job guilty to get a raise	0	0	0	0	1
num year id migrant kid separated family	get divorced sad to get back together lonely gets stressed out to have a family to be married happy to go to the beach	0	1	0	0	0
nepal everest rule change traffic jam death	people are safer scared to listen brave gets stressed to be right to have been arrested nervous to be safe	0	0	1	0	0
num megaphone gunman shut site creator	people are scared of the noise annoyed to listen dominant is respected by others to be heard to be a leader good to be heard	0	0	1	0	0
load crap brit hume buying bidens late apology anita hill	none none none none none none none none none	0	0	0	0	1
surprise usa sanction saber rattling led iran renewed uranium enrichment	none none none none none none none none none	1	0	0	0	0
photo week snowy ladybug shattered lance mexican smog	people are hurt annoyed to go home careless gets dirty to be a bad person to have been in the wrong city happy to get a drink	1	0	0	0	0
defense bill take aim china growing influence	people lose money angry to protest determined gets arrested to be in charge to be a politician powerful to win the war	0	0	0	0	1
benjamin netanyahu plan honor trump putting awful	people are hurt sad to thank him mean is criticized to show his wealth to be in the wrong place guilty to be successful	0	1	0	0	0
republican impeachment demolished party embarrassing defense trump	people are in pain angry to protest racist is yelled at to be right to be in office happy to be a leader	0	1	0	0	0
party organiser describe weirdest way people smuggle drug	people get arrested for drugs disgusted to get away with it weird gets arrested to be a drug dealer to have a lot of money satisfied to get people to do something else	1	0	0	0	0
mad hillary tweet nagging hasbro remove trump word scrabble app backfire bigly	none none none none none none none none none	0	0	0	0	1
disaster aid stall house republican object	people are affected upset to protest unintelligent gets fired to be a good citizen to be a politician sad to win the election	1	0	0	0	0
fiat chrysler proposes num merger renault	they get a new job happy to get their money greedy gets a big tip to be in control to get the paperwork excited to get a new car	0	0	1	0	0
christchurch shooter told police bomb moment arrest	people are shocked surprised to call the police scared gets arrested to inform to be in the wrong place at the wrong time nervous to get away	0	0	0	1	0
north carolina governor fire proposing freezing school voucher program	people are affected by the cold weather angry to protest brave gets burned to be a good citizen to have a reason nervous to get the job done	1	0	0	0	0
giving birth wake storm	people die scared to cry brave gets killed to be a hero to be a tornado scared  to get out of the storm	1	0	0	0	0
expert accuse china murdering people taking organ	people are dead angry to get away with it mean gets accused to be right to have a reason satisfied to make a report	1	0	0	0	0
lauren sanchez patrick whitesell file divorce bezos split finalizeds	none none none none none none none none none	0	0	0	0	1
california dems resolution link israel tree life synagogue massacre report	people are killed grateful to protest wise is asked to help to be a good person to be a minister good to make a report	0	0	0	0	1
trump lash central america mexico border	people get shot scared to get away brave gets arrested to get away from the border to buy plane tickets happy to get a passport	0	0	0	1	0
time cover picturing buttigieg family display heterosexuality woman	none none none none none none none none none	0	0	0	0	1
dear pepper trouble friend	gets hurt annoyed to get away from personx annoying gets scolded by the girls to have fun to have a problem sad to apologize	1	0	0	0	0
fleabag poignant insight sisterhood	gets into argument enlightened to listen wise gets asked questions to be a good listener to be a seeker enlightened to be a better person	1	0	0	0	0
world happiest people beautifully simple tackle loneliness	they are surprised happy to be left alone humble is praised to be happy to have a lot of time to spare happy to be happy	0	0	1	0	0
william barr threw wolf trump	gets into trouble angry to win brave gets caught to be the worst to be a coward powerful to be a hero	0	1	0	0	0
veteran journalist writes horrifying account trump raping num year ago	gets fired angry to tell their friends smart gets called a rapist to be a writer to write about the incident satisfied to publish the story	0	1	0	0	0
horsest democratic candidate responds disqualified dnc debate	people vote for person x angry to win the debate smart gets yelled at to win the election to debate happy to win	0	0	0	0	1
republican cynical strategy win jewish vote	they get into a fight sad to vote for the same candidate smart gets called racist to be a winner to have a strategy happy to get a better job	1	0	0	0	0
lawmaker skipping time cancer recovery block anti-abortion bill wouldnt live	none none none none none none none none none	0	1	0	0	0
police protester clash hong kong anniversary	people get killed by police angry to protest aggressive gets arrested to be a bad influence to be in the wrong place angry to get rid of the chinese	1	0	0	0	0
photograph inside fire-ravaged notre dame reveal heartbreak hope	people cry sad to cry brave to be honest to make them feel bad to be in a bad mood sad to be a hero	0	1	0	0	0
stunning seven-bed cornish manor house overlooking st michael mount market num	none none none none none none none none none	0	0	0	1	0
man num dy falling stair vicious attack pub	gets arrested sad to cry dead gets injured to get away to be in the wrong place sad to get up	0	0	0	1	0
blame iran tanker attack gulf oman oil price rise	people lose money angry to avoid the situation greedy gets stressed to be angry to have been asked for help angry to make sure the oil is good	0	0	0	0	1
live remember agns vardas	they get to see what they do happy to get away from him aware gets a good deal to be aware to have a good memory happy to be happy	1	0	0	0	0
trump ally assail mueller report defend conclusion	they get into trouble angry to argue smart gets attacked to win the war to have a reason to do so satisfied to make a report	0	0	1	0	0
lori loughlin daughter criminal investigation admission scandal	gets arrested angry to cry criminal gets caught to be a bad influence to be a cop guilty to get away with it	0	1	0	0	0
casualty palm oil industry orangutan mother shot num time	loses respect for personx sad to get medical help unlucky gets a black eye to be a success to be a doctor sad to get medical help	0	0	1	0	0
suspected poacher killed elephant remains eaten lion south africa	people are killed sad to get rid of him aggressive gets poisoned to be a vegetarian to be a vegetarian sad to be a vegetarian	0	1	0	0	0
revulsion northern ireland riot fatal shooting	people died scared to get out of the country dangerous gets shot to be a hero to be a policeman scared to get out of it	0	0	0	1	0
joy behar blame trump deadly synagogue attack culprit	people are dead angry to get away ignorant gets caught to be right to have been betrayed by someone justified to be correct	0	0	0	0	1
trump push bailout patriot farmer hurt trade war	people lose their crops sad to protest aggressive gets arrested to be a good person to have a reason justified to be a leader	0	0	0	1	0
laura ingraham think mass shooter-praising anti-semite censored	none none none none none none none none	1	0	0	0	0
ocasio-cortez double va problem myth	people are confused annoyed to get away from personx smart gets in trouble to be a liar to have knowledge good to get away with it	0	0	0	0	1
bad law corrupting obstruction debate	people are influenced annoyed to listen intelligent gets caught to make people believe something is right to be a politician satisfied to win	0	0	0	1	0
kellyanne conway slam obama hillary confusion victim	it was bad shocked to get away from personx smart is asked questions to make people angry to be a racist satisfied to make sure everyone is ok	0	1	0	0	0
blue state warned salt apocalypse happened	people get sick annoyed to ignore the warning smart is ignored to be correct to have been asked to explain it worried to be right	0	1	0	0	0
ari fleischer lied people died	cries sad to cry deceitful gets arrested to be mean to lie to people guilty to hide	0	0	0	0	1
hacked border surveillance firm lobbied downplay security privacy concern technology	none none none none none none none none none	0	1	0	0	0
germany neo-nazi terrorism epidemic	people get killed nervous to get away dangerous gets arrested to be a racist to have been exposed to the german military nervous to get away with it	0	0	0	1	0
trump suggests kerry meeting iran big violation logan act	people are affected by the information annoyed to listen to the information smart gets yelled at to get people in the know to be a leader satisfied to get a response	0	0	0	0	1
booker biden dealing trump racism political currency	people are victimized by personx's behavior angry to win unintelligent gets caught to win the game to have a bad reputation sad to win	0	0	0	0	1
tlaib tweet happy passover picture loaf bread	people are surprised happy to eat the bread greedy gets dirty to eat to buy bread happy to eat	0	0	0	0	1
bengal waive troubled running back walton	loses money angry to win aggressive gets sweaty to be in control to be in a race happy to win	0	0	0	0	1
gop lawmaker introduce bill supreme court justice num	people get arrested happy to be represented powerful 000 people to be a good citizen to be a judge happy to make a speech	1	0	0	0	0
child dy usa government custody december	cries sad to cry dead gets buried to die to be a child sad to be buried	0	0	1	0	0
war iran wouldnt iraq worse	they are safer sad to avoid the iraq dumb they would have to be in a different country to not be like iraq to be in iraq sad to get out	0	1	0	0	0
intellectual assault national identity	people are hurt hurt to be safe rude gets punched to be a bully to be a racist satisfied to be acknowledged	0	0	0	0	1
trump fcc vote end local government ability regulate charge cable broadband industry	people are affected by disease bad to be successful powerful etc to be a government person to be a government person good other things	0	0	0	0	1
massive migrant mob walk border wall	people are robbed by personx annoyed to get to the border criminal gets arrested to be in the open to be a criminal happy to get a job	0	0	0	0	1
year decrying mccarthyism lindsey graham accuses member congress communist	gets in trouble angry to get away from personx racist gets called a racist to be heard to be in congress justified to be heard	1	0	0	0	0
rule polluter appeal judgment	people lose money annoyed to protest the ruling dominant is not trusted to be right to be a politician justified to win the case	0	1	0	0	0
sudanese activist army finalize power-sharing deal	people are affected by the new information angry to win the case powerful gets a new job to gain power to be a politician happy to make sure the information is accurate	0	0	0	1	0
youngest child separated family trump administration	family is sad sad to find the son sad is missed to be a child to be born sad to be alone	0	0	1	0	0
kennedy granddaughter found dead family hyannis port compound apparent drug overdose	gets arrested sad to find out who killed personx guilty gets arrested to get away with it to be at the port sad to get away with it	0	1	0	0	0
bitcoin bull wait num year cryptocurrency return all-time high	none none none none none none none none none	0	0	1	0	0
num gang member convicted atlanta brutal murder	get arrested sad to win criminal gets arrested to be mean to get caught sad to be a criminal	0	0	0	1	0
melbourne driver slammed concrete barrier break silence road rage incident	gets injured angry to get out of the car reckless gets arrested to be heard to be driving upset to get out of the car	0	0	0	1	0
federal judge block arkansas kentucky medicaid work requirement	people are treated fairly grateful to get a better deal smart gets paid to be a good judge to have a reason to do so justified to make sure they are safe	1	0	0	0	0
easter read dorothy parker viciously roasting el hacky easter joke	people are offended annoyed to laugh mean gets yelled at to entertain to have a lot of people to tell sad to be a good listener	0	1	0	0	0
head program profiling muslim chicago step amid pressure	people are killed in the street by the racist scared to thank personx racist gets arrested to be safe to be a racist satisfied to make sure the information is accurate	0	1	0	0	0
secretary state pompeo american killed easter sunday	people mourn sad to protest religious is criticized to be in control to be a minister sad to get rid of all the evidence	0	0	0	1	0
citizenship question num census trump back	people are killed annoyed to protest the law racist gets arrested to be a good citizen to have the right documents happy to be a good citizen	0	0	0	1	0
viral video pope francis rejecting kiss faithful raise question	gets kissed confused to get away from him religious gets scolded to be a good person to have a video happy to be a better person	0	0	0	0	1
num killed baton rouge duplex fire id'd death accidental coroner	people are killed sad death careless the death penalty is death penalty to kill someone to have a gun sad to be correct	0	1	0	0	0
uncensored right-wing facebook clone racism nudity	people get into a fight annoyed to be protected smart is criticized to keep people safe to have a ps4 happy to keep it a secret	1	0	0	0	0
mueller made num referral potential crime office	people are more informed annoyed to listen to personx smart gets a raise to be a good example to have a job satisfied to make a settlement	1	0	0	0	0
mel blind eye blast fake report health scare	none none none none none none none none none	0	0	0	0	1
surreal pyongyang marathon spotlight tension ease	people get nervous happy to thank personx brave gets tired to be seen as a winner to be in a competition satisfied to relax	0	0	0	0	1
federal reserve lower interest rate time num recession	people lose their jobs happy to get more money responsible loses money to be a better employee to be in charge of revengeful revengeful revengeings happy to increase interest rates	0	0	0	0	1
puerto ricans resisting policing solution crisis	people lose money grateful to thank personx dominant gets arrested to be a solution to have a problem justified to be a hero	0	1	0	0	0
sneaky politics natural law	people are influenced by personx annoyed to get their money back smart gets caught to be a good citizen to have a political agenda happy to be successful	1	0	0	0	0
california parent life prison starving shackling child	they are taken care of sad to get out of jail criminal gets arrested to punish children to be a criminal guilty to get out	1	0	0	0	0
trump lauds military independence day celebration	people are offended annoyed to protest arrogant gets arrested to be a hero to be patriotic proud to be a leader	0	0	1	0	0
stunning claim trump suggests mcgahn lied oath	people are fooled cheated to ask questions deceitful gets caught to be successful to have been cheated satisfied to be a winner	1	0	0	0	0
fight trump tax return started	people lose money angry to protest determined gets arrested to be successful to be a lawyer justified to be successful	1	0	0	0	0
mueller report coming big caveat	gets a good grade happy to listen determined gets a good grade to be successful to be a manager happy to make a good report	1	0	0	0	0
weird world vegan youtube star imploding	people eat meat sad to get a better deal obsessed gets ridiculed to be like the other person to be watching a horror movie sad to get a better deal	0	1	0	0	0
num grilling mistake screw memorial day cookout	people are upset upset to get revenge careless gets scolded to be a bad example to be a bad person bad to apologize	0	0	0	0	1
photo dirt death darkness australian outback	people mourn for the dead sad to get away adventurous gets dirty to be a naturalistic person to be a naturalistic person happy to go home	1	0	0	0	0
theyre sit mueller sends dire warning russian interference usa election	none none none none none none none none none	0	1	0	0	0
feinstein introduce bill raising age purchase assault weapon california shooting	people lose money happy to get rid of him brave gets arrested to be a good citizen to have the authority happy to get rid of the weapons	0	0	0	1	0
sundance film festival co-founder year life sex abuse case	people get sick of personx sad to be successful young gets a lot of money to be a success to get pregnant happy to get a new job	0	0	0	0	1
study fentanyl death num percent west virginia	people mourn sad to get away with murder unlucky gets killed to be safe to have been poisoned sad to get away from the situation	0	0	0	0	1
political chaos israel deal blow jared kushner peace plan	people get killed angry to get rid of him aggressive gets killed to be in control to have the right information happy to make a change	1	0	0	0	0
netanyahu win leaf palestinian fearing peace plan	people pray for personx scared to avoid him brave gets stressed to be safe to be in a meeting with people happy to be safe	0	0	1	0	0
declining interest history present risk democracy	people are more careful annoyed to protest conservative gets criticized to be conservative to have a lot of money happy to be successful	0	0	1	0	0
trump issue executive order requiring govt agency provide record number citizen non-citizens country	none none none none none none none none none	0	0	0	0	1
mexico city asks donation migrant dropped	people get sick happy to help them poor gets money to be a good host to be homeless sad to get more money	0	0	1	0	0
nasdaq end num percent higher num marking record close num	none none none none none none none none none	0	0	1	0	0
peaceful conservative attacked leftist liberal question	people are hurt by the violence angry to get away from the situation racist gets attacked to be heard to be a racist satisfied to get away	0	0	0	0	1
growing obsession linking iran terrorism	people lose their lives annoyed to get rid of him greedy gets stressed to get rid of the corrupt people to have an interest in the subject nervous to make a deal	1	0	0	0	0
case missed bubble baby celebrity horse	they get yelled at happy to be happy lucky gets yelled at to be a good mother to have a baby happy to have a party	0	0	1	0	0
meme ultimate game throne battle prove hilarious comedy	people are entertained happy to be entertained entertaining happy to be a good person to be a winner happy happy	0	0	1	0	0
buttigieg attracting praise unexpected audience conservative	people are more informed happy to thank personx influential gets praised to be a success to be a representative happy to be a good example	0	0	1	0	0
american airline extends num max cancellation august	people lose their jobs happy to get a good deal responsible gets paid to be a success to have the money happy to get a new product	0	0	1	0	0
nuclear lobbying power nj utility customer pay num subsidy	people are poorer happy to get their money back greedy to be honest to be a success to be a manager happy to get a raise	0	0	1	0	0
dutch police arrest suspected gunman utrecht shooting left num dead	police are arrested sad to get away violent gets arrested to kill someone to have gun in hand sad to get rid of the evidence	0	0	0	0	1
samantha bee brutally mock bidens apology	gets hurt angry to cry mean gets yelled at to be right to have been wronged guilty to be forgiven	0	1	0	0	0
democracy dollar gillibrand plan give voter num donate campaign	people lose money happy to be a success or success generous to be a success to help people to have a plan happy to help others	0	0	1	0	0
radical root free speech	people listen annoyed to listen to person x unintelligent gets into argument to be free to have a good attitude satisfied to make people listen	0	1	0	0	0
shell challenge viral hoax fooling local news thinking teen eating plastic fun	people get sick annoyed to get away with it silly is right to be funny to be in the presence of people happy to get away from the situation	0	1	0	0	0
thousand evacuated forest fire bear music festival	people are injured happy to get rid of the smoke brave gets burned to be a good host to get supplies happy to make a speech	1	0	0	0	0
founder india biggest coffee chain missing	people are missing their coffee chain angry to find out where they are famous gets a new job to be a leader to have a lot of stuff nervous to make money	1	0	0	0	0
mep alessandra mussolini speaks twitter feud jim carrey	gets hurt annoyed to get away from the situation rude gets yelled at to be mean to be a snitch satisfied to make people mad	0	0	0	0	1
florida lawmaker approve rolling back voting right people felony conviction	people vote happy to protest the laws fair gets arrested to be fair and just to be a racist happy to enforce the laws	1	0	0	0	0
multiple fatality reported el paso shooting suspect custody	police have a suspect scared to get a lawyer criminal is questioned to be safe to be in a shooting accident sad to be a hero	0	0	1	0	0
cymabay therapeutic stock price target cut num num riley fbr	none none none none none none none none	0	0	1	0	0
technology breakthrough blackpearlchain reinventing public blockchain	people lose money happy to get a new company smart is criticized to be successful to have a company happy to make sure everyone understands the law	0	0	1	0	0
take illegal dangerous action regime change venezuela	people are arrested angry to get rid of him brave gets arrested to be a better citizen to be in charge happy to make a profit	0	1	0	0	0
spoiler shes clueless aocs attempt push universal health care rekt conservative woman num tweet	none none none none none none none none none	0	0	0	0	1
donald trump two-front trade war turn worse	loses money sad to win weak gets hurt to be successful to be in a bad situation sad to get a new job	1	0	0	0	0
britain set record num day coal power renewables surge	people lose money angry to get rid of him determined gets fired to keep the company afloat to have the ability to do so happy to be successful	1	0	0	0	0
fed va employee vet ailing kid scam million	gets scammed annoyed to get paid manipulative gets fired to get money to be in a position to do so satisfied to make money	0	1	0	0	0
democratic candidate point finger trump shooting mulvaney fair	people are insulted angry to protest racist gets accused to be racist to be a racist justified to be heard	0	1	0	0	0
dow industrials num point num percent num	they lose happy to congratulate them competitive gets a raise to be the best to be in a competition happy to win	0	0	1	0	0
market plunge trump escalates china trade war	people lose money angry to win the war aggressive gets rich to win to have the money powerful to win the war	0	0	0	1	0
judge shot disturbance indianapolis white castle	people are injured angry to get out of the situation observant gets arrested to be a judge to be in the wrong place at the wrong time happy to get the job done right	0	0	1	0	0
ambassador health update journalist attacked antifa demand justice department investigate	people lose money or power angry to get a new job authoritative personx is arrested to be a good citizen to have a reason for the attack satisfied to make sure they are ok	0	0	0	0	1
japan battle china influence zimbabwe	people are affected by the violence of japan dominated to win the war aggressive gets arrested to gain influence to have a strategy powerful to win	0	0	0	0	1
trump label mueller probe attempted coup	gets into trouble annoyed to win clever gets yelled at to be in control to be a politician satisfied to get a good deal	0	0	0	1	0
coolest sickest hottest shoe	gets yelled at disgusted to get rid of him ugly gets scolded by parents to be the best to go to a concert embarrassed to get a new pair	1	0	0	0	0
glenn greenwald chelsea manning refusal testify wikileaks save press freedom	none none none none none none none none none	1	0	0	0	0
opening weekend prof black community jordan peele back	people get a better job grateful to thank person x helpful gets thanked to be a good example to have the ability happy to be a leader	1	0	0	0	0
num swept sea group brother dove	none none none none none none none none none	1	0	0	0	0
donald trump join shannon airport hall fame	people see personx in a new light happy to get paid rich gets a new job to get rich to get tickets excited to get a job	0	0	1	0	0
trump seek usa trade accord brazil	they make a decision happy to buy the product determined gets rejected to make money to have a reason to agree happy to make money	0	0	0	0	1
eu hit qualcomm num fine pricing	gets arrested angry to win the war careless gets a bad grade to get a good grade to be in a bad mood satisfied to get a new car	0	0	1	0	0
iran seizes multiple oil tanker persian gulf	people lose their crops angry to get rid of him greedy gets arrested to make a living to buy oil happy to make money	0	0	0	0	1
trump threat led carrier deployment	people lose their homes scared to avoid death aggressive gets yelled at to be a threat to have a weapon justified to get rid of the threats	0	0	1	0	0
finding repository san onofre plant nuclear waste difficult task	they get a refund grateful to get rid of it unskilled difficult to understand to find to have the right equipment satisfied to be successful	1	0	0	0	0
deadline pass publication gender pay figure	gets money happy to write a magazine smart gets a promotion to be successful to have a magazine happy to get a good deal	1	0	0	0	0
trouble start facebooks currency succeeds	loses money happy to get a good deal smart gets a new job to be rich to be in a situation where they need to buy something sad to be successful	1	0	0	0	0
cop village convicted num crime here	none none none none none none none none none	0	0	1	0	0
house oversight committee threatens salary interior staff block interview	people lose clients angry to protest powerful gets yelled at to be in control to be a manager powerful to get a new job	0	0	1	0	0
treasury secretary steve mnuchin hold ground smack democrat lawmaker gunning trump tax return	none none none none none none none none none	0	0	0	0	1
neutron star merge form extremely powerful magnetic field	people lose their homes controlled to observe personx powerful gets into trouble to be powerful to be a magnetic field powerful to be successful	0	0	0	0	1
num apocalyptic lie fed american republican tax bill	people are affected by the loss of their money annoyed to protest racist gets accused of racist racist things to be racist to have a bad attitude guilty to get rid of the racist	0	0	0	0	1
uk brave ire tax tech company	they get a raise annoyed to get paid well smart gets a raise to be a good leader to have a budget powerful to get paid	0	0	1	0	0
mario lopez attacked parent child choose gender	they get into trouble annoyed to get away from the parent dominant is yelled at to be a parent to be a parent happy to be a good parent	0	0	0	0	1
york lawmaker advance bill provide congress trump tax return	people are poorer grateful to pay the bill powerful gets a receipt to be a good representative to have a bill happy to be fair	0	1	0	0	0
num semiautomatic rifle shatters gilroy beloved garlic festival killing num including num child	none none none none none none none none none	1	0	0	0	0
sperm donor child legal father australia high court rule	gets sued sad to get a lawyer responsible gets arrested to be a parent to be a fetus sad to get a divorce	0	0	0	0	1
racist voter suppression made alabama abortion ban	people are saved happy to protest racist gets accused of racism to be a better person to have the right opinions happy to be a better person	0	1	0	0	0
michael cohen claim federal prosecutor evidence trump-related crime	gets sued angry to file a motion smart gets called a snitch to prove his innocence to have a case guilty to get a lawyer	0	0	0	0	1
teflon toxin safety level num time lower current epa guideline	people are safe cautious to avoid him cautious is more careful to be safe to be a doctor good to be successful	0	1	0	0	0
gop lawmaker quietly turning death penalty	people are dead sad to win cautious gets arrested to be a good person to have killed someone sad to get away with it	1	0	0	0	0
moment paedophile footballer adam johnson twisted ankle stumbled bar	none none none none none none none none none	0	0	0	1	0
russiagate rudy giuliani predicts criminal evidence fbi doj official month	none none none none none none none none none	1	0	0	0	0
john mccain aide paper naming christopher steele dossier author	they are questioned by the police annoyed to get their paper published smart gets caught to keep the secret to be a journalist nervous to get paid	0	0	0	0	1
num people shot num fatally graduation party philadelphia	people mourn sad to celebrate dead gets arrested to kill people to get a gun sad to celebrate	0	0	1	0	0
canada responds philippine war threat offer back garbage	people lose money angry to thank personx cautious gets attacked to be a good person to have a job relieved to make a deal	0	0	0	0	1
disgraceful sadiq khan city hall permission massive baby trump blimp fly city trump visit num anniversary d-day	none none none none none none none none none	0	0	0	0	1
history woman fight wear pant	they get hurt annoyed to thank personx smart gets arrested to look good to be in a fight good to be a good citizen	0	0	1	0	0
ex-ministers son num face retrial death three-year-old alfie lamb	none none none none none none none none none	0	0	0	1	0
thousand march romanian capital pride parade	people get killed impressed to enjoy the parade brave gets arrested to show his wealth to go to the parade proud to get out of the country	0	0	0	0	1
forty-five rattlesnake found texas house	they get a new car scared to have a party lucky gets dirty to have fun at the party to be at a bar happy to get out	0	0	1	0	0
malaysia finalize deal china-backed railway project early april	they get a deal happy to thank personx for the deal smart gets a deal on the project to get the money to have the money happy to make a deal	0	0	0	0	1
international relief organization accuses trump administration hypocrisy	people are more informed angry to get away from him wise gets accused to make people understand to be a leader relieved to make sure the situation is under control	0	0	1	0	0
mom suffers severe foot burn stepping sand cold disposable barbecue	gets burned sad to help them careless gets burned to get treatment to go to the beach hurt to get treatment	0	0	0	0	1
trump step war whistleblower air force vet daniel hale arrested leaking drone war info	none none none none none none none none none	1	0	0	0	0
uk highest risk recession num	people are affected by the increase in prices happy to get a better deal irresponsible gets stressed to be safe to have been warned sad to get a better job	0	0	1	0	0
bomb-carrying drone yemen rebel target saudi airport	people die angry to thank personx brave gets shot to be successful to have a plane happy to get away	0	0	0	1	0
man body found wheelie bin waitrose store north london	gets robbed sad to find out what happened lost is found to be found to have lost their wallet sad to get a job	0	0	0	1	0
msnbc deutsch democrat war trump	people get into trouble angry to get their way racist gets into trouble to be a racist to have a reason justified to win	0	0	0	1	0
photo show bad india water crisis	people are affected sad to avoid the situation careless gets criticized to make things worse to have the right information to explain sad to make sure everyone is safe	1	0	0	0	0
chinese woman arrested trump mar-a-lago resort remain custody	gets caught by police sad to be free criminal is convicted of criminal act to be safe to have a court order guilty to be free	0	0	0	0	1
profile chickenshit gop trump spit john mccain american greatness	none none none none none none none none none	0	1	0	0	0
kidding john dean helpfully point fact priority house judiciary dems hearing	none none none none none none none none none	0	0	0	0	1
supreme court affirms exception double jeopardy case implication trump associate	loses the case bad to win fair gets called a racist to be fair to be a lawyer justified to make the case	0	0	1	0	0
kit haringtons brother jon snow joke man speech	gets a bad name happy to laugh funny gets a big mouth to impress others to be a good listener happy to be a success	0	0	1	0	0
ben carson admits black american struggling trump economy	people are more educated annoyed to get a job poor gets stressed to be right to be a businessman sad to get a raise	1	0	0	0	0
dayton police officer run fire shooter	people are hurt scared to call for help brave gets injured to save lives to get in the car scared to save the people	0	0	0	0	1
missouri river flood hit historic native american homeland	people get wet surprised to get out of the river brave gets arrested to be a tourist to go to the river surprised to be safe	1	0	0	0	0
shane rimmer voice thunderbird scott tracy dy aged num	people are surprised annoyed to listen to personx annoying gets scolded to be heard to have been born sad to get a new job	1	0	0	0	0
amazon destroyed retail scrutinized treasury chief mnuchin	gets fired annoyed to file a complaint greedy gets fired to be in charge to have a bad reputation angry to make sure they do not lose money	1	0	0	0	0
chart day q1 growth pretty anemic	they get complimented happy to compliment personx healthy gets complimented to look pretty to have good health happy to get better	0	1	0	0	0
fox news chyron call el salvador guatemala honduras mexican country	people get hurt people to get a new job a representative of the government to get money none to get a ticket happy to get a good deal	1	0	0	0	0
orourke blasted endorsing texas democratic candidate	they get fired happy to get their money racist gets yelled at to vote for a different candidate to be a racist happy to protest	0	0	0	0	1
kickstarter politics wanted change political fundraising worked dead	people are influenced by the new policy happy to vote political gets a raise to change to have a good reason to change good to change the way the people think	1	0	0	0	0
climate change requires big solution baby step	baby is better grateful to thank personx smart is given a raise to be a good person to have a plan happy to be successful	0	0	0	1	0
tv network refusing sell ad anti-abortion movie unplanned	people are being affected by ads annoyed to protest stubborn gets rejected to be a better person to have a product sad to get rid of ads	0	0	0	0	1
morocco claim success slowing migrant voyage europe	they get a good deal impressed to get a better deal rich gets a raise to be rich to be a pilot happy to get rich	0	0	0	1	0
paul mpagi sepuya mine queer history portrait studio	people get into trouble annoyed to get paid smart gets paid to make people believe they are a bad person to have the knowledge of the subject satisfied to make a documentary	1	0	0	0	0
cooking dancing hoping day life smorgasburg food stall	they eat happy to enjoy the night adventurous gets a lot of money to be entertained to go to the restaurant happy to eat	0	0	1	0	0
student reunited mother num year	mother is hugged happy to talk loyal gets called a fraud to be reunited to be in contact with mother happy to go home	0	0	1	0	0
bill maher filmmaker john water brutally troll trump epic smack-down hbos real time	none none none none none none none none none	0	1	0	0	0
easy way stamp festival carbon footprint	people get a bad name annoyed to get rid of him mean gets a new hobby to be a leader to be a bad influence satisfied to get a better job	1	0	0	0	0
simona stuns serena wimbledon game set match halep	none none none none none none none none none	1	0	0	0	0
fox news isnt buying trump obstruction lie mueller report	gets a good grade happy to ask personx questions smart gets accused of lying to be honest to have a good reason satisfied to be correct	0	1	0	0	0
stephen king time susan collins	they go home happy to leave ready gets up to go home to have a job happy to leave the place	0	0	0	0	1
amazon offered job pentagon involved num billion contract sought	gets hired by x grateful to get paid powerful gets fired to be a good friend to be a manager happy to get a new job	0	1	0	0	0
left dump apollo num white male enterprise	people are killed angry to go home careless gets into trouble to be left alone to be in a car happy to get a new job	0	0	0	0	1
gop release video highlighting collusion newspaper headline	people are informed angry to read the new video unintelligent gets fired to be a bad influence to have the information happy to be a good citizen	0	0	0	0	1
donald trump unprecedented assault power congress	people lose power angry to protest powerful gets attacked to be a hero to have power powerful to be a hero	1	0	0	0	0
beto orourke addressing wealth make family gathering awkward	none none none none none none none none none	0	0	0	0	1
slay communication student high school teacher made gen dictionary	students get stressed annoyed to get out of the class mean gets yelled at to be understood to have a class satisfied to teach the students	1	0	0	0	0
acting attorney general sally yates trump personally prosecuted obstruction case evidence	none none none none none none none none none	0	1	0	0	0
security firm spike iranian cyberattacks	people lose money angry to avoid him aggressive gets attacked to be safe to be in iraq scared to get out	0	0	1	0	0
tea party charity sends care package troop california misspent fund	people are hurt grateful to get their money generous gets a receipt to be helpful to have a donation happy to get rid of the bad products	1	0	0	0	0
turkish opposition leader safe attack soldier funeral	people lose respect sad to thank personx brave gets arrested to be safe to be a rebel leader happy to be safe	0	0	0	0	1
team american hacker emirati spy discussed attacking intercept	they are attacked angry to get away smart is criticized for his actions to be a good leader to have the knowledge accomplished to get the job done	0	1	0	0	0
killing eve season num macabre audacious	people get sick annoyed to get away mean gets into fights to be mean to have a reason satisfied to be successful	1	0	0	0	0
research find hpv vaccine exceeding expectation drastically cutting rate cervical pre-cancer	none none none none none none none none none	0	1	0	0	0
houston drag queen storytime shuts participant outed child sex offender	people are shocked embarrassed to cry mean gets yelled at to be a good listener to be a child sad to be a good storyteller	0	0	0	0	1
trump confident mexico enforce immigration deal	people are more informed happy to thank personx confident gets a raise to be successful to be a businessman confident to make a settlement	0	0	0	0	1
eu chief sell top job nominee hostile lawmaker	they get a raise angry to get their job back aggressive gets fired to be a good leader to have the right information happy to get a raise	0	0	0	1	0
darwin finch danger parasite changing mating song	gets bitten happy to avoid him dominant gets bitten to be more careful to be in danger happy to get away	1	0	0	0	0
mitch mcconnell migrant child border receive humane treatment	they get sick grateful to get a new job responsible gets a raise to be a good citizen to be a cop satisfied to make sure they do not get into trouble	0	0	0	0	1
french special force rescue hostage deadly burkina faso raid	people are killed scared to surrender brave gets shot down to save lives to have the resources to save people happy to save the people	1	0	0	0	0
scientist restore function brain dead pig	gets sick grateful to thank personx intelligent gets praised to be a scientist to have a brain function happy to make people more aware	0	0	1	0	0
holocaust trend twitter ocasio-cortez liz cheney remark concentration camp	people are watched annoyed to be correct smart is asked to stop none to have been in the wrong place at the wrong time happy to be correct in their views	0	0	0	1	0
epa move phase animal experiment end toxics regulation	they are asked to stop annoyed to help personx intelligent personx is criticized to be successful to be in charge of animals nervous to be a success	0	1	0	0	0
massive hong kong protest demand withdrawal extradition bill leader resignation	people lose money angry to protest aggressive gets a new job to be in charge to be a manager sad to get a new job	1	0	0	0	0
budget deficit total num billion num pace top num trillion	none none none none none none none none none	0	0	0	1	0
georgia republican governor suffering consequence reckless abortion action	people lose their homes sad to protest irresponsible gets arrested to be in control of his own life to have been arrested ashamed to be a good citizen	0	0	0	0	1
police footage interrogation led ricky joyners murder charge	gets arrested scared to get their money back criminal gets arrested to be a cop to have a gun satisfied to make a statement	0	0	1	0	0
progressive muslim woman make history virginia state senate primary race	people are influenced by the progressive angry to get a new president racist gets a raise to be a senator to be in the right state happy to be a senator	1	0	0	0	0
youre motherfcking soccer star megan rapino urge fan rabble-rousing speech live tv	none none none none none none none none none	0	1	0	0	0
la county health official warn measles exposure westside shop	people are safer cautious to avoid the disease cautious gets a bill to be helpful to be a doctor worried to make a report	1	0	0	0	0
navy seal pleads guilty case strangled green beret	gets accused angry to hear the case guilty gets arrested to be heard to be accused guilty to be heard	0	0	1	0	0
good rant conservative tweeter thread put msm meltdown trump tweet much-needed perspective	none none none none none none none none none	0	0	0	0	1
charlamagne tha god buy warren excuse ancestry claim	gets offended annoyed to be safe untrustworthy gets called a racist to be a good person to be a christian guilty to get away with it	0	0	0	0	1
iran fails attempt impede british oil tanker	they get fired annoyed to get their job back careless gets scolded to avoid oil spills to have been asked for help by the captain sad to get a better job	1	0	0	0	0
philadelphia archbishop predatory homosexuality abuse crisis	to be safe angry to get away from personx immoral gets arrested to be a better person to be a pervert guilty to avoid the situation	0	0	0	0	1
trudeau declares climate emergency approves trans mountain pipeline	people lose crops happy to protest smart gets a raise to help the environment to be in a meeting good to make sure the people are safe	0	0	0	0	1
capitalism fails roadmap survive climate change	people lose jobs happy to help others poor gets a new job to be successful to have a problem sad to get a new job	0	1	0	0	0
num central american migrant caravan found criminal conviction num murderer	none none none none none none none none none	0	0	0	0	1
moon buggy bag poo human left moon	people are killed sad to get rid of personx careless gets dirty to be a freak to be a scientist sad to be seen as a hero	1	0	0	0	0
booker latest criminal justice proposal clemency num people	people lose money angry to protest powerful gets arrested to be a better law to have a case happy to get rid of criminal justice	1	0	0	0	0
libya sarraj call election num end war	people lose their homes happy to win the election determined gets called a coward to win the war to have a reason to do so happy to win	0	0	1	0	0
private chat far-right goper discussed attacking spying activist	people are betrayed betrayed to be left alone smart gets arrested to get people in trouble to be a spy happy to be successful	1	0	0	0	0
khan london bus driver crash depot smoking crack	people get hurt angry to get rid of him careless gets burned to be a taxi driver to be in the wrong place bad to get back up	0	0	0	0	1
equifax victim wont num award	people are killed sad to get paid unintelligent gets praised to be successful to have the ability to kill sad to make sure they are ok	0	0	0	0	1
taylor swift fan boo harris braun fundraiser	people are offended annoyed to get even rude gets yelled at by people to be a good sport to be a fan of the game happy to get a drink	0	1	0	0	0
sooner dictator fall eyewitness sudan uprising	people are affected angry to get away from him mean gets arrested to be correct to be in power justified to be right	0	1	0	0	0
delingpole twilight eco-loons environmentalism reached peak absurdity hypocrisy	none none none none none none none none none	1	0	0	0	0
storm america pacific evidence climate change	people are affected by the climate change interested to get rid of him environmental gets a lot of money to make a change to have been in a racist environment happy to make a difference	0	0	1	0	0
anti-islamic tweet imperil mainstream jersey republican	people are offended angry to protest racist gets into trouble to be a racist to be a racist bad about themselves to get rid of the racist racist	0	0	1	0	0
libya war crime video shared social medium	people are angry angry to watch the video mean gets arrested to be entertained to have a tv happy to be a leader	0	0	1	0	0
iran test-launched medium-range ballistic missile	people are shot nervous to get the job done aggressive gets fired to be safe to have the equipment nervous to make sure it works	0	0	0	1	0
num year past time face truth afghanistan	they cry sad to cry honest gets hurt to be honest to have been shot sad to make amends	0	0	0	0	1
donald trump admits doesnt stop illegal immigration	people are affected annoyed to get rid of him determined gets arrested to be a good citizen to have a job guilty to get a job	0	1	0	0	0
gun control fail mexico homicide time higher usa	people are killed sad to get rid of him incompetent gets stressed to kill people to have a gun sad to get a better job	0	0	0	0	1
judicial watch sue document potentially showing fbi evidence chinese hacked hillary private server	gets sued angry to file a complaint suspicious none to be a witness to be a witness to the fraud angry to get a lawyer	0	0	0	0	1
ari berman gop doc prove census citizenship question preserving white political power	people happy to be correct a policy political parties to be a good citizen to have a reason good political power	1	0	0	0	0
biggie kendrick lamar outtake hip-hop iconic	to be honest annoyed to get rid of him talented gets a lot of money to be a good person to be a performer happy to be a good person	0	0	1	0	0
tulsi living reminder iraq liar apologist	gets hurt betrayed to forgive mean gets yelled at to be a liar to be in the wrong place at the wrong time guilty to make up for their sins	0	0	0	0	1
texas republican migrant condition state worst	he is judged sad to get rid of him poor gets called racist to be seen as a racist to have been in the wrong country sad to be a racist	0	0	0	1	0
thousand piece glass spread michigan beach malicious intent official	people get hurt angry to get rid of personx careless gets caught to make people angry to be a criminal sad to get rid of the glass	0	0	0	1	0
scientology church cruise ship quarantined saint lucia confirmed measles case	none none none none none none none none none	0	1	0	0	0
review euphoria flawed art gen prophesying	gets a bad name annoyed to be successful crafty gets a high score to make a difference to be a magician happy to be successful	1	0	0	0	0
suspected spy iran facing death penalty report	they are dead scared to avoid death penalty cautious gets nervous to be safe to have a bad experience nervous to avoid death penalty	0	0	0	0	1
nurse num dy save woman drowning stand-up paddleboard yoga class	none none none none none none none none none	0	0	0	1	0
green deal hit poor higher energy cost	people lose money sad to thank him rich gets a raise to make the poor happy to have the right money happy to save up more money	0	0	0	1	0
san diego synagogue shooting worse rabbi	people are hurt sad to go to the shooting ceremony stupid is criticized to make people angry to have been shot at bad to get better at shooting gun	0	0	0	1	0
tech company fined num million spreading fake news singapore	people lose money angry to make sure they are not getting caught irresponsible gets scolded to get away with it to be a bad influence on people sad to get a better deal	1	0	0	0	0
num teen dead electrocuted rescue dog canal	gets killed sad to help them scared gets arrested to save a dog to be in the wrong place sad to get help	0	0	0	1	0
irs audit hit working poor african american harder	people are affected by the loss of money sad to get a job aggressive gets arrested to be rich to have a lot of money powerful to get paid	0	0	0	1	0
robert redford impeaching trump pointless planet live	people get hurt annoyed to argue stupid is ignored to be right to be in trouble justified to get away with it	0	0	0	0	1
house democrat threaten barr contempt refuse provide unredacted mueller report	they are forced to listen angry to get their point across authoritative none to be heard to be a democrat sad  to make a settlement	1	0	0	0	0
stop polluting green deal	people lose their crops grateful to thank personx greedy gets arrested to be a jerk to be a racist racist satisfied to get a new deal	0	1	0	0	0
australian man take piss backyard trigger radiation alert	gets nervous angry to get away mean gets dirty to get rid of something to have been sprayed with urine relieved to get rid of the odor	1	0	0	0	0
atlanta brave manager bobby cox suffers stroke	the boss is in pain sad to help them unlucky gets a new job to be successful to have a job sad to get paid well	0	0	0	0	1
trump claim doesnt investigation	gets called out annoyed to find out more information ignorant gets called a fraud to be a fraud to have a good reason frustrated to get a better deal	1	0	0	0	0
nolte dirty cop robert mueller selectively edited trump lawyer voice mail	to be honest bad to get away with it smart gets scolded to be a good cop to have a reason to do so satisfied to be right	1	0	0	0	0
vladimir putin call defending internet free speech	people listen to personx grateful to thank personx smart gets yelled at to defend the rights of others to have a problem satisfied to be listened to	0	0	0	0	1
history movie-summarizing end-credits rap	people are informed happy to listen to personx smart gets a good grade to end the film to have a film review satisfied to make a documentary	0	1	0	0	0
trudeau ejects whistle-blowing mp liberal caucus	people are offended angry to get away mean gets arrested to get rid of people to have a reason satisfied to be heard	0	0	0	0	1
don mcgahn fire back trump	people get killed angry to get away from the situation mean gets shot to be a jerk to be a police officer satisfied to fire people	0	1	0	0	0
rep ro khanna call investigation brazil prosecution lula	gets caught angry to get a new case smart gets caught to be a police officer to be in court justified to be right	0	1	0	0	0
fifty year stonewall state lack lgbtq protection	people are avoided by people annoyed to get rid of him cautious gets called racist to be safe to be a racist happy to be successful	1	0	0	0	0
california state make hair discrimination illegal	people get a new look annoyed to get rid of him smart gets arrested to be a good citizen to have a lot of money happy to get paid	0	0	0	0	1
rhode island latest state abolish onerous hair-braiding licensing	people are treated better happy to protest strict is hated by others to be a better person to be a racist happy to be a good citizen	0	0	0	1	0
boxing legend pernell sweet pea whitaker fatally struck car	gets shocked sad to get revenge unlucky gets arrested to get revenge to get into an accident sad to get away	0	0	0	1	0
friday cat blogging num june num	people get a virus happy to get a new job ambitious gets a virus to get a good grade to have the right gear happy to get a cat	0	1	0	0	0
maga country smollett-style graffiti found jewish cemetery	people are offended disgusted to get rid of him rude gets arrested to be a joker to be in the wrong place happy to be a racist	0	0	0	0	1
grand parc bordeaux review rush light air view	they are killed happy to see the sights curious gets sweaty to be a pilot to have a car happy to get a better view	1	0	0	0	0
here assault-style weapon returned zealand	people are injured happy to get rid of the weapons determined gets attacked to be safe to have lost their weapons happy to make a new policy	0	0	0	0	1
justice trial definitive account kavanaughs confirmation	they get caught informed to hear the case confident is asked questions to be accurate to be a lawyer satisfied to be heard by others	0	0	0	0	1
num dance instructor exercise saved life	gets exercise grateful to thank him skilled gets paid to be helpful to learn dance moves proud to teach me	0	0	1	0	0
democratic lawmaker drug industry insulin price day numbered	people are dead sad to make a deal poor is dead to be poor to have a gun sad to be successful	0	0	0	0	1
international space station danger india shoot satellite missile	people are shot down by bullet scared to avoid the incident dangerous gets shot down to save money to be a pilot nervous to get away from the situation	0	0	0	0	1
la rapper nipsey hussles murder familiar refrain american	people are shocked annoyed to listen to the music famous is asked to stop to be a racist to be a fan of music happy to be a singer	1	0	0	0	0
peruvian president alejandro toledo arrested	people are arrested by the police angry to protest the law criminal gets arrested to be a bad influence to have a reason for it guilty to get out of jail	0	0	1	0	0
jamie oliver restaurant empire lost num year - num made decade	none none none none none none none none none	0	0	0	1	0
family toddler fell cruise ship grapple unfathomable loss	they cry sad to help personx unlucky gets a new experience to be successful to have a job sad to cry	0	0	1	0	0
japanese american internment camp survivor hold protest migrant family jail	people lose their homes angry  to get away from personx aggressive gets arrested to be a racist to have a lot of money sad to be treated fairly	0	0	0	0	1
james gill salon crash latest orleans police give chase criminal	none none none none none none none none none	0	1	0	0	0
hammer trump fully shut usa-mexico border	people are killed angry to win the race smart gets a bad name to be right to have a gun happy to be successful	0	0	0	0	1
biman airline plane skid runway myanmar; num injured	people are hurt sad to help them careless gets hurt to be safe to be in the wrong place scared to get medical attention	0	0	1	0	0
donald trump lie hiding underpants secret service dog moon	gets nervous happy none deceitful gets scolded to be a good dog to have sex happy to get away	1	0	0	0	0
banned drug rife sport	people get addicted annoyed to get away with it addicted gets arrested to avoid drugs to be addicted guilty to get a better deal	0	0	1	0	0
florida waitress num break back diving num foot pier save drowning child	gets hurt sad to swim brave gets wet to save a life to jump in the water scared to swim to shore	0	0	0	1	0
aid group fund needed ebola safe burial congo	people lose money happy to help them rich gets a raise to be safe to have money happy to be successful	0	0	0	1	0
research show european union anti-gmo rule ridiculously bad	people are offended annoyed to listen to the information arrogant is avoided to be a bad influence to have the right information bad to make people believe they are superior	0	0	0	1	0
view attack liar sarah diminished office	loses money sad to get away mean gets arrested to win to be a liar satisfied to make a change	0	0	0	0	1
making georgia bad election worse	loses money angry to win incompetent gets yelled at to win to have a bad election sad to win the election	1	0	0	0	0
bernie opened door democratic socialism	people vote happy to thank personx political gets a tip to be polite to be a political leader happy to be a leader	0	1	0	0	0
michael cohen claim evidence illegal gop contribution china	they get a new employee angry to get the evidence intelligent gets accused to be a witness to have a report card satisfied to make sure it's true	0	1	0	0	0
penn state prof moonlighting uber driver accused kidnapping	gets caught angry to get away criminal gets arrested to be a criminal to have a car happy to be arrested	0	0	0	0	1
report find same-day voter registration law produce sizable boost voter turnout	none none none none none none none none none	0	0	0	0	1
workplace overdoses rise study	they are grateful to him happy to listen to personx ambitious gets sick to be a better person to have the knowledge happy to be successful	0	0	0	0	1
august wti oil num cent num percent settle num	none none none none none none none none none	0	0	1	0	0
trump suggests loose stupid iranian officer attacked drone	gets hurt angry to fire rude gets yelled at by the captain to be a leader to have the knowledge of the situation happy to get rid of the enemy	1	0	0	0	0
bloomberg op-ed suggests iran tanker attack false flag	people are hurt angry to get away from the situation aggressive gets fired to make people angry to have the information nervous to make sure it worked	0	0	0	0	1
pope tell prisoner foot washing rite	people are cleansed grateful to listen religious gets dirty to be a leader to be a preacher good to make people believe them	0	0	0	0	1
read sander num medicare-for-all plan	people get sick grateful to thank him smart gets a promotion to help people to have a plan happy to be successful	1	0	0	0	0
amir khan parent boxer spoken month	parents are disappointed sad to get away with something quiet gets scolded to be quiet to have been beaten up sad to be quiet	0	0	0	1	0
el paso walmart shooting police respond gun attack	people are injured scared to get out of the situation brave gets shot to protect people to have a gun scared to avoid police	0	0	1	0	0
trump gop find sink treasonous low	loses money disappointed to get their money back greedy to have a new job to be rich to have a bad experience happy to get a good deal	0	1	0	0	0
border patrol agent save migrant deadly exposure texas	they are safe safe to avoid being caught cautious gets caught to be safe to be a border agent proud to be a good citizen	0	0	0	0	1
tv comic take lead ukraine election round early result show	people lose money disappointed to win the race smart gets praised to win to be in the race happy to celebrate	1	0	0	0	0
mick jagger back stage month heart surgery	gets nervous sad to get better brave gets a new experience to be the best to have a reason to do it sad to get paid	1	0	0	0	0
killed multiple injured deadly chinese chemical plant explosion	people died in the jungle sad to help them dangerous gets poisoned to be killed to have been poisoned sad to get medical help	0	0	0	0	1
num year bestselling kissed dating goodbye joshua harris leaf wife faith	gets a kiss sad to cry lonely gets a new job to move on to have a girlfriend sad to move on	0	0	0	0	1
june gold loses num num percent settle num	001 disappointed 001 bad 001 001 to be competitive sad to be successful	0	0	1	0	0
pound fall lowest level num month amid no-deal panic	people are worried worried to get personx back irresponsible gets stressed to be safe to be in the wrong place sad to get back up	1	0	0	0	0
boris johnson face question arguably racist comment	people get offended by the comment annoyed to get away from him racist gets yelled at to be understood to have a lot of knowledge smart to get a good grade	1	0	0	0	0
president sticking firmly position racist nonwhite american back	none none none none none none none none none	0	1	0	0	0
bomb target tourist bus egypt	people get shot annoyed to go home mean gets arrested to be a leader to get a gun happy to get rid of tourists	0	0	1	0	0
switch medicare complicated potentially disruptive cbo	people are in danger annoyed to be helped careless is in danger to be a good doctor to be a doctor bad to be a doctor	0	0	0	1	0
caesar latest chain meatless meat	gets hungry happy to eat it daring gets a good deal to be a better cook to have a recipe satisfied to eat meat	1	0	0	0	0
fierce critic bare foot airplane post deletes topless photo promote usa today op-ed call trump laughingstock [screenshot]	none none none none none none none none none	0	0	0	0	1
radical islamist opened front mali	people lose money angry to get rid of the bad guy aggressive gets arrested to be in the know to have a product powerful to get rid of the people in the new front	0	0	0	1	0
treasury department irs memo doesnt	gets fired annoyed to listen to personx dumb gets fired to not get in trouble to be a fraud bad to get a new job	1	0	0	0	0
gop rep immigrant trump border	people are offended annoyed to listen to personx wise gets arrested to be right to be a racist good to get a passport	0	1	0	0	0
alyssa milano destroy georgia film industry preserve sacrament abortion	people lose their homes angry to get away from personx immoral gets arrested to be immoral to have a reason to do it satisfied to get rid of the evidence	0	0	0	0	1
cape town - tourist hotspot people murdered day	people are killed sad to go to the police station adventurous gets arrested to have fun at the beach to drive to the hotspot happy to go home	0	0	1	0	0
cori coco gauff cool michelle exist	to be honest happy to learn more about them smart is proud of his accomplishments to learn to be in school happy to be a good influence	1	0	0	0	0
ban paying human blood distort vital global market	people lose their lives grateful to thank personx responsible gets bitten to be rich to be a doctor satisfied to be a doctor	0	0	1	0	0
hiring bounce back march wage growth cool	they get paid well happy to get a new employee responsible gets promoted to be successful to have a good reputation happy to get a raise	0	0	1	0	0
fox jesse watters he tired bored aoc proceeds talk length	none none none none none none none none none	0	1	0	0	0
letter gop neglecting duty election security	people are more secure annoyed to protest careless gets fired to do something else to have a job guilty to get a raise	0	1	0	0	0
connecticut house sends nation generous family leave policy governor	people get a new job grateful to go home generous gets yelled at to be generous to have a policy happy to make a speech	0	0	0	1	0
today back page nou united blown barcelona messi masterclass	none none none none none none none none none	1	0	0	0	0
ralph nader gave trump	get caught happy to thank him smart gets thanked to be helpful to be a snitch happy to give us the benefit	0	1	0	0	0
fearing populism france germany flee past	people are killed by bullet sad to be successful brave gets killed to be a hero to have been in the wrong country sad to get away with murder	0	0	0	1	0
hal prince transformational broadway producer director died	people are informed of the death of personx happy to get paid famous is famous to be famous to have a talent happy to be famous	0	0	1	0	0
compost potato jos andrss insane recipe here taste	none none none none none none none none none	1	0	0	0	0
young adult colorectal cancer growing threat unclear	they are sick sad to avoid the disease scared they are in pain to be in pain to have a cancer problem sad to get help	1	0	0	0	0
zimbabwean manner mukuwiri recycles rubbish art	people get offended by personx annoyed to thank personx rude gets into trouble to be a better person to learn about the subject good to make people understand	0	0	1	0	0
meghan markle edits vogue expect	they get a good deal annoyed to get a good grade smart gets yelled at to be prepared to be in charge happy to get it done well	1	0	0	0	0
quentin tarantino question margot robbie didnt speaking line movie	none none none none none none none none none	0	0	1	0	0
penny staffer claim trump racist hired elaine chao	people are offended annoyed to get their point across racist is racist to be a racist to have a lot of knowledge justified to be a racist	1	0	0	0	0
distracted teen driver killed cop wife num day jail	gets arrested sad to cry guilty gets arrested to be free to be a cop guilty to get a lawyer	0	0	0	1	0
meghan markle specific photography standard guest-edited british vogue issue	they are complimented annoyed to thank personx smart is asked questions to make her look smart to have a camera satisfied to make sure she gets a good deal	0	0	1	0	0
mic drop dana loesch super inconvenient question lefty accusing tulsi gabbard russian puppet	none none none none none none none none none	0	0	0	0	1
trump approved military action iran strike called plane air report	people are shot angry to get their plane back safely patriotic gets shot to stop the bleeding to have a meeting happy to fire	0	0	0	0	1
cnn hit harris repeatedly dodging question big problem	gets hurt annoyed to get away with it careless gets fired to be careful to have been shot worried to get a job	0	0	0	0	1
julin castro democratic presidential candidate eager challenge trump immigration	people are affected by the democratic process nervous to protest greedy gets arrested to be a good citizen to have the right documents happy to get their money	1	0	0	0	0
pep toughest title man city bos hail incredible premier league champion	gets a new employee impressed to get paid for their work powerful gets yelled at to be the boss to be a professional powerful to win the championship	1	0	0	0	0
germany num eritrean migrant repays family stabbing num child shouting die die die	none none none none none none none none none	0	0	0	0	1
private investigator shared epstein female fixer name fed	gets into trouble annoyed to get away from personx mean gets called a snitch to be a snitch to have a conversation guilty to get a second opinion	0	1	0	0	0
john cornyn point government law-hungry leftist	none none none none none none none none none	0	0	0	0	1
hiding ice raid people terrified street	people are safe scared to avoid danger scared get's some fresh air to be safe to have a gun scared to avoid the police	1	0	0	0	0
pelosi hit trump num image criticize muslim lawmaker	people are offended angry to get even racist is yelled at to be a good citizen to be a racist happy to make people mad	0	0	0	0	1
video show far-left activist storm ice facility remove american flag raise mexican flag	people are hurt angry to protest aggressive chinese  to be a racist to get people to leave happy to make a speech	0	0	0	0	1
april fool paper failure indicative vote round num	they get fired disappointed to argue ignorant gets yelled at to prove his innocence to be a fool disappointed to get a good grade	1	0	0	0	0
notre dame celebrates mass fire destroyed part iconic church	people are hurt happy to pray religious gets burned to be a hero to have faith happy to repent for what they did	0	1	0	0	0
video reveals absurdity russian witch hunt	they are shocked annoyed to argue with x arrogant gets yelled at to be a joke to have a video silly to laugh	0	0	0	0	1
premier league transfer news hazard guardiola insigne eriksen sancho	none bad to be correct aggressive none none to be a team player bad news to be respected	1	0	0	0	0
ptsd supercharge sex drive researcher	they get into a car accident annoyed to get a good grade curious gets arrested to be safe to be in the wrong field happy to get a new car	1	0	0	0	0
libyan stop boat carrying hundred african bangladeshi migrant europe	people get seasick annoyed to avoid the africans racist becomes a racist to stop the africans from becoming racist to be a racist happy  to be free	1	0	0	0	0
bernie sander felon allowed vote	they get their vote happy to protest smart gets a raise to be fair to have a good reason to vote happy to be a good citizen	0	1	0	0	0
backfire senate democrat tweet poll pitting ginsburg kavanaugh guess	none none none none none none none none none	0	0	0	0	1
sanction hit iran metal industry major employer	they get into trouble angry to buy a plane greedy gets paid to be a success to have a reason to do it powerful to get a raise	0	0	0	1	0
anchorage hit num degree time recorded history	people are surprised happy to congratulate personx young gets a medal to be a winner to be a professional happy to be successful in the next season	0	1	0	0	0
trump administration num year reunite separated migrant family	people lose money sad to get back to work generous gets a raise to help people to have the authority sad to get back to work	1	0	0	0	0
university illinois chicago missed warning sign research awry letter show	people are in danger annoyed to get away from him careless gets scolded to be a bad influence to be in a car bad to avoid the wrong people	0	0	1	0	0
security boltons warning iran	people are affected scared to listen wise gets arrested to be a good leader to have the information nervous to make sure everyone is safe	0	0	0	1	0
wasserman schultz surprise trump coddling acosta protected sexual predator epstein	none none none none none none none none none	1	0	0	0	0
republican plan win house appealing woman people color happen	vote for persony happy to win influential is a political leader to be a good example to be a politician happy to win the election	0	0	0	0	1
usa marine back fallujah	they get shot at happy to go home curious gets shot to see the beauty of the land to be at a mosque happy to see the sights	0	0	0	1	0
porsche office raided payment probe	loses money cheated to get their money back greedy gets caught to be rich to have a reason to do it satisfied to get a good deal	0	0	1	0	0
walmart plan num million upgrade louisiana stores; expect	they have to pay the money happy to get the best deal prepared to get money to be prepared to have a good product happy to be the best	0	1	0	0	0
republican party losing future	loses election sad to protest upset loses money to win to be in a political situation sad to win	1	0	0	0	0
theresa hilariously bad job	gets fired annoyed to fire personx bad gets fired to be a bad person to have a job ashamed to get a new job	0	1	0	0	0
trump warns china delay trade deal election	people are upset with person x upset to protest wise gets accused of a fraud to be correct to be in office good to make sure it's done well	0	0	1	0	0
schumer back pelosi resistance impeachment inquiry	people are offended angry to get their point across stubborn gets arrested to be right to have heard the case justified to be heard by others	0	0	0	1	0
angle recent success abortion ban extremely unpopular	people get hurt sad to get rid of him unpopular gets praised to be successful to be in competition with others happy to get a new job	0	1	0	0	0
view shroud louisiana death penalty drug provider secrecy	people are dead sad to avoid the death penalty cautious is avoided to be a good citizen to have been asked to do so by others good to avoid the law	0	1	0	0	0
rep steve king belittles hurricane katrina victim needing unlike iowan	people are attacked by the police sad to get help aggressive is accused of racist racist racist racist racist to be a better person to be in the presence of the police satisfied to get a new job	0	1	0	0	0
hundred thousand set march london brexit referendum	none none none none none none none none	0	0	1	0	0
facebook censored pro-life content top exec donated million buck abortion factory	none none none none none none none none none	0	0	0	0	1
cyclist narrowly avoids crushed blue-lighted fire engine making quick turn	people are hurt scared to get out of the fire cautious gets burned to avoid fire to be in the car scared to avoid fire	0	0	0	1	0
sen warren introduces num trillion plan tackle student debt	students are stressed upset to get a job done smart gets stressed to help the student to have the resources happy to make sure they are ok	1	0	0	0	0
latino vote swing democratic primary candidate	vote happy to vote smart gets a vote to be a good leader to be a political leader happy to win	0	0	1	0	0
nj millionaire tax chance top lawmaker	loses money sad to get a new client irresponsible gets stressed to be a failure to have a bad reputation sad to get a raise	0	1	0	0	0
joy turn fear sudan army take control ousting president	they lose their freedom scared to win scared gets killed to be safe to be a rebel scared to surrender	1	0	0	0	0
decline capital investment reveals false promise trump tax bill	loses money disappointed to get their money greedy gets yelled at to make money to have a reason relieved to get the money back	1	0	0	0	0
racist bone body trump pelosi urge house condemn	people get offended angry to be racist racist bone to be honest to be a racist bone to be racist happy to be right	1	0	0	0	0
burn build repeat wildfire policy deadly	people get burned annoyed to listen to personx dangerous gets burned to be a good person to have a policy bad to keep the peace	0	1	0	0	0
key mueller probe witness indicted felony sex trafficking charge	gets arrested angry to get a lawyer criminal gets arrested to be a witness to be a witness guilty to make a settlement	0	1	0	0	0
number explain border crisis	people are affected grateful to thank personx smart gets called a hero to help people to know about the situation smart to help people	0	0	1	0	0
serbian leader call kosovo compromise issue warning	they are forced to make decision angry to listen to personx dominant gets stressed to be in charge to have a problem with the kosovo satisfied to make a deal	0	0	0	0	1
rnc accusing democrat deafening silence desecration sends num american flag top dems	none none none none none none none none none	0	0	0	0	1
trump num video removed wrong superhero movie score	people are disappointed disappointed to be safe irresponsible none to be the best actor to be a bad actor happy to get back to work	0	0	1	0	0
disturbing video show clam sushi moving served	they eat happy to eat hungry gets full to be entertained to have the right sushi happy to get a drink	1	0	0	0	0
myanmar hold repatriation talk refugee	people get sick angry to get rid of personx aggressive gets arrested to be in control to have a reason to be a rebel happy to get a new job	0	0	1	0	0
wirecard spike report softbank investment	they get paid happy to get a good grade smart gets a report card to make a good decision to have a report card satisfied to make sure the information is accurate	0	0	1	0	0
colt data centre service announces expansion frankfurt	people are asked questions annoyed to get a good deal smart gets a promotion to make a report to be in the presence of customers satisfied to make a report	0	0	1	0	0
republican smear representative rashida tlaib easily fact-checked	they get a good grade annoyed to thank personx smart to be correct to be correct to have the information happy to be correct	1	0	0	0	0
kid love sibling love	gets hurt sad to be happy mean is ignored to be mean to be a parent sad to be a better parent	0	1	0	0	0
liberal filmmaker explodes van drew	gets shocked shocked to get revenge angry gets arrested to be mean to have the right equipment angry to get even	0	0	0	0	1
rapper aap rocky freed swedish jail usa hostage envoy warns negative consequence	people lose money sad to get away powerful is looked down on none to be a criminal sad to make sure they do not get caught	0	0	0	0	1
earthquake american humane rescue team offer tip pet safe earthquake	people get bitten by dogs grateful to help the animals caring is called a racist racist racist to save animals to be a veterinarian happy to save animals	0	0	1	0	0
mueller fear trump embrace russian interference normal	they are cautious around personx cautious to be safe cautious becomes cautious to be a better listener to be in russia nervous to be safe	0	0	0	1	0
bush adviser senate reject stephen moore	none annoyed to get their money back wise gets called a racist to be right to have a lot of experience satisfied to get a good grade	0	0	0	1	0
astronaut walk moon mean	they see them do well happy to see personx brave gets a medal to be a astronaut to be a pilot happy to get to the moon	0	0	0	1	0
hunter biden reacts helicopter home fck mr president	president happy to thank him scared pilot to fly a helicopter to have a plane pilot happy to get a plane	1	0	0	0	0
san francisco police warrant monitor journalist phone raiding apartment	gets caught annoyed to find out what he is doing suspicious gets arrested to be safe to have the information nervous to get the information out	0	0	0	1	0
restaurant simple approach fighting food waste	they eat annoyed to get away with it greedy gets dirty to eat to be hungry satisfied to eat	0	0	1	0	0
sinking mv sewol confusion disaster	people get lost sad to get back on their feet ignorant gets yelled at to make things worse to have a problem sad to get a better job	1	0	0	0	0
mohamed morsi passing egypt democratic moment	people are cheated annoyed to get away from personx arrogant gets praised to be a leader to have been invited to a political party happy to be a success	0	0	0	1	0
ms-13 member la charged string grisly killing prosecutor	people lose their homes angry to get revenge criminal gets caught to punish people to be a member guilty to get a new case	1	0	0	0	0
same-sex borrower num percent denied mortgage study find	they get a new job disappointed to get a new mortgage irresponsible gets a raise to be a failure to have a bad experience sad to find a new place to stay	0	0	1	0	0
drug dealer fleeing police motorbike hit killed grandmother	grandmother is dead sad to call the police criminal gets arrested to be a criminal to be a dealer guilty to run	0	0	0	1	0
sea solitude review - dazzling cathartic exploration mental health	they get a lot of new information enlightened to help personx thoughtful is praised to be a better person to be in a bad situation happy to relax	1	0	0	0	0
alabama governor denies reprieve condemned killer	people lose their jobs sad to get rid of him willful gets arrested to be a good citizen to be a cop justified to be a hero	0	0	0	1	0
detained abused denied medical care trump immigration policy led child death border	people are killed sad to help irresponsible is arrested to be a criminal to be a criminal sad to get medical help	1	0	0	0	0
giuliani sunday talking point wrong taking information russian	they are grateful grateful to listen observant personx is misunderstood to be helpful to be in church satisfied to be understood	0	0	0	0	1
all-female spacewalk cancelled spacesuit size	people lose money annoyed to thank personx careless gets scolded to be a better person to have a reason why sad to be left alone	1	0	0	0	0
manafort tell hannity text exchange make sht trump kushner mueller cut deal	none none none none none none none none none	0	0	0	0	1
burger king buffet mar-a-lago late night comedian feast trump buckingham palace visit	none none none none none none none none none	0	0	1	0	0
house dems flexing power purse trump oversight battle report	loses money annoyed to win the case wise gets called a fraud to be a good citizen to have the authority satisfied to win	0	0	0	1	0
baker school district applying num million usda loan fund baker high renovation	people get a loan from person x happy to have a good job to get a good job a good citizen get money to be successful to apply for a loan happy to make a profit	0	1	0	0	0
unplanned planned parenthood director abby johnson america influential anti-abortion activist	none none none none none none none none none	0	0	0	0	1
expect democratic presidential debate	vote for person x happy to protest confident gets nervous to be in control to have the authority happy to win	1	0	0	0	0
trump strange tense iran	people are affected annoyed to get away with it aggressive gets arrested to be left alone to have a bad experience nervous to get away with it	1	0	0	0	0
chris lythgo confirmed commissionaire national chair	people listen happy to thank personx dominant gets fired to be a leader to have a meeting with the president satisfied to get a raise	0	0	1	0	0
karen penny insists buttigieg misunderstands family religious belief	they get offended annoyed to listen to personx religious gets yelled at to be a good friend to understand the religious beliefs guilty to be a better person	0	0	0	0	1
mass protest colombia abroad decry killing num activist peace accord	people are killed peaceful to be safe aggressive peace treaty with the world to be a good citizen to be in the presence of a racist group justified order	1	0	0	0	0
ninth circuit temporarily permit trump administration wait-in-mexico policy remain place	people are not allowed to enter the country happy  to be in good standing responsible to be safe to be a good citizen to be a part of the budget happy to be a perfect example	0	0	0	0	1
natural history museum host gala brazil leader stripped amazon protection	people get a lot of money happy to thank personx successful gets a reputation as a leader to be successful in his career to be a member of a group proud to get a good name	0	1	0	0	0
trump administration planning mass video proceeding immigrant tent border	people are affected by the loss of money or goods happy to get out of the country organized gets accused of illegal immigration to be a good leader to have the authority happy to make a settlement	0	1	0	0	0
sport protect athlete brain damage	they get better grateful to win the game smart gets a scholarship to protect others to be a professional proud to win a championship	0	0	1	0	0
hollywood georgia governor kemps popularity surge fetal heartbeat bill progress	people get nervous annoyed to get rid of him influential gets a lot of money to make money to have a bad reputation happy to be popular	0	0	0	0	1
betraying bias journalism group smear daily signal fake news	people get offended annoyed to be left alone mean gets called a racist to be a good person to have heard about it satisfied to make people believe them	1	0	0	0	0
trump acknowledged hid us mccain backtracking	gets a raise happy to get back at him smart is not trusted to be in control to have a reason happy to be successful	1	0	0	0	0
imran khan hope win trump visit	loses disappointed to win the game confident wins the race to win to have a strategy happy to win	1	0	0	0	0
hud plan remove shelter protection transgender people devastating	people get hurt safe to stay safe aggressive to be safe to protect people to have the ability to protect people powerful to be safe	1	0	0	0	0
boris johnson uk leave eu num october die	people lose money sad to go to the airport brave to be honest to be left alone to be in a bad mood sad to leave the country	1	0	0	0	0
ukrainian president-elect prime minister jew	people are affected annoyed to vote for the right people racist gets called a racist to make a difference to be a racist happy to make sure the people vote	0	0	0	1	0
irs eas penalty taxpayer paid	people lose money grateful to get their money back generous gets a raise to save money to be a politician justified to be a good citizen	0	0	0	1	0
nepal everest rule change num death overcrowding	people lose money happy to thank person x wise gets a raise to be a better person to have the authority happy to be a better person	0	1	0	0	0
advance notice ice raid push immigrant unauthorized legal	people lose their homes angry to protest cautious gets arrested to be a better citizen to be a government officer happy  to get rid of the immigrants	1	0	0	0	0
theresa hint brexit deal uk face election year	none none none none none none none none none	0	0	0	1	0
demise key nuclear pact loom russia meet	people are affected by the event nervous to avoid the situation powerful gets attacked to be a threat to have a meeting powerful to win the conflict	0	0	0	1	0
alexandria ocasio-cortez melt ny time glamour shot trump aide hope hick	none none none none none none none none none	0	0	0	0	1
joe sanberg dare trump call socialist	gets nervous annoyed to get their money brave gets yelled at to be heard to be a racist happy to get a good grade	1	0	0	0	0
sander laughingly dismisses bidens claim progressive record	they are surprised annoyed to listen smart gets a raise to prove his position to be a racist satisfied to be successful	0	0	0	0	1
thepokerdepotcom launch web-to-print print ondemand e-commerce application custom poker chip playing card	none none none none none none none none none	0	0	1	0	0
erdogan solution muslim held chinese concentration camp	people are safe grateful to thank him helpful is thanked to be helpful to be a minister happy to help people	1	0	0	0	0
el uni homework crime australia	gets caught angry to get a better job criminal gets arrested to get away with it to have a reason for it guilty to be a hero	1	0	0	0	0
joe biden court blue collar voter union man reason roundup	people are persuaded annoyed to vote for the right person fair is a good citizen to be right to be in the union good to make a point	0	0	0	1	0
tiananmen tank man image china forgot	they get paid for their work annoyed to help him careless gets money to be a good citizen to be in the presence of the chinese government sad to get a new one	0	0	1	0	0
french satirist bemoans stupid ny time cartoon ban	gets offended annoyed to tell personx to stop talking mean gets yelled at to be annoying to be in a comic book satisfied to be a jerk	0	0	0	0	1
riverside student hack school computer grade authority	students lose respect for personx annoyed to teach personx dishonest gets scolded to be smarter to get a job smart to get the best grade	1	0	0	0	0
wheeler pledge miami water woe ignores climate change	people are saved grateful to thank person x wise gets yelled at to be a good person to be a politician good to keep people calm	1	0	0	0	0
trump american sue company cuba	they get arrested angry to get their money greedy gets sued to be a good citizen to have a monopoly happy to get rid of competitors	0	0	0	1	0
aftermath deadly tornado missouri	people are dead scared to avoid the tornado scared gets killed to be safe to have been kidnapped by tornado scared to get medical help	0	0	1	0	0
house dems dark money group introducing bill dark money	loses money angry to get away with something greedy gets arrested to be a success to have the money sad to make money	0	0	0	0	1
cook county judge loosens unusual restriction publishing detail child welfare case	gets a new book deal grateful to read the case smart gets a good deal to be a good judge to be a lawyer satisfied to be a good judge	0	0	1	0	0
rnc chairwoman personally support rape incest exception abortion ban	people get sexually assaulted angry to get back at person x racist gets arrested to be a better person to be a minister satisfied to make a difference	0	0	0	0	1
hillary clinton election stolen	gets shocked upset to protest mean gets arrested to be right to be a politician happy to win the election	1	0	0	0	0
judge agrees release coast guard officer accused plotting terror attack	gets arrested angry to file a motion willful gets arrested to protect people to be a cop relieved to get rid of the evidence	1	0	0	0	0
horrifying family separation case happened trump ended policy	family cries sad to get away from the situation unintelligent gets stressed to be in control to be in court sad to get away with it	0	1	0	0	0
john tanton quiet architect america modern-day anti-immigrant movement dy num	people are more informed sad to thank personx racist gets arrested to be a racist to have been hired by a company sad to be successful in their career	1	0	0	0	0
hezbollah sleeper agent busted black ops america	people get arrested scared to thank personx immoral gets arrested to be a racist to have a gun happy to get out of trouble	0	1	0	0	0
genocide committed indigenous woman girl canadian panel	women are discriminated against angry to get away from personx racist gets arrested to be a good citizen to be a racist angry to protest	0	0	1	0	0
ryanair announces plan cut hundred job	people lose jobs angry to protest commanding gets fired to be a leader to be in charge satisfied to make sure the job is done	1	0	0	0	0
oprah travel avocado grown orchard ridiculous pay avocado	none none none none none none none none none	0	0	1	0	0
people stop laughing james comeys introspective response mueller report	gets punched annoyed to get personx's attention humorous gets scolded to be funny to listen to personx happy to ask persony questions	0	0	1	0	0
john paul stevens citizen united opened door foreign money usa election	people are affected by the new policy grateful to protest powerful gets money to be a good citizen to have the right information happy to get rid of foreign customers	0	1	0	0	0
screaming meryl streep big lie scream	gets shocked annoyed to get away from personx mean gets yelled at to get attention to have a bad experience guilty to be heard	0	0	1	0	0
andy ngo beating time portland shut antifa	people get hurt angry to get away determined gets tired to be polite to be in a bad mood satisfied to get a new start	0	0	0	0	1
mcconnell open door vote iran war authorization	people vote angry to protest aggressive gets arrested to win to be in a political party good to get a vote	0	0	0	1	0
teenager behaved hedonistic nowadays	they get a raise happy to thank personx intelligent gets praised to be a better person to have a good attitude happy to be a better person	0	0	1	0	0
trump made-for-tv moment north korea	people get tired happy to watch the movie lazy gets dirty to have fun to have a tv happy to be a better person	0	0	1	0	0
pharma bro martin shkreli loses appeal stay prison	gets arrested sad to get away from him guilty gets arrested to be a better man to be arrested sad to be free	0	0	1	0	0
jos antonio reyes arsenal spain player dy car accident aged num	people grieve for him sad to cry careless is arrested to be dead to be driving sad to be a hero	1	0	0	0	0
jerry nadler born battle trump	they cry sad to win brave gets hurt to win to be in war scared to win the game	1	0	0	0	0
num month hurricane michael florida panhandle feel left	people lose money sad to get rid of him unlucky gets stressed out to move on to have gone to miami sad to go back home	0	0	1	0	0
lawsuit seek class action status student due process right violated title ix investigation	students are sent to jail to get their papers signed to get their papers signed willful is asked to sign petition to be a good example to have a class angry to make a report	0	0	0	1	0
wow trump haul whopping num million launch day re-election	people are affected by the event happy to thank personx powerful gets a medal to win to have a good reason happy to win the race	0	0	0	0	1
june gold settle num num num percent	001 happy to win the game lucky is lucky to be a good driver to have a lot of money happy to be successful	0	0	1	0	0
num cool online startup drop product single week year	people get new products happy to buy the new products rich gets a new product to have fun to have a job happy to buy new products	0	0	1	0	0
trump congress business break law	i'm not interested annoyed to get away from personx irresponsible gets arrested to be left alone to be a politician guilty to be a lawyer	0	1	0	0	0
scientist explain climate change made hurricane maria devastating	people lose their jobs enlightened to ask questions intelligent gets a raise to explain to know how to explain it good to make a report	1	0	0	0	0
vox sentence black church burning	people are burned angry to repent religious gets burned to be a christian to be a christian guilty to repent	1	0	0	0	0
european left vision future	they get a new job happy to thank personx ambitious gets a raise to be successful to have a vision happy to make sure they are ok	0	1	0	0	0
rep collins dems upset spying	gets yelled at annoyed to get away with spying angry gets yelled at to be sneaky to have seen the video upset to get away with it	0	1	0	0	0
scientist discover remains unknown specie small human philippine	they are surprised happy to wonder what the discovery is curious gets a new job to be a researcher to research curious to find out the truth	0	0	0	0	1
australian teen hacked apple hoping give job	gets hacked annoyed to thank him hopeful gets a new job to get a job to be in a gang sad to get a new one	1	0	0	0	0
dignity face poverty forgotten neighbor	people cry sad to be grateful humble gets a good name to be a good citizen to be in the presence of people sad to be a good citizen	0	0	0	0	1
missouri abortion clinic face closure ob-gyns fighting back	people lose their lives sad to get better determined is arrested to be a good person to be a doctor sad to get medical help	0	1	0	0	0
penny abrupt travel cancellation spark speculation	people are confused annoyed to get back on track rude gets fired to be heard to be in a meeting annoyed to get away from people	0	0	1	0	0
david blaine magician accused sexual assault	gets caught angry to run away mean gets arrested to be mean to be a magician guilty to run away	1	0	0	0	0
trump tweet bizarre parody video suggesting president num	people are surprised annoyed to listen to personx arrogant gets ridiculed to be the leader to have a video happy to make a speech	0	0	0	1	0
stacey abrams equates abortion restriction forced pregnancy	people are healthier worried to thank them responsible gets pregnant to be a good person to have sex relieved to be a good father	0	0	0	1	0
north korea present nuclear disarmament biggest challenge	people lose money angry to win the contest aggressive gets a medal to win to have a reason powerful to win the war	0	0	1	0	0
drunk driver busted cop find gas pump nozzle attached range rover	gets a ticket angry to get their car back careless gets arrested to be a cop to be driving upset to drive away	0	0	0	1	0
yemen hospital reportedly hit airstrike killing num	people are dead sad to get medical help injured 000 people to kill people to be in the airstrike zone sad to get medical attention	0	1	0	0	0
stranded baby elephant rescued lake	baby elephant is safe happy to thank personx brave gets a hug to save a life to have a cage happy to feed the baby	0	0	1	0	0
loses woman serena williams forced play fewer set men	they get into trouble disappointed to win the game unskilled gets yelled at to be more successful to be a cheater sad to win the game	0	0	1	0	0
long summer holiday bad child poor	children cry sad to be left alone sad gets yelled at to have fun to have children sad to be a good parent	0	0	1	0	0
senator consumer watchdog prove protecting student borrower	gets a good grade grateful to thank personx smart gets a good deal to be a good example to have a job satisfied to make sure the student is safe	0	0	1	0	0
immigrant military denied citizenship civilian	people are forced to work hard annoyed to protest patriotic gets a promotion to be a patriotic citizen to have been discriminated against justified to be more careful	0	0	0	1	0
trump think funny supporter migrant shot	they are shot annoyed to get rid of him mean gets shot down to be a better candidate to be a leader happy to get a vote	1	0	0	0	0
hezbollah isnt beirut ny	they are surprised surprised to get to know personx in the country is a foreigner to be somewhere else to be in a different country happy to be a good person	0	0	0	1	0
jerk landed helicopter california wildflower super bloom	gets a sunburn surprised to thank personx skilled gets a sunburn to be a good pilot to have a license happy to get a new job	1	0	0	0	0
jim carrey alessandra mussolinibenito mussolini granddaughterare feuding twitter	none none none none none none none none none	0	1	0	0	0
nike ink endorsement deal basketball star zion williamson	loses money disappointed to win competitive gets yelled at to be a better player to be a player happy to win the game	0	0	0	0	1
cardinal burke notre dame fire sobering reflection destructiveness time	people get into trouble annoyed to get back to work insightful is criticized to be a better person to have a bad experience satisfied to be correct	0	0	0	0	1
trump administration finally win sanctuary city grant condition case	they lose happy to win the case proud gets congratulated to be a winner to apply for the grant happy to celebrate	0	0	0	1	0
clerical sexual-abuse scandal strengthen pope conservative critic	get more clients angry to get away with the behavior influential gets yelled at by others to make people believe them to be a racist satisfied to make more money	0	0	1	0	0
week acting pentagon chief alleged pro-boeing bias attention	people get nervous annoyed to learn more influential gets nervous to be a better person to be a leader happy to be a good leader	1	0	0	0	0
colorado oil gas regulator public health safety	people lose money grateful to avoid oil or gas fumes responsible they are more careful to be responsible to have the authority to do so responsible to be safe	0	0	1	0	0
celebrating text dead white male	gets hurt annoyed to ignore the texts mean gets yelled at by the females to be mean to be a racist sad to get attention	0	0	0	0	1
nancy pelosi chosen war party future	they get into trouble happy to get away from him brave gets into trouble to be in charge to be in charge happy to be a leader	0	1	0	0	0
facebooks cryptocurrency hope hit wall washington	they are disappointed in personx annoyed to read the books stupid gets caught to be a hero to have the books happy to get a good deal	0	0	1	0	0
coal ceo host trump fundraiser industry hurdle mount worker left	people lose respect nervous to get rid of him powerful is praised to be a success to be in charge powerful to get the job	1	0	0	0	0
us-mexico border apprehension soared num	people lost their jobs happy to get a good deal adventurous personx gets a ticket to be safe to have been robbed nervous to be successful	0	0	0	1	0
num crucial fact spending	gets into trouble informed to listen to what he says smart gets asked questions to be correct to have a conversation smart to make a report	0	0	0	1	0
immigration important problem facing	people are stressed worried to thank personx important gets stressed to be a success to be a leader worried to solve the problem	1	0	0	0	0
kid mistakenly happy birthday loser cake universally relatable reaction	people who were given the gift are surprised sad to celebrate untalented gets a gift to be a bad person to eat cake sad to celebrate	0	0	1	0	0
wayfair worker walk protest furniture sale migrant detention center	people get caught angry to get their money mean gets arrested to be a good citizen to be a worker satisfied to make a profit	0	0	1	0	0
rep ilhan omar slam bigoted trump administration barring pride flag foreign embassy	none none none none none none none none	0	0	0	0	1
jony ive leaf apple device designer num career cupertino - worst	none none none none none none none none none	1	0	0	0	0
niagara distillery open niagara fall	people are surprised happy to see the results adventurous gets arrested to be a good citizen to get a container happy to get a drink	0	0	1	0	0
donald trump warns megan rapinoe disrespect flag world cup	people listen to person x offended to listen to personx authoritative is thanked to be respectful to know about it satisfied to make sure everyone understands	1	0	0	0	0
david knight show comey threatens trump indictment post-presidency	to be honest angry to win powerful gets fired to be in charge to have a gun powerful to win the case	0	0	0	0	1
morehouse commencement speaker promise pay student loan entire graduating class	gets a receipt grateful to thank person x responsible gets a receipt to help students to have a class happy to get paid back	0	0	0	0	1
disturbing report reveals trump allowing usa bomb part built saudi arabia objection congress	none none none none none none none none none	0	1	0	0	0
cyanide-laced meteorite seeded earth life	people are affected by the poison happy to avoid him dangerous personx gets sick from the chemicals to be a god to have a reason to kill happy to be a scientist	0	0	0	0	1
tac bookshelf week march num	they get a good grade happy to read prepared gets tired to be a good reader to buy a book happy to read	0	0	0	0	1
american real casualty trump-squad showdown	loses respect nervous to win aggressive gets shot down to be the real casualties to be a team player defeated to be the best	1	0	0	0	0
hear visiting border patrol laredo texas	gets attacked happy to go to jail curious gets shot to be safe to get a gun nervous to go home	1	0	0	0	0
alan dershowitz pen panicky op-ed anticipation nyer hit piece underage girl	none none none none none none none none none	0	1	0	0	0
china close loophole fentanyl usa call opioid action	gets accused of cheating grateful to thank personx for their service smart gets arrested to be a good citizen to have the authority good to get rid of the poison	0	0	1	0	0
gaslighting abortion intensifies georgia pass fetal heartbeat bill	people lose money scared to get help sick gets arrested to be a better person to have a fetus nervous to get help	0	0	0	0	1
mueller reminds public trump betrayed usa	people are affected by the loss betrayed to get revenge influential gets yelled at to make a difference to have the knowledge powerful to be heard	0	1	0	0	0
trump claim environmental leader spite ripping protection	people are affected by the policies annoyed to protest aggressive gets yelled at to be a leader to have a lot of money justified to be a leader	1	0	0	0	0
msnbcs mitchell trump target socialist	they are more careful around people grateful to win smart gets promoted to be successful to be in charge proud to make a difference	0	0	0	0	1
nigel farage make trumpian trouble brexit party	gets yelled at annoyed to have a good time mean gets yelled at to be annoying to be a bad influence happy to make amends	1	0	0	0	0
overworking kill num poll staff	lose money angry to win the competition greedy gets arrested to win the competition to be a racist satisfied to get a raise	1	0	0	0	0
official announce investigation infamous atlanta child murder	people are dead scared to get away with murder curious gets questioned to investigate to have a report nervous to make a report	0	0	1	0	0
high-tax illinois face progressive tax push	people get a bad name annoyed to get out of the tax bracket poor gets stressed out to be a better citizen to have a budget nervous to get a good deal	0	0	0	1	0
gunfire mexico crossed border hit texas woman face police	gets arrested scared to call the police dangerous gets shot to kill a woman to be in a mexican country angry to get away	1	0	0	0	0
num year end congo ebola outbreak	people die nervous to get rid of him slow gets sick to be thorough to have been shot nervous to go home	1	0	0	0	0
genuine populist running west virginia governor donor roll broke state finance software	none none none none none none none none none	0	1	0	0	0
keanu reef companion bus ride bunch stranded plane passenger	none none none none none none none none none	0	0	1	0	0
lake erie superior set record water level surge	people get wet happy to be respected powerful gets a promotion to be a better swimmer to be in water happy to get more respect from people	0	0	1	0	0
kellyanne conway rip nikki haley trump criticism husband george urge un ambassador join side history	none none none none none none none none none	0	1	0	0	0
medium attorney charles harder named variety num legal impact report	people are more informed annoyed to win smart gets sued to be correct to be in court happy to win the case	0	0	1	0	0
gabbard harris leveled false accusation racism biden	people are skeptical angry to get even mean gets caught to be right to be a racist justified to make people believe them	0	0	0	0	1
canvassing num percent rural voter wanting medicare	people get sick grateful to get their money back helpful gets paid to help the people to have a good view happy to make a difference	0	1	0	0	0
government forcing chinese owner sell grindr	people lose their jobs upset to get their money demanding gets a commission to be in control to have the right people powerful to make a profit	0	0	1	0	0
snob alec baldwin trump fooled flyover american cue backpedaling	none none none none none none none none	0	0	0	0	1
saudi arabia plan woman leave country permission man	gets into trouble sad to go home mean gets arrested for illegal immigration to be alone to be a minister sad to get back to work	0	0	0	0	1
patrick beverley jared dudley art nba pest	they get paid well annoyed to get rid of him talented gets scolded to make people angry to have a talent satisfied to be a good person	0	1	0	0	0
libya shut migrant detention centre deadly airstrike	people lose jobs sad to protest against the law responsible gets caught to be a good citizen to have a bad reputation relieved to be a good person	1	0	0	0	0
descendant slave nigeria fight equality	people lose money sad to get away from him racist gets arrested to be racist to have been enslaved proud to be a racist	1	0	0	0	0
real reason nra leader suddenly eating alive	gets sick angry to be left alone mean gets arrested to eat to be hungry satisfied to get rid of the food	0	1	0	0	0
ten thing today sunday num jul num	people are saved by the people of the church grateful to thank him smart is praised to know the truth to be a priest happy to get a good grade	1	0	0	0	0
extremist material found home gilroy garlic festival shooter source	people are shocked surprised to find out what happened curious gets arrested to be accurate to have a weapon happy to make money	1	0	0	0	0
brutal truth honour killing num shafilea ahmed told chilling documentary	none none none none none none none none none	0	0	0	1	0
isi recruit coventry executed terror group western spy	they are killed scared to kill personx aggressive gets killed to be feared to have been killed scared to kill the people	0	0	0	1	0
meet radical technocrat helping democrat push single-payer	people are saved annoyed to protest the policy smart gets arrested to be a racist to be a racist satisfied to be a better person	0	0	0	0	1
joe biden defends non-apology anita hill dont treated badly hearing	none none none none none none none none none	1	0	0	0	0
federer make winning french open return num absence	they are congratulated happy to win talented gets congratulated to win to practice happy to celebrate	1	0	0	0	0
wnba suspends riquna williams num game alleged domestic violence	people are hurt angry to get back at person x mean is arrested to be a good sport to be a bad sport justified to be the boss	0	0	1	0	0
don lemon admits aoc faked black accent	gets confused annoyed to get away from him mean gets asked questions to be funny to be a liar embarrassed to be deceptive	0	0	0	0	1
iran break uranium stockpile limit agreed nuclear deal	people lose their jobs angry to buy a new product smart gets money to be correct to be a scientist good to buy a nuclear weapon	0	1	0	0	0
ethiopian airline symbol national pride disaster struck	people are affected sad to help him powerful is praised to show his wealth to be in a plane crash proud to be successful	1	0	0	0	0
red cross ready aid venezuela warns politics	people get hurt grateful to protest smart gets criticized to be a good citizen to have an interest in politics good to make a speech	0	0	0	1	0
global num bn facade system residential non-residential market num forecast num	none none none none none none none none none	0	0	1	0	0
here indonesia massive election	people lose money grateful to protest powerful gets accused to help to be in power satisfied to get a good deal	1	0	0	0	0
iran roll back nuclear pledge stop short violating pact	people are offended angry to protest willful gets ejected from the country to stop something from happening to be a rebel satisfied to avoid conflict	0	0	0	0	1
venezuelan plane aggressively shadowed military aircraft	people get killed angry to get away from the situation aggressive gets into trouble for flying to be a bad influence to have a plane proud to fly	0	1	0	0	0
fed probe mta overtime king thomas caputo lirr worker	loses money annoyed to get a new job greedy gets yelled at to get the job done to be a manager satisfied to win the case	0	0	0	1	0
num boy hospitalized dingo attack australia	gets a new friend sad to make sure they are ok young gets a cast to be safe to have been shot by a bullet scared to be treated	1	0	0	0	0
antifa plaster poster wc tucker carlsons address warning attacking home year	none none none none none none none none none	0	0	0	0	1
address change child future	they learn more happy to thank personx smart gets a new job to be a better person to have a better understanding of things happy to be a success	0	0	1	0	0
reddit group flashpoint sex abuse scandal la luz del mundo church	none none none none none none none none none	1	0	0	0	0
biden didnt understand accuser felt change campaign	they get a new perspective sad to listen wise gets stressed to be a good person to have lost his job sad to be right	0	0	0	1	0
alligator break house night	gets startled scared to get their stuff back mean gets arrested to be a thief to be in the house at night scared to run away	0	0	1	0	0
trump immigration deal mexico nothingburger	gets cheated annoyed to get a passport unintelligent gets caught to get a better deal to be a mexican citizen nervous to get a new passport	0	1	0	0	0
riot france algeria win african cup migrant terrorize woman taunt marine le pen num hour paris	none none none none none none none none none	0	0	0	0	1
cory booker plan fix housing crisis make renting affordable	they get a new home grateful to thank personx responsible gets paid to live in a better area to have a plan happy to move out of the apartment	1	0	0	0	0
syrian woman num journey save daughter	daughter is safe grateful to thank personx helpful gets thanked to save her daughter to get in the car happy to be a good friend	0	0	1	0	0
double-dealing allegation red flag num dwp contract	people are angry angry to win aggressive none to be a good salesman to have a reason angry to get even	1	0	0	0	0
stonewall generation confronts age sickness discrimination	people are treated better annoyed to get away with it smart gets arrested to be a good citizen to be a racist good to get a job	0	1	0	0	0
tourist boat sink central budapest	people are killed sad to go fishing adventurous gets seasick to be in a different country to go to the place sad to get out	1	0	0	0	0
beto orourke wouldnt rid existing border wall citizenship test	none none none none none none none none none	0	0	0	0	1
pat gray step closer num	they are disappointed happy to see how they did hopeful gets a tan to be a success to be a student of the same class nervous to get the job	0	0	0	0	1
woman china cure cancer swallowing maggot	they get sick grateful to help her brave gets sick to be healthy to have a reason sick to get a treatment	1	0	0	0	0
jussie smollett attorney suggests attacker whiteface	they are surprised angry to get out mean to be correct to be right to have been accused of a crime justified to win	0	0	0	0	1
boeing see piggy bank lion air co-founder	gets mad annoyed to get rid of him greedy gets yelled at to be mean to have a reason to do so happy to get a new employee	0	0	0	0	1
syrian troop village rebel stronghold	they get killed defeated to surrender the village brave gets attacked to be a rebel to have the supplies powerful to take a break	0	0	1	0	0
cnn cooper trump cruelty bug system feature	people are affected annoyed to get rid of the bug mean people are more careful to be a pest to be in a position of power happy to be a good listener	1	0	0	0	0
william barr double spying claim slam democrat	they get into a fight angry to get their point across mean gets arrested to be a leader to have a reason to do it satisfied to win	0	0	0	1	0
british pound world best-performing major currency year	none none none none none none none none none	0	0	1	0	0
border patrol rescue migrant texas border	people are saved grateful to get away brave gets arrested to be a hero to be a cop accomplished to get a new job	1	0	0	0	0
pete buttigieg show value age trump	people get into trouble impressed to vote smart gets ridiculed to be a leader to have a good reason good to be a leader	1	0	0	0	0
snuck scientist stunned city-killer asteroid missed earth	they are dead sad to be safe careless gets killed to be safe to be on a moon sad to get away	1	0	0	0	0
sri lanka blame easter bombing local jihadis	people are hurt sad to avoid him mean gets yelled at to be a good person to have seen something guilty to apologize	0	0	0	0	1
republican-led maryland commits sweeping clean energy standard	people are clean grateful to thank personx responsible gets tired to be clean to be a politician happy to clean up the mess	1	0	0	0	0
glaad young american increasingly uncomfortable lgbtq culture	they are avoided annoyed to avoid personx ignorant gets stressed to be a racist to have been taught how to behave in a culture uncomfortable to avoid people	0	0	0	0	1
brexit making britain weak	people are weak weak to avoid him weak gets criticized to be a leader to be a leader powerful to be successful	1	0	0	0	0
farage brexit party smash num registered supporter target aim pas tory party	none none none none none none none none none	0	0	0	0	1
nasty swine flu china mean big trouble farmer	people get hurt sad to avoid him mean gets sick to get away with something to have a bad reputation bad to get away with it	0	1	0	0	0
california legislator urge caution greenlight plan lead widespread forestry offset	none none none none none none none none none	0	0	1	0	0
clapper belief barr term spying hearing deliberately	they are shocked annoyed to listen to personx smart gets accused to be correct to be in a meeting satisfied to tell everyone about it	1	0	0	0	0
trump putin joke problem fake news	people laugh at person x annoyed to laugh mean gets laughed at to make people laugh to be a fraud happy to make people think they are funny	1	0	0	0	0
china tariff devastating soybean farmer	people are forced to buy food annoyed to get away from him mean gets accused to be a good farmer to have a reason to be racist happy to make sure the crops grow	0	0	1	0	0
asylum-seeker falsely accused gang tie border official reunited kid num day	none none none none none none none none none	0	0	0	0	1
beto orourke plan give minority american loan	they gain more money grateful to thank personx generous gets thanked to help them to make a decision happy to help them	1	0	0	0	0
venezuelan regime circle opposition leader guaid	gets stressed annoyed to win the race aggressive gets promoted to be a leader to be a leader happy to be successful	0	0	1	0	0
californian flood gun store magazine ban lifted week	people get killed angry to get rid of the gun stores irresponsible gets arrested for smoking to be safe to have a reason to buy gun guilty to get more money	0	0	0	0	1
shadow staged greatest celebrity vampire reunion time	people are jealous happy to be entertained famous gets praised to entertain to be a celebrity happy to get a good name	0	1	0	0	0
netflix think wont notice remake quiet place actor title	none none none none none none none none none	0	0	1	0	0
president intervened unapologetically recent year british affair trump	people are shocked surprised to thank personx smart is praised to be a leader to be a representative happy to be successful	1	0	0	0	0
boeing ceo muilenburg confident fundamental safety num max	they are safe happy to be safe confident none to be safe to be in charge proud to make a difference	0	0	1	0	0
manchester city accuse uefa leak amid champion league ban threat	people are scolded by personx angry to get away from the situation angry gets accused of leaks to get rid of the leak to have a leak leak in their car angry to get a new job	1	0	0	0	0
ilhan omar trump fascist rally prove	people listen to personx's arguments annoyed to listen to personx arrogant is well known to be true to be in a political party justified to be right	0	1	0	0	0
obliteration youve trump threatens iran nbc interview	people lose respect for personx scared to avoid personx mean gets arrested to be a threat to be a politician satisfied  to get away with it	0	1	0	0	0
dow industrials end num point higher num percent	they lose happy to win the race smart gets promoted to win the game to work hard happy to be successful	0	0	1	0	0
viral search help woman find man child photographed notre dame fire	gets burned grateful to find a husband helpful gets thanked to be helpful to find the man happy to get a reward	0	1	0	0	0
journalist peddled shoddy kavanaugh story defends al franken	gets offended annoyed to listen smart gets yelled at to be heard to have heard the story good to get a better deal	0	0	0	0	1
biden unveils health plan doubling afforable care act	gets sick grateful to thank personx responsible gets a raise to be helpful to have the knowledge happy to help others	0	0	0	0	1
biden hint presidential run andrew cockburn disastrous legislative legacy	gets nervous annoyed to protest manipulative gets yelled at to be transparent to be in charge happy to be successful	1	0	0	0	0
injured turtle saved bra	they get a new one happy to help him lucky gets compliments to save money to buy a bra happy to be safe	1	0	0	0	0
supreme court deserves praise reversing taking clause	they are disappointed disappointed to win smart gets a raise to prove his innocence to have a bad reputation satisfied to be a better person	1	0	0	0	0
heartbreak anew num parkland teen sandy hook father dead apparent suicide	father dies sad to cry unlucky gets killed to get back on track to be in school sad to be free	0	0	0	0	1
num marvel superhero film ranked	people are amazed amused to watch them more brave gets a lot of attention to be entertained to be a comic happy to be a hero	0	0	0	0	1
improved prosthetic hand lighter touch easy grip	gets hurt happy to thank personx skilled gets complimented to be able to move faster to practice happy to be more careful	0	0	1	0	0
homeless man sentenced num year probation num gofundme scam	gets caught sad to punish him bad gets caught to be a good citizen to get caught sad to get out	0	0	1	0	0
trump madman theory trade china	people are skeptical annoyed to argue stupid gets into trouble to be a fool to be in the wrong place at the wrong time stupid to make a deal with the chinese	0	0	0	1	0
republican plan rig election decade	people lose money annoyed to protest smart gets elected to win to have a plan happy to win the election	1	0	0	0	0
kim jong-un set condition trump suggests summit	people lose respect happy to listen to personx confident gets fired to be a leader to have a meeting happy to make a decision	1	0	0	0	0
ocasio-cortez put postal service path ruin	people are affected angry to get rid of personx mean gets scolded to be mean to have the right tools powerful to get rid of them	0	0	0	0	1
york lawmaker introduce legislation decriminalize sex work	people are discriminated angry to get a new job powerful gets a raise to be a better citizen to be a politician happy to enforce the law	1	0	0	0	0
stephen colbert tear trump mueller report response innocent person reacts	none none none none none none none none none	0	0	1	0	0
europe failed act num french heatwave ignore ruben hallali	none none none none none none none none none	1	0	0	0	0
virginia beach shooting lead governor call special session gun violence	people are shot scared to get rid of him brave gets shot at to be a hero to have a gun happy to make sure everyone is safe	0	0	1	0	0
letter article blame victim rape case	gets raped sad to get away mean gets arrested to be a hero to have a reason to be accused guilty to be vindicated	0	1	0	0	0
creepy porn lawyer michael avenatti endorses mollie hemingway kavanaugh blockbuster complete trash complete hack	none none none none none none none none none	0	0	0	0	1
st louis prosecutor wesley bell launch independent unit hold police accountable	police lose their jobs angry to get a new case authoritative gets arrested to be in control to be a police officer justified to make a settlement	0	1	0	0	0
jay inslee radical plan phase fossil fuel production	people are affected by the event annoyed to protest smart gets stressed to be a racist to be a racist satisfied to make sure it works	1	0	0	0	0
military contractor found alive reported killed afghan bombing	people mourn sad to mourn dead gets arrested to be safe to be in iraq sad to get a medical bill	0	0	1	0	0
trump find red line iran	gets hurt by the loss angry to get revenge greedy gets a promotion to get a job to have a red line happy to go home	0	0	0	1	0
tom hank parting toy story character woody terrible	gets hurt sad to cry mean personx is scolded to be mean to have a bad day sad to cry	0	0	0	0	1
mcconnell challenger video missing marine dod endorsement disclaimer	to be honest to get a new job to get a new job smart gets yelled at to be correct to have been asked for advice bad about it to get the truth out	0	0	0	0	1
south africa unemployment highest level decade	people are affected by the increase in unemployment annoyed to get a raise rich gets a raise to be a good worker to be in a foreign country satisfied to get a raise	0	0	1	0	0
asked people smoked weed feel	they get burned annoyed to get away with smoking curious gets rejected to be healthier to have cancer satisfied to get some smokes	1	0	0	0	0
egyptian monk face death murdering abbot	people die scared to be left alone brave gets arrested to be feared to be a monk powerful to be a monk	0	0	0	0	1
chinese soldier impressive intimidating jump mud	they get into trouble impressed to get out of the mud brave gets dirty to be impressive to see something scary proud to jump out of the mud	0	0	0	0	1
baltimore writer watkins speak word forgotten black america	none surprised to write a book smart is well known to be a writer to write good to write about it in a journal	1	0	0	0	0
navy seal acquitted murder sentenced posing corpse	people mourn sad to get away criminal gets a death penalty justice to have a murder weapon sad to be a hero	0	0	1	0	0
dad plunge death falling asleep rolling hotel balcony	they cry sad to wake up exhausted gets hurt to be dead to be tired scared to wake up	0	0	0	1	0
clash break jerusalem holy site	people get injured angry to get away from personx violent gets arrested to be mean to be in jerusalem happy to be a leader	0	0	1	0	0
newly released file document fbi participation hunt bigfoot	they get caught grateful to get their files back responsible gets arrested to help the hunt to have a reason for it satisfied to get a new client	0	0	0	1	0
raw data worker earning minimum wage	workers get paid happy to work harder hardworking gets promoted to be efficient to have a job happy to get a raise	0	1	0	0	0
manny pacquiao making terrible mistake	they get into trouble annoyed to avoid him careless gets fired to be right to have a mistake bad to make things right	1	0	0	0	0
execution show supreme court anti-blackness islamophobia	people are killed annoyed to get away racist is avoided by people to show his power to be a judge satisfied to be right	1	0	0	0	0
lyft ipo set stage uber listing spring	people applaud happy to listen to personx prepared gets paid to be a star to be a performer happy to make a good impression	0	0	1	0	0
burger king call police bobcat trapped roof	gets called a hero scared to help scared gets arrested to be safe to be in the car scared to get help	0	0	0	0	1
house republican spin cbo report claim num minimum wage socialism	people are affected annoyed to get their money racist gets yelled to be a good citizen to have a bad attitude good to get the right result	1	0	0	0	0
growing crisis gun campus	people are hurt scared to get away from the situation violent gets stressed to cause trouble to be a cop scared to get a new gun	1	0	0	0	0
florida man describes shocking alligator attack num granddaughter lake	screams scared to run brave gets scolded to be informative to have a reason to do it happy to make her cry	0	0	0	0	1
donald trump completely bonkers house democrat seize record	people lose money sad to win the election irresponsible loses money to win to be a democrat sad to get a raise	0	1	0	0	0
alex morgan tea-sipping world cup celebration ultimate power move	people drink happy to thank personx powerful gets drunk to be a good person to have a cup happy to have fun	0	0	1	0	0
warren lot plan health care	they are stressed worried to help them irresponsible gets sick to avoid sickness to have a bad day worried to get better	0	0	1	0	0
chinese billionaire face charge num scheme smuggle aluminum la	they lose money cheated to get their money back rich gets arrested to be successful to be a good citizen happy to get out	1	0	0	0	0
house democrat rush pas border aid bill july num trump vow veto	people are killed happy to vote greedy gets arrested to be in control to have the authority happy to be a good citizen	0	0	0	0	1
guantnamo case usa government indefinitely detain usa citizen	people lose their jobs bad to be safe powerful is arrested to be correct to be in government happy to be correct	0	1	0	0	0
democratic presidential candidate endorse pro-life house democrat primary challenger	people are voted out of office happy to protest powerful gets a bill for election to be a good leader to be a candidate happy to make sure the candidate wins the election	0	0	0	1	0
chicago police accountability office fails major test	gets a bad grade angry to give personx a warning irresponsible gets scolded to get better grades to do something wrong sad to get a better job	0	1	0	0	0
family pay tribute loveable larrikin car packed teen t-boned	none none none none none none none none none	0	0	0	1	0
kellyanne pelosi treat maid	gets hurt annoyed to be left alone mean gets a kiss to treat me well to be in charge superior to be a good friend	0	1	0	0	0
marijuana bill dead jersey lawmaker move forward referendum	people are arrested angry to get rid of him determined gets arrested to get rid of the old ones to have a problem sad to make sure they do not get caught	0	0	1	0	0
doctor fined num anti-vax social medium post	people are upset angry to keep the post mean personx is reprimanded to be a jerk to be in a bad mood guilty to keep their privacy	0	0	0	0	1
lapd officer fight british cop charity boxing event	people get hurt annoyed to win the fight brave gets arrested to be a hero to be in the presence of the cops happy to get a promotion	1	0	0	0	0
meet underground feminist group provided abortion roe	people get killed angry to protest racist gets arrested to be a racist to be in the group satisfied to get rid of them	0	1	0	0	0
abortion wait ilhan omar double gun violence claim make worse	none none none none none none none none none	0	0	0	0	1
san francisco district attorney harris office stopped cooperating victim catholic church child abuse	get caught angry to get out righteous gets arrested to be a good citizen to have a reason to stop the cases satisfied to make sure the case is closed	0	1	0	0	0
democrat representative al green move impeach trump attack squad	gets demoted angry to win the election aggressive gets arrested to win to have a reason to do so justified to win the election	0	0	0	1	0
zachary high coach host summer baseball camp	play happy to play baseball athletic gets tired to have fun to get a baseball glove happy to have fun	0	1	0	0	0
planet heading catastrophe biden apparently middle ground	people are killed scared to avoid the planet brave is defeated to get out of the situation to have a bad experience nervous to be safe	0	1	0	0	0
putin xi assad maduro versus american hegemon	they are defeated angry to get away smart gets into trouble to get rid of his enemy to be in charge happy to get away with it	0	0	0	0	1
ex-headteacher num stricken motor neurone disease prepares end life dignitas	none none none none none none none none none	0	0	0	1	0
terrified city worker virginia beach shooting hear gunshot	people are shot scared to run away loud people screaming to kill people to be a gun shot scared to run away	0	0	0	1	0
jimmy carter trump didnt win election	they are disappointed disappointed to congratulate personx defeated gets ridiculed to be disappointed to have won sad to celebrate	0	0	0	0	1
dem representative sherman impeachment thing tv talk	people are affected by the news annoyed to listen to personx smart none to be heard to have a reason to do so satisfied to get people's attention	1	0	0	0	0
donald trump ditch dastardly plan save	gets hurt happy to thank personx for saving them brave gets arrested to be saved to have a plan relieved to get away with it	0	1	0	0	0
jesus army shocking report life inside christian cult	people are killed scared to get away from the cult religious gets killed to be in a cult to have seen christian cult scared to kill the cult	1	0	0	0	0
democrat introduce bill reverse trump muslim ban	people vote sad to protest racist gets called a racist to be racist to be a racist happy to change their ways	0	0	0	0	1
sri lanka troop raid militant linked bombing find num body house	people died sad to kill the terrorists violent kill people to kill people to get the people's attention sad to kill people	0	1	0	0	0
screenwriter hiv racked thousand debt pretending dead brother	gets money sad to get rid of him immoral gets caught to get money to have a brother guilty to get money	0	0	0	1	0
arent mass march antiwar movement	people are in a bad situation happy to protest religious is arrested to protest to be in a protest march happy to be a good leader	0	1	0	0	0
maher schiff youre stalking trump	gets nervous angry to get away from personx mean gets arrested to be in control to have a reason to stalk justified to get rid of me	0	0	0	0	1
italy explains refusal recognize venezuela guaido	they learn about it too annoyed to get an answer stubborn gets rejected to be stubborn to be a foreigner annoyed to be a good example	0	0	0	0	1
cricket world cup summer dream turning washout nightmare adam collins	gets hurt sad to get revenge on personx for his mistake ambitious gets stressed to have fun to have a dream sad to get out of the situation	1	0	0	0	0
starbucks promised recyclable drink lid dont hype	people are offended annoyed to listen untrustworthy gets yelled at to be polite to be a leader satisfied to be heard	0	1	0	0	0
donald trump impeachment turn crucial corner	people lose respect for personx annoyed to listen to personx smart gets yelled at to be a better person to be in charge of a situation bad to change things	0	1	0	0	0
democratic candidate court black voters; biden apologizes	vote angry to protest racist gets a black eye to be a good citizen to have been asked to vote guilty to make a speech	0	1	0	0	0
nra supreme court move forward gun case nyc attempt undercut suit	none none none none none none none none none	0	0	0	0	1
senate extended september num victim compensation fund num	people lose money grateful to thank them for their service greedy gets a raise to get a better deal to have a budget satisfied to get a new budget	1	0	0	0	0
frightening drug-resistant infection cropping world	people are affected by the disease scared to get rid of him sick gets sick to be a bad influence on others to have been infected sick to avoid drugs	0	0	0	0	1
judicial crisis network ad dems release scotus nominee list	people are affected by the change in the company angry to protest powerful gets fired to be a good citizen to be in a meeting happy to be a success or a failure	0	0	0	0	1
jeffrey epstein prosecutor aided excellent investigative journalism	people are saved grateful to win smart gets a promotion to be successful to have the skills satisfied to win the case	0	0	1	0	0
s&p num hit fresh record high trade optimism	they are disappointed disappointed to encourage him smart gets a promotion to win to have been given a high score happy to get a new job	0	1	0	0	0
cooking cartoonist guilt-free way prepare octopus	they eat annoyed to eat the food unintelligent gets dirty to be a good cook to have the ability to cook happy to eat	1	0	0	0	0
tillis democratic challenger brings num week	people lose their homes happy to protest powerful gets a raise to win to have a lot of money happy to make a difference	0	0	0	1	0
jeffrey epstein abused victim serving time florida accuser lawyer	people are hurt sad to get their money back mean gets arrested to defend his position to have been abused guilty to get their point across	0	1	0	0	0
buttigieg question third-trimester abortion hypothetical	people are asked to leave the country annoyed to avoid personx smart gets called out to be accurate to have the knowledge smart to be correct	0	0	0	0	1
house bill bar israel usa military aid detain palestinian child	children are enslaved sad to get a better deal responsible is arrested the people to be in military sad to be a good leader	0	1	0	0	0
most-active gold future end month num percent higher	loses money happy to win the competition determined loses money to win to be a good gambler happy to be successful	0	0	1	0	0
sri lanka catholic church cancel sunday mass week deadly bombing	people pray angry to repent for their sins religious loses money to be religious to have a sermon guilty to repent	0	1	0	0	0
youtube face federal investigation allegedly violating childrens privacy	people are questioned annoyed to find out what happened smart gets arrested to be a better person to be in public nervous to get away with it	1	0	0	0	0
dc comic sends cease desist cortez comic book cover	people get caught annoyed to read comic books mean gets fired to be a comic to be a comic happy to be a comic book author	0	0	0	0	1
boris johnson risk losing seat election	loses money disappointed to win nervous gets nervous to be a better candidate to be in a political situation nervous to get back on their feet	0	0	0	1	0
el paso dayton shooting werent aberration statistical certainty	people get killed none none unintelligent a mistake none to be a statistic like a failure of human nature to be a statistic	1	0	0	0	0
rod rosenstein reveals damaging info obama admin handling russia probe target medium comey	none none none none none none none none none	0	0	0	0	1
rescue team search british man vanished taking jet ski sea tenerife	none none none none none none none none none	0	0	0	1	0
game throne white walker coming	people lose respect for personx happy to be safe powerful gets praised to be powerful to be a king happy to be the king	1	0	0	0	0
baby death rhode island num operator receive enhanced training	people are saved scared to help skilled gets a raise to be helpful to be a manager sad to be successful	0	0	1	0	0
week brexit theresa stop wont stop	gets hurt annoyed to get away from personx persistent gets arrested to get it done to be in a fight with personx annoyed to stop	0	1	0	0	0
north carolina man pleads guilty num murder num muslim student	people are dead sad to protest guilty gets arrested to get rid of a criminal to be a racist guilty to make up a story	0	1	0	0	0
mexico government foolishly think reason trump	people are fooled annoyed to argue naive gets fired to be right to be in government stupid to get away with it	0	1	0	0	0
nasdaq track monthly gain num percent january	they are praised happy to encourage him to keep up competitive gets a lot of money to be competitive to be in a competition happy to win the race	0	0	1	0	0
beto defeat dangerous trump risk unraveling democracy generation	people are affected happy to protest smart is praised to be a leader to have a good sense of ethics powerful to be successful	1	0	0	0	0
exclusive--buddy carter mueller hearing disaster democrat	loses money angry to get their point across influential gets yelled at to be right to be in a debate bad to win the election	1	0	0	0	0
health apps share data study show	gain knowledge informed to learn smart gets thanked to be a better person to be a professor smart to be a good leader	1	0	0	0	0
august wti oil num cent num percent num ahead nymex settlement	none none none none none none none none none	0	0	1	0	0
turkey zealand row christchurch massacre	people die surprised to thank him religious gets dirty to be a christian to go to church satisfied to be a success	0	0	1	0	0
democrat pas resolution condemn president named trump [satire]	people vote sad to protest wise is looked down on to be correct to be a politician happy to vote for the president	0	0	0	0	1
san francisco ditched dumb ipo tax	gets caught annoyed to find out what personx is doing irresponsible gets caught to be a better person to be a bad influence happy to get a new job	0	0	0	1	0
emerging market stock fund suffer num withdrawal	people lose money sad to make sure they are safe poor gets a receipt to make money to make a profit sad to make more money	0	0	1	0	0
internet agreement tormund mood-lightening mvp game throne	gets excited happy to win confident gets a raise to win the game to be in charge of the game happy to win the game	0	0	1	0	0
earthquake magnitude num aftershock reported ridgecrest calif	people are shocked scared to get away from him violent is reported as an incident to be safe to be in the wrong place scared to be a hero	1	0	0	0	0
mlb open delhi office bid gain india foothold	people are affected happy to thank personx greedy gets a new job to gain more influence to get a job happy to make a profit	0	0	0	0	1
ralph nader grandniece died ethiopian plane crash; urging boycott boeing jet	none none none none none none none none none	1	0	0	0	0
arte johnson verry interesting comedian laugh-in dy num	laughs amused to laugh funny is laughed at to be funny to be a comedian happy to tell a joke	1	0	0	0	0
greta thunberg teach autism climate change ian birrell	people are influenced annoyed to listen to personx smart personx is a teacher to educate others to have knowledge satisfied to be thanked	1	0	0	0	0
thousand taxi driver sign uber claiming service left bankrupt	gets angry angry to get their money back greedy gets yelled at to be in charge to be in the wrong business powerful to get a receipt	0	0	0	1	0
breakthrough mystery woman autoimmune disease	they are treated better grateful to get away from personx smart gets a disease to be a doctor to research smart to get a prescription	1	0	0	0	0
eye plan cut diplomatic staff afghanistan iraq	people are shot nervous to protest diplomatic gets attacked by taliban to be a diplomatic leader to get supplies nervous to get rid of the staff	0	0	0	1	0
jussie smollett win naacp awardand host anthony anderson hope system worked	none none none none none none none none none	0	0	0	0	1
baseball sport justifies optimism opening day	they get into trouble annoyed to listen to personx smart gets yelled at to be right to be a good sport justified to be successful	1	0	0	0	0
small step president giant leap pyongyang	people are influenced happy to protest ambitious gets praised to be a leader to be a politician happy to make a difference	0	0	0	1	0
outsize imagination orson welles	they get a good grade impressed to ask questions imaginative gets called out to be creative to be a dreamer happy to make a documentary	1	0	0	0	0
mike lee bill enforce regulation representation	people are affected annoyed to protest powerful gets yelled at to be in charge to have authority powerful to enforce rules	1	0	0	0	0
dont beto orourke kill medicare	gets hurt sad to be safe willful gets arrested to save others to be a doctor happy to save people	0	1	0	0	0
deficit widens num billion month num	they get a lot of money happy to get a good deal powerful gets a lot of attention to be the best to have a lot of money happy to make a profit	0	0	0	1	0
double talk trump favorite dictator	they get stressed annoyed to listen arrogant gets yelled at to be in control to have a lot of experience with the subject happy to be a dictator	0	0	0	1	0
comey lying outed australian mifsud entrap papadopoulos	none none none none none none none none none	0	0	0	0	1
ukraine presidential election prof country democratic spirit alive	vote happy to win the election influential gets praised to win to be a politician happy to win	1	0	0	0	0
bernie pelosis incremental approach health care medicare	they are healthier sad to get better cautious gets sick to avoid disease to have a disease relieved to get better	1	0	0	0	0
nekhidia harris born doctor live past num day college grad	none none none none none none none none none	0	0	0	0	1
perjury fantasy barr didnt commit perjury fact	is shocked angry to argue smart is not guilty to prove the facts to have seen the evidence satisfied to be correct	1	0	0	0	0
kentucky legislature pass bill stripping grime authority state board election	people lose money angry to win the election powerful gets called a racist to be in control to have authority powerful to win	0	0	1	0	0
num pay school lunch debt entire class	gets a receipt happy to thank him for it responsible gets a receipt to be responsible to go to school happy to get a job	1	0	0	0	0
hey trump eye history watching	people look at person x impressed to be entertained curious gets into trouble to be entertained to be watching something happy to be a hero	0	1	0	0	0
german family plead return stranded isi child	they cry sad to go home desperate gets yelled at to be a good person to have lost their home sad to be a good family	1	0	0	0	0
mueller report released read	they are informed informed to ask questions about the report informed gets asked questions to be informed to read good to write it down	0	1	0	0	0
exclusive juanita broaddrick clinton jeffrey epstein statement denial worthless	you are wrong surprised correct rude are  correct to have a conversation satisfied to be correct	1	0	0	0	0
jared kushners telling indifference refugee	they are forced to leave annoyed to get rid of him mean gets yelled at to be mean to have a reason justified to be left alone	1	0	0	0	0
controversy town road reveals problem race	people are affected annoyed to argue smart gets yelled at to be a good citizen to have a good argument good to make people understand the issue	0	1	0	0	0
female reporter assaulted antifa expose charlottesville	people are hurt angry to get away mean gets arrested to be a reporter to have a gun satisfied to get away with it	0	0	0	0	1
trump slap back fake report delivers detail agreement mexico	gets a new job annoyed to get a new job dishonest gets yelled at to be a liar to be in mexico satisfied to make a deal	0	0	0	0	1
bernie sander boss worst nightmare	to be safe scared to avoid him bad gets a headache to be scary to be a nightmare scared to be a nightmare	0	1	0	0	0
protester flood london street trump meet british prime minister	people get killed by the bombs annoyed to get rid of the people rude gets dirty to get people to vote to be in the presence of the public happy to make people angry	0	0	1	0	0
ilhan omar word hate feel	gets offended confused to listen to personx wise is misunderstood to be honest to be a teacher good to be a good listener	1	0	0	0	0
brexit party arrives european parliament	people are invited happy to thank personx curious gets invited to the diplomatic party to be in control to get ready for the party happy to have a good time	1	0	0	0	0
google suspends partial business china huawei trump blacklist	people are disappointed angry to punish him mean gets yelled at to be a better person to have a reason to be wrong guilty to get back to their job	0	0	0	0	1
regret inform trump lawyer crucial civil right case	gets into argument angry to get their case cautious is yelled at to be correct to be in court sad to get a lawyer	1	0	0	0	0
illegal federal official work trump	people are affected by the information annoyed to protest corrupt gets arrested to win the election to have the authority happy to get a good deal	0	0	1	0	0
man charged killing num elderly woman	are dead sad to get revenge violent gets arrested to kill women to be a criminal guilty to make sure the women are dead	0	0	1	0	0
taiwan puppet master push ancient art alive	people are grateful to personx grateful to thank personx talented gets praised to be a good teacher to be a teacher happy to teach the art	0	0	1	0	0
surprising history standard deduction	they learn something new surprised to ask questions smart gets a good grade to be correct to have a lot of knowledge smart to be right	0	0	0	1	0
israeli soldier routinely detain palestinian child throwing rock	children are hurt scared to get away mean gets arrested to protect children to be in military happy to keep the children safe	1	0	0	0	0
miracle plane crash florida river death	people are dead sad to cry lucky gets hurt to be a good swimmer to be in florida sad to get a new job	0	0	1	0	0
man stressed friend dog feel owner anxiety	gets stressed worried to make personx feel better worried gets stressed to feel better to have a dog worried to get a dog	0	0	1	0	0
missouri state abortion clinic	people are healthier happy to help personx sick gets arrested to get rid of cancer to have a reason relieved to get a better job	1	0	0	0	0
flip side billionaire robert smith student loan surprise	gets shocked surprised to get their money back rich gets a big check to make money to have a lot of money happy to make sure they are ok	0	0	0	1	0
game throne attack killer zombie	people are dead defeated to get away from the killer evil gets killed to kill to be in the wrong place at the right time powerful to kill them all	1	0	0	0	0
ukraine seizes russian tanker free crew moscow threat	russia angry to get away from him aggressive gets a bad reputation to be a bad influence to have the authority angry to make sure the shipment is safe	0	0	0	0	1
usa make ally side china	people lose their jobs angry to get rid of him aggressive gets yelled at to be in power to be a racist sad to win	1	0	0	0	0
democratic presidential debate num candidate onstage	they are asked questions about the candidate happy to win the debate confident get's the job done to win to be in a meeting happy to make a speech	0	0	1	0	0
father fight daughter alive anti-vaccine sentiment swell italy	they are treated better grateful to stay safe aggressive gets arrested to be a hero to have been vaccinated happy to get away with it	1	0	0	0	0
driver cheaper collision car insurance tip	gets money sad to pay them for their services lucky gets stressed to be safe to have a licence happy to get a new car	0	0	1	0	0
trump turn supreme court democrat move impeach	they are surprised angry to protest powerful gets called a racist to be in power to have a case justified to win	1	0	0	0	0
trump rail potential mueller hearing bob mueller testify	people are more informed annoyed to listen to personx smart gets yelled at to be correct to be a journalist nervous to be heard	1	0	0	0	0
num injured shooting walmart el paso	people are injured sad to get medical help injured gets a bandage to be a hero to have shot a gun sad to get medical attention	0	0	0	1	0
suspect reportedly steal man vehicle man child inside suspect find hard picked wrong car jack	none none none none none none none none none	0	0	0	0	1
panic war iran info operation preserve iran deal	people lose money nervous to protest strategic gets killed to save the company to have a meeting nervous to get a new deal	0	0	0	0	1
trump defend disastrous failure	they are disappointed disappointed to win unintelligent gets scolded to be successful to have failed defeated to make things better	1	0	0	0	0
num way fix america fiscal mess	people lose their homes angry to get rid of him resourceful gets yelled at to be efficient to have the tools satisfied to get a new job	0	0	0	1	0
trump administration drafting plan drug import canada	people get a better deal happy to get a new product smart gets money to make money to have a plan happy to make sure they do not get into trouble	0	0	0	1	0
patient request pizza hospital window great response	gets a tip happy to help to give the order hopeful gets a pizza to be healthy to ask for a tip happy to get a pizza	0	0	0	0	1
mark zuckerberg supreme court facebook coming	people read the message happy to read the text confident personx is asked to sign a petition to be correct to be in court happy to be heard	1	0	0	0	0
num hopeful julin castro vow break ice call trump asylum rule unconstitutional	none none none none none none none none none	1	0	0	0	0
dutch police arrest syrian suspected war crime terror	they get arrested scared to get away criminal gets arrested to be a hero to have been arrested powerful to make sure they are ok	0	0	0	1	0
france warns un unilateral path mideast peace	people are safe annoyed to listen wise is respected by others to be a leader to have a policy good to be a good citizen	0	0	0	1	0
kellyanne conways irish ancestor enemy trump dad arrested klan riot num	none none none none none none none none none	0	1	0	0	0
canadian transportation agency announces plan enhance accessibility canada national transportation system	people are affected by new information grateful to thank personx smart personx is thanked to help the environment to have a budget happy to get a contract	0	0	1	0	0
f1 lewis hamilton overtakes michael schumacher highest-paid driver history	001 % of the competition happy to be a good driver skilled 001 to be successful to practice good to win the race	1	0	0	0	0
corruption tie bind trump-era republican	people are affected cheated to protest corrupt gets a raise to make a change to be a politician powerful to be a success	1	0	0	0	0
mr president making dc glitziest dinner dull	people are fed annoyed to eat lazy gets yelled at to eat to be a politician happy to be a leader	1	0	0	0	0
good news democracy good health	people are healthier happy to thank personx smart is thanked by people to help people to have a good health happy to be successful	0	0	1	0	0
dan crenshaw slam chuck schumer immature deeply cynical reaction deal mexico	people are shocked annoyed to get away from him rude gets yelled at to be correct to be a jerk satisfied to be a leader	0	0	0	0	1
ice begin nationwide raid undocumented immigrant	people are killed scared to get away aggressive gets arrested to be a leader to have a lot of people satisfied to make a difference	0	0	0	1	0
num nobel peace prize awarded surgeon slave	they get a medal happy to win the award proud gets a medal to be successful to apply for the position proud to get a medal	0	0	1	0	0
swac medium day grambling confidence site conference championship game	they are disappointed happy to win untrustworthy gets praised to be successful to have a good reason happy to be successful	0	1	0	0	0
backpoch tottenham fan urge daniel levy back bos mauricio pochettino	none none none none none none none none none	1	0	0	0	0
colorado baker face legal battle refusing bake transgender cake	people eat cake angry to make sure they eat the cake stubborn gets yelled at to be stubborn to have the right ingredients angry to make more money	0	0	0	0	1
judge napolitano american troubled amoral deceptive trump exposed mueller report	none none none none none none none none none	0	0	0	0	1
pizza deliveryman called num naked child man motel room honored police	gets called a liar scared to help personx scared gets called to help to have seen a naked man scared to call 911	0	0	1	0	0
barr confirms key mueller finding trump directed criminal scheme violate campaign-finance law	gets caught angry to be correct willful gets arrested to be a good citizen to have information happy to get a new job	1	0	0	0	0
white house effort stop visa overstays target nation offender	people lose their homes grateful to protest responsible gets arrested to be helpful to have a policy happy to be a success	1	0	0	0	0
iran foreign minister iran talk ballistic missile	people lose their jobs angry to get a diplomatic response intelligent gets attacked to be a diplomatic leader to be a minister nervous to make a decision	0	0	0	0	1
num winner num loser democratic presidential fundraising quarter	they are congratulated sad to congratulate them proud gets a medal to be the best to be in a contest happy to win the race	1	0	0	0	0
premier league transfer news rodriguez maguire asensio sane felix perisic	none none to be a good listener smart none none to have a meeting happy to make a report	1	0	0	0	0
aoc claimed world end num year climate change addressed changing tune	none none none none none none none none none	0	0	0	0	1
trump political correctness caused kentucky derby upset	people are affected angry to argue mean gets yelled at to be right to be in the wrong place justified to make people angry	0	1	0	0	0
conway doesnt contradict mcgahns testimony cast doubt	gets into trouble annoyed to listen to the information skeptical is questioned to be correct to be a witness confused to be correct	0	0	1	0	0
congress scrap provision restrict irs competing turbotax	people lose their money annoyed to protest greedy gets a budget cut to be in control to have a budget powerful to be a good leader	0	0	1	0	0
washington post editorial board slam sander teacher union charter school opposition	students get in trouble angry to get away from the situation mean gets scolded to get away from the administration to get into trouble angry to get their point across	0	0	0	0	1
obama warns border tremendous crisis	people lose their jobs scared to get rid of him brave gets a warning to be correct to have been a racist before relieved to be correct	0	0	0	0	1
twitter file motion dismiss nunes suit twitter user rule political	people are offended angry to protest racist personx gets into trouble to not be discriminated to be a racist good to be left alone	1	0	0	0	0
novak djokovic qualified backing disgraced justin gimelsto	gets into trouble angry to thank personx powerful gets yelled at to be a good friend to be a manager justified to get a good reputation	1	0	0	0	0
july wti oil num num percent settle num nymex	none none none none none none none none none	0	0	1	0	0
time co2 tree grew south pole	they get a new plant happy to get a new plant old gets dirty to have a good time to have a good time happy to buy a new tree	0	1	0	0	0
border patrol facing unprecedented immigration crisis border	people lose money scared to get out of trouble brave gets arrested to be a hero to have the resources to handle the situation nervous to get a new job	0	1	0	0	0
biden fire nostalgia segregationist senator	gets burned annoyed to avoid him unintelligent gets burned to be a bad influence to be in a bad situation guilty to get away with it	0	1	0	0	0
aap rocky freed swedish jail pending assault trial verdict	they are sentenced sad to get out of jail guilty gets a lawyer to be free to have a criminal record sad to get a lawyer	1	0	0	0	0
call action mass shooting el paso dayton	people are shot scared to get away scared gets arrested to be safe to have a reason to go to the border nervous to get out of the situation	0	0	1	0	0
trump sue lawmaker ny official thwart potential release state tax return	gets caught angry to file appeal mean gets sued to be in power to be in court justified to get a lawyer	0	0	0	1	0
warren sander refuse cozy wall street donor	gets nervous annoyed to get to know them rude gets ignored to avoid people to have a reason annoyed to be left alone	0	1	0	0	0
medium lie trump cover brutal reality late-term abortion	people are hurt sad to get away with it deceitful gets caught to cover up the truth to have a reason to lie guilty to be a liar	0	0	0	0	1
man imprisoned drunk driving body turn food alcohol	gets drunk angry to get away from him immoral gets arrested to be a criminal to have drunk ashamed to get drunk	1	0	0	0	0
haru coryne join propublica illinois data reporter	people are interviewed happy to be involved to get a good deal smart gets paid to be successful to have the information satisfied to write a book	0	0	1	0	0
psychoanalyst apologize labeling homosexuality illness	people are treated better grateful to thank personx for their honesty smart gets scolded to be helpful to have a problem with people relieved to help people understand	0	0	1	0	0
house republican join democrat voting amnesty num million non-citizens	people are discriminated against happy to vote for their rights racist to vote for the right to vote to vote happy to win election	0	0	0	1	0
trump labor secretary insists sweetheart deal billionaire predator	gets a raise happy to thank him confident gets a raise to be successful to be a good salesman satisfied to get a good deal	0	0	0	0	1
high wind wreak havoc window washer high-rise	people get hurt annoyed to get revenge careless gets yelled at to be mean to be careless guilty to get a new car	1	0	0	0	0
trump expanding obamacare good	people are more successful happy to support him ambitious gets praised to be successful to have the right equipment happy to be successful	0	0	0	1	0
washington post publishes abortion article stupid wont	people get shocked and cry shocked to write a caption stupid gets fired to be right to read the article ashamed to tell others	0	0	0	0	1
num snake scare oklahoma man poke head dryer vent	gets scared and runs scared to run away creepy gets yelled at to scare the man to get into the car satisfied to scare the snake away	0	0	0	0	1
dem representative slam chase bank tweet discouraged wasteful spending	people are offended annoyed to get their money back rude gets yelled at to be a good citizen to have the authority to do so satisfied to get a good deal	0	0	0	1	0
hurd he leaving congress gop diverse	people get more jobs happy to protest influential gets arrested to be more powerful to have a lot of people to help them happy to be a better leader	0	0	1	0	0
state department admits num security breach related clinton email	people are reprimanded angry to file a complaint authoritative gets fired to be a good citizen to be a government employee angry to get the job done	0	0	0	0	1
sergio moro suggestion brazil anti-corruption prosecutor plotted leak secret evidence aimed helping venezuela opposition	none none none none none none none none none	0	1	0	0	0
dear therapist wife pregnant child	gets a baby happy to be a good mother caring gets a baby to have a child to be married happy to have a baby	1	0	0	0	0
drug war hidden foster care crisis	people are taken advantage of sad to get away scared gets abused to be a better person to have been abused sad to get out of jail	0	0	0	1	0
num migrant child separated parent year	parents are worried sad to cry sad gets stressed to be alone to be in a bad environment sad to go home	1	0	0	0	0
inevitable emptiness num met gala	people are dead sad to be left alone unmotivated gets a new job to be a failure to have been invited to the party sad to get away from the scene	1	0	0	0	0
un tell italy proposed decree violates migrant right	people are forced into hiding angry to get away willful gets arrested to enforce to have a proposal happy to enforce the law	0	0	1	0	0
day russian election meddling a-ok trump	people get into trouble annoyed to protest mean is a politician to be a good person to have been asked to vote happy to be a good citizen	0	1	0	0	0
federal judge block part trump border wall construction	people get arrested annoyed to thank person x smart gets caught to be in control to have a reason to do so happy to make sure people do not get hurt	0	1	0	0	0
draftkings arena football league launch fantasy sport game	they get a trophy competitive to win the game competitive gets a trophy to be a star to have a strategy excited to win	0	0	1	0	0
lucy flores discus allegation biden	they get into a fight angry to argue mean gets accused to be heard to have a case justified to get their point across	0	0	1	0	0
palestinian eu russia un counter peace plan	people lose money annoyed to get rid of him aggressive gets arrested to be in control to be in charge of policy good to win	0	0	0	1	0
greta thunberg climate activist spite autism	none none none none none none none none none	1	0	0	0	0
dow drop num point num percent num	001 disappointed to win skilled gets a high score to show off to be playing baseball good to be a winner	0	0	1	0	0
ro khanna force beltway bandit refund million price gouging	loses money cheated to get even with personx rich gets a receipt to get even to have a lot to pay for it happy to get a good deal	0	0	0	0	1
august wti oil trade num versus num rig data	none none none none none none none none none	0	0	1	0	0
signature bank upgraded overweight neutral jp morgan	they are more affluent annoyed to get their money back lazy gets a receipt to be a better salesman to make a decision happy to get a raise	0	0	1	0	0
duke energy applauds trump decision uranium production	they get a good grade happy to get paid smart gets praised to be a good leader to be a scientist happy to be successful	0	0	1	0	0
propublica win hechinger grand prize distinguished education reporting	they are proud proud to congratulate person x smart gets praised to be famous to be a winner proud to get a good name	0	0	1	0	0
marine le pen claim tricked preforming white-power salute	people are fooled annoyed to get away deceitful gets scolded to be a good person to be a follower ashamed to be successful	0	0	0	1	0
watch buttigieg explain woman shouldnt vote qualified sister	they get fired annoyed more informed intelligent none to help women to have a reason to vote for the women satisfied to be right	0	0	0	0	1
angela merkel reject trump racist remark stand solidarity ilhan omar	gets yelled at offended to be heard racist gets called racist to be heard to be a racist happy to be heard	1	0	0	0	0
detective preached gay people worthy death case reviewed bias	people are dead sad to listen to the cases righteous gets called a racist to make people believe they are worthy of death to be a preacher justified to make people believe they are worthy of death	0	0	1	0	0
ridgecrest earthquake aftershock move dangerous fault sparking concern triggered temblor	people are affected worried to be saved careless people to be a hero to have a problem worried to be a hero	1	0	0	0	0
doj announces release num prisoner step act effect	people lose their homes happy to protest the decision powerful gets arrested to be in control to have a speech happy to make sure the prisoners get out safely	0	0	0	0	1
playboy brian karem think seb gorka banned wh gorka tell karem pas back	none none none none none none none none none	0	0	0	0	1
gop anti-choice zealot threatening lurch america cold civil war	none none none none none none none none none	0	1	0	0	0
foreign policy war corporate power	people are affected by the new policy angry to win the war powerful gets attacked to be a good citizen to be a politician powerful to be successful	1	0	0	0	0
book recent release richard holbrooke america hidden empire	people lose money happy to read the books smart is praised to be a writer to have the books happy to publish the book	0	0	0	1	0
malawi antibiotic crisis drug work	gets sick sad to help personx careless gets sick to be healthy to be sick sick to get better	0	0	1	0	0
drugmakers settle california deal generic medication market	gets a receipt happy to get their money smart gets a receipt to avoid drugs to have the right drugs satisfied to get a better deal	1	0	0	0	0
attorney preet bharara slam rudy giuliani downplaying impact taking info russia	none none none none none none none none none	0	1	0	0	0
peak avalanche family jealousy high sky	gets hurt annoyed to get away careless gets yelled at to be a pest to be in a group happy to have a party	0	1	0	0	0
clean-up aisle num kimberley strassel spot convenient post-mueller medium scoop	none none none none none none none none none	0	0	0	0	1
trump dangerously close war iran	they are afraid nervous to win dangerous gets stressed to be a threat to have a conflict nervous to win	0	1	0	0	0
dnc raise bar democrat qualify primary debate	vote grateful to vote smart gets called a racist to be a good leader to debate good to win the election	0	0	0	0	1
american psycho author stick fiction	people are more informed annoyed to listen to personx dumb gets called dumb to be a writer to read a lot smart to write a book	0	0	0	0	1
utah karaoke ax-throwing bar pool table circumvent stupid liquor law	people get drunk annoyed to have fun immature get drunk to have fun to be a joker drunk to get drunk	0	0	0	1	0
mass shooting dayton ohio; num killed num injured	people are dead sad to get medical help injured gets killed to be safe to shoot a gun sad to get medical attention	0	0	0	0	1
pompeo warns russia usa wont tolerate election interference	they get into trouble annoyed to protest authoritative gets criticized to be correct to have the information justified to get a vote	0	0	0	1	0
sen durbin mueller testimony bring breakthrough	people are affected by what happened angry to listen to personx unintelligent is ignored to be a success to have a good story sad to be a good listener	0	1	0	0	0
public land visitor surge federal management fund decline	people are affected annoyed to get their money back powerful gets a raise to be in power to be a government official nervous to get a new job	0	0	1	0	0
sally rooneys normal people tough beat book year	they get hurt sad to be successful confident gets beat up to be tough to be in a tough situation proud to be successful	1	0	0	0	0
tunisia foreign minister democracy tool fight terrorism extremism	none none none none none none none none none	0	0	0	1	0
meet data institute class num	students are taught interested to learn smart gets called a failure to learn to have a degree smart to make sure they understand	0	0	1	0	0
polish opposition rally condemn attack lgbt march	they are attacked angry to protest willful gets arrested to defend to have heard the arguments of the people good to win the election	0	0	1	0	0
cnn disgrace mueller report shatters medium dream	people are disappointed angry to get revenge untrustworthy gets fired to be a fraud to be a fraud sad to be a better person	0	0	0	0	1
trump twitter attack num test	people are killed annoyed to get a better job stupid gets a medal to be a better person to have a problem nervous to get better	1	0	0	0	0
climate scientist partner mckinsey push company self-regulate	they get sick of it enlightened to get a good deal intelligent gets a promotion to be a better person to be a scientist good to be successful	0	0	0	0	1
republican dead planet earth	people die sad to get rid of him dead gets killed to die to be dead dead to be dead	1	0	0	0	0
support num republican house pass equality act	people get into trouble happy to protest racist gets arrested to be a good example to have a good reason to vote happy to be a good citizen	1	0	0	0	0
trump shadow war climate science	people get killed annoyed to avoid personx intelligent gets killed to be a hero to have a reason to do so happy to get a better job	0	0	0	1	0
carl benedikt frey robot revolution prepare worker revolt	people lose their homes angry to protest powerful to be correct to be successful to be a leader powerful to make a difference	1	0	0	0	0
liz warren stunned voter confronts claiming native american heritage	people are surprised surprised to get away from him ignorant gets yelled at to prove his / her heritage to have heard rumors surprised to tell everyone about the heritage	0	0	0	0	1
trump furious underling made bad mueller report	gets fired annoyed to apologize angry gets yelled at to be heard to be in charge upset to make a report	1	0	0	0	0
koch network back dem candidate num	they get hired grateful to get their job helpful gets a raise to help to have the skills to do it happy to make a speech	0	0	0	1	0
strike paralyzes haiti protester demand president ouster	people lose their jobs upset to get away from the scene aggressive gets shot to be a leader to have the authority satisfied to get rid of the haqords	0	0	1	0	0
loyal chris christie face jail time bridgegate	gets caught sad to get out of jail responsible gets arrested to be a better person to have a bad reputation guilty to get out	0	0	1	0	0
greta van susteren back tv	they get yelled at happy to watch a show bored gets yelled at to watch something else to turn on the tv happy to watch a movie	0	0	0	0	1
craig indictment mueller probe sends ripple swamp	gets into trouble annoyed to find out what happened aggressive gets caught to be a bully to be a journalist satisfied to get away	1	0	0	0	0
warren manufacturing plan echo trump america	people get killed annoyed to listen smart gets a raise to be successful to be a racist happy to make a profit	0	0	0	0	1
security boeing num safety system scrutiny; terror christchurch	people lose money safe to make sure the flight is safe responsible none to save people to have the necessary equipment nervous to be safe	0	0	0	1	0
college student call millionaire sander hypocrite	they get into a fight angry at person x to get their point across arrogant gets yelled at by the professor to make people understand to be a racist justified to get away with it	0	0	0	0	1
slap face brigitte gabriel legal immigrant drop hammer dems pushing open border	none none none none none none none none none	0	0	0	0	1
un right chief appalled condition migrant	people lose their homes angry to protest disgusted gets a new job to be a racist to observe the situation disgusted to make a difference	0	0	1	0	0
couple infuriate official landing helicopter middle california nature reserve	gets nervous annoyed to go to the airport arrogant gets yelled at to get away to be in a helicopter angry to go to the hospital	0	0	0	1	0
commander al qaeda operating afghanistan	people are killed angry to help the people strategic gets shot at to be in control to be in the army happy to get a promotion	0	0	0	0	1
russia violates critical nuclear treaty nato speaks	people lose their jobs angry to protest aggressive gets shot to be a bad influence on people to be a spy bad to get away with it	0	0	0	0	1
thing worse mad daenerys	gets yelled at angry to get away unlucky gets scolded to be a bad person to have a bad experience upset to get away from the situation	1	0	0	0	0
man fall death airplane london	cries sad to help him unlucky gets buried to get out of danger to have been shot dead to get help	1	0	0	0	0
caliphate crumbled isi haunt yazidi refugee canada	people die sad to get away aggressive is hated to be saved to have a reason sad to be successful	1	0	0	0	0
governor veto mean hawaiian continue suffering property right violation	people are affected annoyed to avoid personx willful gets sued to be a good citizen to be a racist sad to be a good citizen	1	0	0	0	0
search warrant show zealand far-right terrorist inspired copycat california	people are affected by the new policy annoyed to get away from personx arrogant gets arrested to be a better person to have been asked to do something by the government satisfied to make a documentary	1	0	0	0	0
earthquake leaf dozen home unfit living trona	people are homeless sad to get rid of the neighborhood irresponsible gets arrested to be alone to be a bad influence sad to be a better person	1	0	0	0	0
georgia murderville devonia inman finally chance prove innocence	none justified none brave or her innocence to be right to be a fraud justified / or herself to everyone	0	1	0	0	0
tds meltdown mexican trump supporter assaulted psychotic androgynous liberal post office wearing maga hat	none none none none none none none none none	0	0	0	0	1
iranian minister iran bullied	they are forced to do things angry to protest smart gets a raise to be safe to be a minister upset to be a good leader	0	0	1	0	0
malkin epstein bean buck democratic donor sex-creep club	none none to get away with it immoral gets arrested to be a good citizen to have sex happy to be a good citizen	0	0	0	0	1
german minister fine anti-vax parent num mandate compulsory shot	they get into trouble upset to get rid of him mean gets stressed to be a good citizen to have the authority bad to get rid of the bad kids	0	0	0	0	1
unbearable emptiness presidential debate	people lose respect for personx annoyed to win the debate ignorant gets stressed to be the best to be in a debate sad to be a better speaker	0	1	0	0	0
scouted tom added issue charitable portfolio ending gun violence access safe water	none none none none none none none none none	0	1	0	0	0
narendra modis election challenge create job lot	people lose happy to win determined gets a lot of money to be a good candidate to have a lot of work happy to get a raise	1	0	0	0	0
scouted buffy cloud comforter sale amazon	none none none none none none none none none	0	1	0	0	0
newsletter week gilroy mass shooting stun nation	people lose their jobs angry to get rid of personx aggressive gets arrested for killing gilroy to kill the people to be a politician happy to get away with it	1	0	0	0	0
chill bear bliss soaking trouble bath	gets wet happy to have fun lazy gets wet to be alone to have a bath happy to get a drink	0	0	1	0	0
wrongfully jailed decade year died hit-and-run	none none none none none none none none none	1	0	0	0	0
trump blame migrant father drowning daughter	gets grounded sad to get away from him mean gets yelled at to be mean to have a bad experience sad to apologize	1	0	0	0	0
sol pais woman wanted columbine threat dead	gets nervous angry to get away from personx mean gets arrested to be in power to have a gun angry to get away	0	0	1	0	0
inflation denier anti-vaxxers economic world	people are criticized annoyed to get rid of him mean gets into trouble to be a good person to be in politics justified to be successful	0	0	1	0	0
nc gop candidate likened repealing lgbtq protection rescuing jew wwii	none none none none none none none none none	1	0	0	0	0
burkina faso church attack leaf num dead	people lose their homes sad to get revenge dead gets killed by bullet to kill someone to be in church sad to get back up	0	0	0	0	1
trump abuse executive privilege present danger	people get hurt cautious to avoid him arrogant gets into trouble to be a better person to have been abused ashamed to be a success	0	0	1	0	0
im outsider inside interview bruce davidson	gets nervous annoyed to get personx's job back untrustworthy gets fired to be accepted to be a journalist nervous to get an interview	1	0	0	0	0
war iran disastrous iraq	people are affected by the situation angry to get away from the situation hostile gets killed to be a bad influence to have been asked for help bad to avoid it	0	1	0	0	0
mike pences reply buttigieg ignores brutality anti-lgbtq policy	none none none none none none none none none	1	0	0	0	0
laura yeager make history woman command army infantry division	they are promoted proud to be a good army strong gets promoted to be in charge to have the skills to make history proud to get paid	0	0	0	1	0
rocket attack hit baghdad green zone	people are killed scared to get away aggressive gets injured to be a hero to be in a vehicle happy to get out of the situation	0	0	1	0	0
anti-trump activist leave mountain litter listening ranting corbyn blast trump	none none none none none none none none none	0	0	0	1	0
serial golf cheat wh	loses money cheated to win mean gets arrested to be a cheater to cheat someone guilty to win the game	1	0	0	0	0
trump wh lawyer emmet flood leaving service june num	people lose money happy to hire a lawyer responsible gets paid to get rid of his / her clients to have a contract happy to get a new job	1	0	0	0	0
chinese e-sports platform douyu file ipo	they get caught happy to learn more smart gets yelled at to get a good grade to be in a meeting happy to be successful	0	0	1	0	0
control tower sydney airport evacuated smoke detected	people are saved worried to go home cautious gets burned by fire to be safe to be in a plane nervous to go home	0	0	0	1	0
climber dy everest death toll himalaya reach num	cries sad to cry dead personx is buried in the ground to die to have been murdered dead to be buried	0	1	0	0	0
brazilian gang joke knife video paraguay prison riot left num dead decapitated	people are killed angry long time bad 000 dollars to kill people none sad counting	0	0	0	1	0
pilot died military jet crash death valley star war canyon navy confirms	cries sad to cry brave is buried to be dead to have a plane crash sad to go to heaven	1	0	0	0	0
men give make gender equality reality num minute day	they get a raise grateful to be helped helpful is praised to be helpful to be a doctor happy to be a good example	0	0	1	0	0
sen kennedy call squad horsewoman apocalypse	they get into trouble annoyed to get back at them commanding gets yelled at to get rid of them to have a reason satisfied to get a report	1	0	0	0	0
arm dealer lobbyist rich yemen burn	people lose their homes cheated to get rid of him greedy gets rich to make money to be in government happy to make more money	0	0	0	0	1
york state celebrated abortion extremism outlaw declawing cat	people are arrested angry to protest the decision racist gets arrested to be in control to have a reason happy to be a racist	1	0	0	0	0
decathlon ten thing world sport num april	they get into a fight happy to get a good deal from x young gets a lot of money to be rich to be a sports player happy to go on a trip	1	0	0	0	0
john bolton iran doesnt hunting license middle east	people are killed annoyed to get rid of him ignorant gets arrested to be a racist to have a permit nervous to get a gun	0	0	0	0	1
cartoon lack common census	people are affected by the loss annoyed to help them poor gets arrested to be a better citizen to have been in the same place as everyone else sad to get a new job	1	0	0	0	0
ryan babel late winner fulham leaf cardiff brink relegation	loses disappointed to win the game mean gets a medal to be the best to be a winner sad to get even	1	0	0	0	0
babson host num annual babson college entrepreneurship research conference bcerc june num	none none none none none none none none none	0	0	1	0	0
emily post great-great-granddaughter explains proper high	gets excited happy to be proud helpful gets thanked to show his skills to be a good listener proud to show off	0	1	0	0	0
num public execution site located north korea report	people are killed happy to watch the shooting capable get a ticket to be accurate to be a pilot happy to be successful in his job	0	0	0	0	1
immigration overtakes health care top issue voter	people are affected by the illness grateful to vote responsible gets a bill to be a good citizen to have a problem with the election good to be a good citizen	0	0	0	1	0
pennsylvania teenager win num fortnite world cup	gets a trophy disappointed to congratulate them lucky gets a medal to be successful to be a good athlete happy to celebrate	0	0	1	0	0
hamas rebuff leader call worldwide attack jew	people are hurt angry to protest stubborn gets called racist to avoid the situation to be in a mosque upset to get away with it	0	0	1	0	0
instant opinion boris johnson utterly unfit prime minister	people are offended by personx annoyed to protest incompetent gets rejected to be the best to be a minister sad to get away from people	1	0	0	0	0
see surge confirmed case measles cdc report	people get sick worried to help others too intelligent gets sick to know the outcome to have a report worried to make a settlement	0	0	1	0	0
ross perot donated trump re-election death	they get their money happy to protest dedicated gets a medal to win the case to have a vote happy to get a medal	0	0	0	0	1
secret service chicago restaurant employee custody spit eric trump	gets a tip sad to go home mean gets arrested to be a good employee to be in a bad mood guilty to go to court	0	0	0	0	1
fortnite world cup num brit jaden ashman win million dollar prize	none none none none none none none none none	0	0	1	0	0
myth means-testing alive democrat	people are skeptical of the product annoyed to get rid of him racist gets called a racist to be a racist to be a racist happy to be a good citizen	0	1	0	0	0
num men plead guilty gun theft national trade show	people are arrested angry to find a new case criminal gets arrested to be a criminal to be a criminal guilty to get money	0	0	0	0	1
found child porn fiancs computer im afraid report	is scared sad to get the report scared to be honest to be a pervert to be in trouble guilty to get the report	0	1	0	0	0
april num dont fall right favorite lie tax	people are fooled happy to protest ignorant gets arrested to be a good citizen to be in a political party happy to get away with it	0	1	0	0	0
pentagon loosen rule troop southern border	they are defeated controlled to get away from the border careless gets attacked to be a good citizen to have the discipline powerful to make sure the border is safe	0	0	0	0	1
year near-normal hurricane season devastating	people are affected by the storm sad to avoid storms unlucky to be honest to be a disaster to have been born sad to avoid storms	0	1	0	0	0
alabama mayor suggests killing lgbtq people fix society problem	none none none none none none none none none	0	1	0	0	0
donald trump berserk impeachment process finally begin	people are affected by the situation angry to be heard by others fast none to get rid of the evidence to have a reason to do so satisfied to get a raise	0	1	0	0	0
austrian chancellor set face confidence vote week	people listen nervous to vote confident gets nervous to win the election to have the authority confident to be successful	0	0	1	0	0
meet artist make unforgettable sculpture hover sky	people look at art impressed to admire the art artistic gets praised to be admired to buy art supplies proud to display the art	1	0	0	0	0
chicago elect black woman mayor	gets a new job nervous to get rid of him hopeful gets a new job to be in control to have a reason to vote happy to make a speech	0	0	0	1	0
william barr threw trump bus	people are upset angry to get away from him careless gets yelled at to be mean to be a joker satisfied to get away with it	0	1	0	0	0
london bridge attack weve learned inquest	people lose their homes angry to be safe smart gets hurt to be correct to have a reason satisfied to be correct	1	0	0	0	0
facebook email reveal mark zuckerberg doesnt care privacy	gets hurt betrayed to get away from him rude gets yelled at to be mean to be in a meeting guilty to tell everyone	0	1	0	0	0
hezbollah isnt iran favorite proxy anymore	they get a raise annoyed to avoid him unpopular gets yelled at to be a better person to be a bad person guilty to get a new job	0	0	0	1	0
real sanctuary demand lip service city step	people are forced to work overtime annoyed to get paid greedy gets stressed to get something to be in a bad situation satisfied to get a job	0	1	0	0	0
malaysia send num tonne plastic waste back country origin	people lose money sad to get rid of him careless gets dirty to be a product to have a product sad to get rid of waste	0	1	0	0	0
truck plow crowd guatemala highway killing num	people get killed angry to get away from personx reckless 000 feet high to get to the destination to get in the car angry to get out of the car	0	1	0	0	0
openly gay democratic presidential candidate broker peace deal chick-fil-a	gets into trouble annoyed to get rid of the bad guy racist none to be a racist to be in a debate happy to get rid of the tensions	0	0	0	0	1
man sue parent trashing porn collection	gets sued angry to file a lawsuit mean gets arrested to be rich to have a porn collection guilty to get money	0	0	0	0	1
barr make apology handling special counsel report	gets fired grateful to thank personx responsible gets scolded to be a better person to have been wronged relieved to be forgiven	1	0	0	0	0
uk police warning medium diplomat leaked memo stir anger	people get hurt angry to listen to the information mean gets nervous to be in power to be a journalist angry to get rid of them	0	0	0	0	1
rupert murdoch roger ailes gave fox show make sense	they get a good grade grateful to get away with it smart to be understood to be understood to understand the situation good to be understood	0	0	1	0	0
driver allegedly high erotic whippet killed lawyer	gets arrested sad to file a complaint immoral gets arrested to be a murderer to be in court guilty to get a lawyer	0	0	0	1	0
restaurant stock caught soaring s&p num gain year num company surged led industry	none none none none none none none none none	0	0	1	0	0
california thought green tax; wait staff hardest hit	gets a raise annoyed to give them a raise smart gets a raise to get it done to have an idea of what to do happy to make a decision	0	0	0	0	1
num stock price target cut num num cfra	they buy the product happy to buy the product skilled gets rich to be a good product to make a plan happy to buy more	0	0	1	0	0
philadelphia politician ban bay window	people get into trouble with others annoyed to get rid of him racist gets yelled at by people to stay away from the windows to be in the presence of politicians annoyed to get rid of the windows	0	0	0	1	0
transgender woman chicago sergeant forced sex act	gets raped surprised to get away from him immoral gets arrested to be a racist to be in a sex act satisfied to be a good man	1	0	0	0	0
house pass mass amnesty bill give million illegal immigrant path citizenship	people lose money happy to protest immoral is arrested to be a blessing to have a lot of money happy to be a good citizen	0	0	0	0	1
right group sue tennessee latest voter suppression scheme	people are arrested angry to get their point across racist gets arrested to get rid of the bad people to have a problem with the product justified to make a settlement	1	0	0	0	0
big tech richer smaller vulnerable	they get robbed happy to be safe rich gets robbed to be rich to have a big business happy to be rich	0	0	0	0	1
bernie sander fox news town hall draw num million	people are affected by the incident annoyed to listen to personx talented gets fired to be rich to be a reporter satisfied to make more money	0	0	0	1	0
mp blast irresponsible jeremy kyle show fake lie detector test	gets shocked annoyed to tell their parents mean gets caught to get people to believe them to be a liar guilty to be a better liar	0	0	0	1	0
delingpole trump supporter attacked milkshake london parliament square	people are affected angry to get away mean gets arrested to win the election to be in parliament square happy to get away with it	1	0	0	0	0
woman sentenced pushing commuter death subway	gets arrested sad to get out of the train cruel gets arrested to be mean to be a criminal guilty to get a lawyer	0	0	0	0	1
marine shot killed guard duty california base	gets killed sad to get revenge brave gets shot to be a hero to have been shot sad to get medical help	0	0	0	1	0
boy num airlifted hospital tree fall walk school	gets a hospital sad to help him injured gets a heart attack to get medical care to be hurt scared to get medical help	0	0	0	1	0
hilarious trump wanted kiss general defeated isi kiss general felt biden	none none none none none none none none none	0	0	0	0	1
trump urban poverty attack democrat profited	people are poorer angry to protest racist is hated to be a racist to be a racist justified to make people believe he is right	1	0	0	0	0
canada insulin tenth price herebecause healthcare system broken	none none none none none none none none none	0	0	0	0	1
poll majority american oppose reparation democratic focus issue	people vote happy to vote racist is asked to vote to be fair to have a vote good to be a good leader	0	0	0	0	1
abolishing electoral college mistake	they are defeated disappointed to protest irresponsible gets rejected to be a better person to be a politician happy to get a better deal	0	0	0	1	0
lied congress democratic senator hirono unleashes bill barr infuriates lindsey graham	none none none none none none none none none	0	1	0	0	0
diplomat pompeo europe tough iran message	people lose money nervous to get away with something bad diplomatic gets stressed to be diplomatic to have a diplomatic immunity nervous to get rid of the foreign influence	0	0	0	1	0
wall street rise fed williams bolster rate-cut hope	people are more affluent annoyed to get a good deal smart gets a raise to be successful to have a good reputation happy to get more customers	0	0	0	0	1
mlb pitcher aubrey huff athlete espn leave politics sport	get yelled at annoyed to be a good sport rude get's the job done to be a good sport to have a reason satisfied go home	1	0	0	0	0
here mayor pete foreign policy	people get into a bad situation annoyed to listen to the information smart gets a promotion to be right to have authority smart to be right	0	1	0	0	0
high-income household high-tax state big winner gop tax overhaul	none none none none none none none none none	0	0	0	1	0
presidential candidate beto o'rourke release lgbtq equality plan	people are more tolerant of personx happy to protest smart gets a raise to be a good leader to be a senator happy to be successful	0	0	0	0	1
trump sign bill ensuring num victim fund run money	people lose money grateful to thank personx responsible gets arrested to be a good citizen to have the money to pay happy to save money	0	0	1	0	0
trudeau clamping asylum shopping illegal refugee denied asylum	people are enslaved sad to get away from the scene powerful is shunned to be safe to be a businessman justified to get rid of unwanted people	0	0	0	0	1
al qaeda master terrorist facebook youtube	people are watched by the media angry to find out why dangerous gets ridiculed to be in power to be a member of a group happy to be the leader	0	1	0	0	0
robert kraft sex spa case life appeal court agrees hear state prosecutor argument	gets sued angry to file appeal smart to be honest to be heard to be in court satisfied to appeal	0	0	0	1	0
act cautiously china warns usa push label pakistan-based jihadi global terrorist	people are criticized bad to be correct wise none to be cautious to be a leader good about it to make sure the information is accurate	0	0	0	0	1
barr trump-russia conspiracy bogus	people are deceived annoyed to listen smart is criticized to be correct to have a conversation smug to get away with it	1	0	0	0	0
ag barr order federal execution num num people line	people are being watched by the police angry to get a good deal greedy and to get a good deal to get the job done to be in charge happy to be the first to get the most money	0	0	0	0	1
chaotic scene sydney airport flight grounded due control tower fire	people lose money upset to get back to work careless is reprimanded to avoid a disaster to have the plane tickets upset to get back to work	0	0	0	1	0
study child lead smelter exposed lead womb	children are exposed scared to help them out scared gets sick to be a good parent to be pregnant scared to be saved	0	1	0	0	0
widow question husband death dominican republic tourist die	they are arrested sad to tell their families curious gets arrested to know more to have been asked for help sad to get a lawyer	0	0	0	1	0
video game reviewer turn sexist trollto mom	gets scolded annoyed to tell personx to stop racist gets scolded to be mean to be a racist happy to make fun of him	0	1	0	0	0
nba coach walton accused sexual assault	gets arrested angry to get out of the situation angry gets arrested to be right to be a racist angry to get away	1	0	0	0	0
north carolina republican party chair indicted role alleged bribery scheme	people are accused angry to get rid of him immoral gets accused to be a fraud to be a politician guilty to get away with it	0	0	0	0	1
forum reflects rising concern jew world	people are affected by what they have seen grateful to listen to personx wise gets criticized to make a difference to have heard about the subject good to make sure the problem is solved	0	0	0	0	1
climate change threatens california official seek sustainable insurance	people lose their jobs cautious to help personx wise gets sued to be a good citizen to be a government person good to get a new policy	1	0	0	0	0
expert arguing rebuild notre dame	they get fired annoyed to argue argumentative gets yelled at to be heard to have a problem with the budget frustrated to get a better deal	1	0	0	0	0
senior palestinian denied visa	people are forced to leave the country disappointed to get out angry gets scolded by others to be a good citizen to have a passport sad to get out of trouble	0	0	0	1	0
american woman kidnapped uganda held gunman ransom	they get kidnapped sad to escape from him criminal gets kidnapped to save money to be in the wrong country sad to get away with it	0	0	0	0	1
global meat-eating rise bringing surprising benefit	people eat meat happy to eat successful is praised to be a success to have the right meat happy to eat	0	0	1	0	0
beyonc make black feminism accessible coachella film homecoming building education shes delivered year	none none none none none none none none none	0	1	0	0	0
anxious suspicious citizen wealthy country stronger safety net	people are protected safe to be safe cautious gets nervous to be safe to have a budget safe to keep the peace	0	0	0	1	0
julian assange dragged ecuadorian embassy	they are arrested angry to go home criminal gets arrested to be in the presence of the holy one to have been arrested ashamed to get away with it	0	0	1	0	0
trump sanction iran hitting hezbollah hard	people are killed angry to protest racist gets arrested to be a racist to be in the wrong country sad to get rid of the evidence	1	0	0	0	0
nigeria small business government corruption draining	people lose money happy to help them greedy gets stressed to get more customers to have a monopoly on them sad to get rid of corrupt people	0	0	1	0	0
youtube beauty influencer world erupts gummy vitamin scandal	people are affected by the product happy to get away from personx smart gets arrested to be a good person to have a lot of money happy to be successful	0	0	0	0	1
plane stowaway fall london garden	gets hurt happy to catch personx careless gets hurt to have fun to be in a plane happy to get out of the country	1	0	0	0	0
deutsche bank axe hovers num client	clients lose money happy to get a new client powerful gets a commission to be rich to have a job powerful to make a profit	0	0	1	0	0
south korea fire hundred warning shot russian military plane	people are injured scared to get out of the country aggressive gets shot to kill people to load the gun rounds satisfied to get rid of the weapons	0	1	0	0	0
eu leader agree extend brexit deadline end october	they get a new job happy to get a new job responsible gets a raise to make a deadline to have a meeting happy to make a deal with the new people	0	1	0	0	0
pelosi bow conservative border funding	they get a good deal happy to thank person x racist gets arrested to be a good citizen to be a politician happy to be successful	1	0	0	0	0
san bernardino county sheriff deputy injured shooting victorville	gets hurt angry to get their car fixed careless gets arrested to be a good citizen to drive to the county sad to be a good driver	1	0	0	0	0
trump asserts executive privilege num census document	people lose their homes annoyed to protest the policy powerful gets a raise to be a good citizen to be a politician powerful to be in charge	0	0	1	0	0
sit bro bob menendez calling alex acosta resign jeffrey epstein ratio dream made	none none none none none none none none none	0	0	0	0	1
turkey latest election num percent voter turnout here	people lose money angry to protest greedy gets a raise to be a good citizen to have a lot of people happy to get the right results	1	0	0	0	0
judge block doj attempt switch lawyer census citizenship question case	gets nervous angry to get their case smart gets caught to win the case to be in court justified to win the case	0	0	0	1	0
ashton kutcher mila kunis silence divorce rumor comedic	people are offended sad to cry mean is yelled at to make them look bad to be in court sad to be alone	0	0	1	0	0
maine government sign bill allowing non-doctors perform abortion	people are cured grateful to thank personx powerful gets a bill to help people to have the consent good to make sure they are treated	0	0	0	1	0
si le pag turbotax pero gan menos de num podra obtener un reembolso de la siguiente manera	none none none none none none none none none	0	0	1	0	0
american mother loses saudi arabian custody battle daughter	gets stressed sad to thank him aggressive gets stressed to protect her daughter to be a diplomat sad to get a new job	0	0	0	0	1
prosecutor boston cabbie fatally shot declining ride	gets into trouble angry to get out of the car unintelligent gets arrested to be a bad driver to have a car sad to get a new car	0	0	0	0	1
kwame akoto-bamfo face ancestor	they are surprised sad to be honest wise gets called a fool to be a good listener to be a historical figure happy to tell others	0	0	1	0	0
zarif iran seeking nuclear arm twitter	people lose their jobs angry to protest the policy cautious gets fired to be safe to be a politician nervous to get away with it	0	0	0	0	1
tac bookshelf week july num	they have a good time happy to read prepared gets a tan to be productive to buy the books happy to get a good deal	0	0	0	0	1
measles vaccine fear cost child	children get vaccinated scared to thank personx for their concern helpful gets a raise to help children to have a vaccine happy to make me feel better	0	0	1	0	0
house panel approves bill sanction foreigner election interference	they get a bill angry to protest wise gets a bill to be a racist to have the authority to approve the policy good to make a speech	0	0	0	1	0
dow take num nosedive trade war escalates	lose their job angry to win aggressive gets arrested to win to have the ability to fly a plane nervous to get even	1	0	0	0	0
france latest country authorize killing people arent dying	people die sad to be saved powerful gets arrested to be a murderer to have a gun powerful to kill people	0	0	0	0	1
redskin pick-by-pick draft analysis bryce love join crowded backfield; washington add depth offensive line	none none none none none none none none none	1	0	0	0	0
immigrant child chicago shelter traumatized sick chicken pox tuberculosis	none none none none none none none none none	0	1	0	0	0
house panel subpoena kellyanne conway egregious ethic violation	people are asked questions bad to win the case racist gets caught to be a better person to have a case guilty to get a new job	0	0	0	1	0
europe beating battery racewith china	they get hurt angry to win aggressive gets hurt to win the race to be in charge of the game happy to win	0	0	1	0	0
vaping astonishing surge e-cigarette	gets burned annoyed to get away careless gets yelled at to be a smoke screen to buy cigarettes happy to get rid of the cigarette	1	0	0	0	0
hong kong clash bbc reporter hit face	people are shocked angry to get their point across rude gets fired to be a journalist to be a journalist bad to make sure people are watching	0	0	1	0	0
missouri denies license renewal lone abortion clinic	people are arrested angry to get a lawyer immoral gets arrested to be a good citizen to be a doctor guilty to get out of jail	0	1	0	0	0
july wti oil num num percent settle num	none none none none none none none none none	0	0	1	0	0
july wti oil gain num cent num percent settle num	none none none none none none none none none	0	0	1	0	0
meat stock open num num percent num ipo price	they lose happy to get the product greedy is praised to be a good product to have a product satisfied to be successful	0	0	1	0	0
robert mueller issued report trump	they are informed annoyed to ask questions smart gets scolded to be correct to be in charge of the situation satisfied to make sure the report is accurate	0	1	0	0	0
progressive democratic party purge remaining pro-lifer	people vote happy to vote powerful gets arrested to make a change to be in charge happy to make sure the people are safe	0	0	0	0	1
islamic terrorist ramp attack nigerian christian	people are killed scared to get rid of the terrorists aggressive gets attacked to be a racist to have the resources to do it powerful to get rid of them	0	0	0	0	1
amazon prime day psychology sale explained	they learn more enlightened to ask questions smart gets a raise to make money to be a researcher smart to be a success	1	0	0	0	0
donald trump concerned google facebook digital monopoly	people lose trust in personx annoyed to win the game cautious gets hacked to be safe to be in the know about it nervous to be successful	1	0	0	0	0
elephant bad mood join commute chinese town	they get yelled at annoyed to get to their destination lazy gets tired to be in a better mood to have a bad day annoyed to go to the movies	0	0	1	0	0
saudi law woman travel male consent	women are treated fairly grateful to go to the country dominant gets arrested to protect women to be a minister powerful to make sure the women are safe	0	1	0	0	0
operation pennsylvania keystone state make break trump reelection	people lose their homes happy to win a result of a bad election to be correct to be in control to have a reason happy election	0	1	0	0	0
holiday review unlovely sojourn twisted male psyche	gets hurt by the incident annoyed to avoid personx brave gets into trouble to learn to be a priest happy to be a good example	1	0	0	0	0
num year tax bill passage corporate revenue plummeted	loses money sad to make more money poor gets stressed to be successful to get a job sad to make more money	1	0	0	0	0
short circuit roundup recent federal court decision	gets sued annoyed to file a complaint smart gets a new client to be in charge to be in a meeting satisfied to get the facts	0	0	0	1	0
democrat vote block trump impeachment resolution	people vote angry to protest smart gets a bill to be a racist to be a racist happy to win	0	0	0	0	1
homeland security shuttered domestic terror intelligence unit rising threat	people are safe scared to help brave is arrested to protect people to have a reason to do so nervous to keep the people safe	1	0	0	0	0
dick ceo member michael bloombergs gun control group	people lose clients nervous to get rid of him aggressive gets arrested to be in charge to be a member of the group nervous to make a speech	0	0	0	0	1
downright pathetic ben shapiro make complete fool jeffrey toobin pushing michael cohen trump	none none none none none none none none none	0	0	0	0	1
iran urge europe normalize economic tie face consequence	people lose their jobs grateful to listen to personx influential gets criticized to reduce the risk of losing money to have a problem with it good to be a better leader	0	1	0	0	0
[non-nrsro] softbank corp mobile telephone terminal credit trust series num -- moody assigns definitive rating sb handset receivables ab	none none none none none none none none none	0	0	1	0	0
space telescope snap celestial family	gets a telescope happy to thank him curious gets a telescope to be entertained to have a telescope happy to see something	1	0	0	0	0
donation charity drop trump tax law	people lose money sad to thank personx poor gets a raise to be a charity worker to get money sad to save money	0	0	0	1	0
mexico tariff send tomato price soaring	people lose money annoyed to get a good deal greedy gets accused of tax fraud by people to be a jerk to be a politician happy to get rid of people	0	0	1	0	0
george archer num master winner amazing secret ewan murray	they get a trophy happy to congratulate them proud is praised to be a winner to be a winner proud to tell others	1	0	0	0	0
donald trump closer downfall he manically dangerous	gets into a fight with him sad to avoid his company dangerous is to be more careful to be a criminal happy to be safe	0	1	0	0	0
migrant woman killed fall train mexico	gets killed sad to get a lawyer unlucky gets killed to escape to have been shot sad to get medical help	0	0	1	0	0
british warship foiled plan iran seize british oil tanker	the crew of the ship is killed betrayed to get away stupid loses money to be a bad influence to have a strategy sad to get rid of the oil	0	0	0	0	1
white house release photo trump rush limbaugh playing golf	people get sick happy to get a good time careless gets yelled at to be entertained to buy a golf club happy to get paid	0	0	0	1	0
session side barr fbi spying trump	gets caught betrayed to get away from him sneaky gets caught to get rid of someone to be a snitch satisfied to get rid of him	0	0	0	0	1
plan rename la memorial coliseum question united airline balk proposed revision	none none none none none none none none	0	0	0	0	1
sander warren fight republican talking point medicare reducing coverage	people are affected angry to get their point across mean gets arrested to be a racist to have a reason to do it justified to be correct	1	0	0	0	0
black widow captain marvel hitting red carpet wearing infinity stone superpower	people are intimidated impressed to have fun impressive gets a lot of money to impress people to have a lot of money happy to impress people	0	0	1	0	0
rwandan commemorate num year genocide	people are dead sad to thank personx dedicated gets praised to commemorate to be in war proud of their achievement to be a leader	1	0	0	0	0
historic breakthrough sex worker right	get benefits happy to thank personx smart gets a raise to be a success to have sex happy to be a success	1	0	0	0	0
american woman killed bahamas shark attack snorkeling family	family is dead sad to go home unlucky is killed to be safe to have a boat sad to be saved	1	0	0	0	0
year coup egypt democratically elected president dy	people lose respect for personx sad to celebrate the event powerful gets demoted to be a leader to have a vote sad to celebrate	0	1	0	0	0
screening room short film dreamy imagery mysterious language	gets a script intrigued to listen to personx's presentation imaginative gets a headache to entertain to have an audience happy to be a good actor	1	0	0	0	0
sniff pot-detecting dog requires probable justify search colorado supreme court	none none none none none none none none none	0	0	0	1	0
abbreviated pundit round-up pay attention international politics mirror	people are influenced by personx annoyed to be a good citizen interested to gain influence to be a politician to be a political party leader happy to be in charge	0	0	0	0	1
rapper num savage donates num organization helped ice arrest	gets arrested grateful to thank him generous gets arrested to help people to be a member of the group happy  to be a success	0	0	1	0	0
aoc warren tough question mnuchin searss collapse	gets yelled at annoyed to answer curious gets yelled at to be correct to be in the wrong area frustrated to get an answer	0	1	0	0	0
british actress emma thompson abortion law dragging usa back dark age	people are killed sad to get away immoral to the dark ages to be a good person to be in the dark happy to be a better person	1	0	0	0	0
village cop convicted domestic violence	gets arrested angry to get a lawyer criminal gets a speeding ticket to be a hero to have been arrested sad to get a lawyer	0	0	1	0	0
trump think critic traitor sling charge back	they are offended annoyed to argue with personx mean gets yelled at to be right to be in charge justified to tell others	0	0	0	1	0
student filmmaker assaulted antifa punched held poured beer	gets arrested angry none mean gets punched to be mean to be in a bad mood ashamed beat them up	0	0	0	0	1
usda save num year moving researcher kansa city critic politics	none none none none none none none none none	0	0	0	1	0
ilhan omars racist hate speech fearful white men causing death	none none none none none none none none none	0	0	0	0	1
stunning cia chief john brennan month attack trump based bad information	none none none none none none none none none	0	0	0	0	1
mueller spoke part america heard laurel part america heard yanny	people are listening to person x interested to hear more curious gets a lot of money to be a part member to be a journalist happy to learn about it	0	1	0	0	0
bear injures num woman slovenia	bleeds hurt to get medical help mean gets arrested to be mean to get a weapon sad to get medical help	0	0	1	0	0
georgia governor dismisses hollywood threat eve pro-life heartbeat bill signing	people are safer annoyed to get their money back mean gets arrested to make sure people are safe to be in the know satisfied to get rid of the competition	0	0	0	0	1
stock end mixed quiet trading session	people are cheated happy to get a good deal quiet gets a bad deal to be quiet to have a meeting satisfied to be successful	0	0	1	0	0
tiptoeing trump racism betrayal journalistic truth-telling	people are more informed of personx angry to listen to personx honest gets arrested to be honest to have a bad experience justified to be a better listener	1	0	0	0	0
alabama senator irs stop picking south	loses money annoyed to get rid of personx greedy gets a ticket to be a senator to be a senator satisfied to get a raise	0	0	1	0	0
republic continues expansion editorial hire	people are more productive annoyed to get rid of the old one greedy gets fired to make a difference to have a new position satisfied to make more money	1	0	0	0	0
trump boom bust maganomics wh	people get hurt annoyed to listen to personx unintelligent gets stressed to be a success to be in trouble bad to get away with something	0	0	0	1	0
senate democrat show real confirmation obstruction	they get a better understanding happy to protest smart gets a raise to show off to have a good view of the situation satisfied to win	1	0	0	0	0
pelosi hit back trump attack cummings call kushner slumlord	none none none none none none none none none	0	0	0	1	0
joe biden blue-collar candidate	they get hired disappointed to hire personx unqualified gets rejected to not be a blue collar candidate to be rejected by the job sad to get a job	0	1	0	0	0
germaphobe-in-chief make body guard carry hand sanitizer	they get dirty grateful to be protected responsible gets dirty to protect his body to have a container good to be a good guard	1	0	0	0	0
rep rashida tlaib grasp concentration camp moment abc raddatz crush border funding vote	none none none none none none none none none	0	0	0	0	1
remote australian archipelago home roughly num people num million piece trash	none none none none none none none none none	0	1	0	0	0
rabalais expectation shift lsu football tiger continue block noise	gets stressed disappointed none dominant none to be to be a leader happy to be a success	0	1	0	0	0
devil critique expression mention	gets into trouble annoyed to listen judgemental gets called a liar to be a jerk to be in a meeting with someone satisfied to be right	1	0	0	0	0
npr admits illegal immigrant spreading disease	people are sick angry to get away racist gets accused of spreading diseases to be a racist to have a lot of people worried to make sure the people are safe	0	0	0	0	1
washington state take aim measles crisis hitting vaccine exemption	people get sick worried to help them smart gets sick to be a better person to be a scientist worried to make sure the patients get better	1	0	0	0	0
ocasio-cortez defends omar num comment rip post cover	people get offended angry to be left alone rude is asked for help to be right to be a racist good to make people angry	0	0	0	1	0
decaying oil tanker threatens catastrophic explosion	people are injured scared to get their car fixed dangerous gets hurt to be dangerous to have the fuel to make it happen scared to make sure the oil is safe	1	0	0	0	0
complete russian collusion stooge usa medium	people do not like personx annoyed to get rid of him unintelligent is considered a failure to be a complete foreigner to have been a communist satisfied to be a better person	0	0	0	0	1
jewish center sued controversial chicken-killing ritual	people lose their jobs angry to get a new recipe mean gets sued to win the case to have a recipe justified to win the case	1	0	0	0	0
poll democratic woman handsy biden	vote happy to vote for the rights fair gets a vote to be a good citizen to have a vote happy to vote	0	0	0	0	1
medium lying georgia pro-life heartbeat bill truth	people who have seen personx in person may be shocked sad to be heard deceitful to get money to be deceptive to have been cheated by someone guilty to be honest	0	0	0	0	1
everyones obsessed hilarious family elaborate funeral pet lizard	gets a pet lizard happy to cry emotional gets called a freak to be a pet to have a pet lizard happy to get a new pet	0	0	1	0	0
white house carson tremendous job trump confidence	gets fired impressed to get personx fired arrogant gets stressed to do something to be a manager proud to get paid	1	0	0	0	0
sudan tension escalate talk military break	people lose respect for personx upset to make sure everything goes smoothly aggressive gets nervous to be in charge to be in a meeting upset to get back to work	0	0	1	0	0
alexandria ocasio-cortez horrified visiting trump migrant camp here	people are killed sad to avoid the place disgusted they are disgusted by the barbaric behavior of the africans to see the beauty to go to the camps disgusted to go home	0	1	0	0	0
here num democratic candidate stand climate	people vote happy to protest patriotic gets elected to be a leader to be a politician happy to win	0	1	0	0	0
donald trump crashing total exoneration high	loses money sad to congratulate personx irresponsible gets fired to be successful to have a job sad to be successful	0	1	0	0	0
vietnamese woman accused kim jong nam killing released	people lose respect angry to get revenge on personx angry gets killed to kill someone to have a weapon angry to get out of jail	0	0	1	0	0
fbi leniency border vigilante contrast harsh treatment black identity extremist	people get hurt bad to be safe mean gets arrested to be safe to be in police bad to be a better person	0	1	0	0	0
suspected credit card thief caught captured security footage wearing tag real	gets caught by police angry to catch personx criminal is caught to be caught to be caught stealing guilty to get away with theft	0	0	0	0	1
pentagon shift num billion border construction	people lose money angry to get paid careless gets a raise to get a raise to be a pilot nervous to get a new job	0	0	0	1	0
wildest video venezuela uprising	people are killed annoyed to get out of the situation daring gets yelled at to be entertained to watch the news satisfied to get out of the situation	0	0	0	0	1
democrat wed love nominate young woman color num love biden	none none none none none none none none none	1	0	0	0	0
trudeau apologizes mocking nation protest donation	people listen grateful to thank personx humble but the people are offended to be polite to have heard the message happy to continue apologising	0	0	0	0	1
kamala harris progressive prosecutor record	gets into trouble annoyed to argue smart gets called out to be heard to be a lawyer satisfied to be right	0	1	0	0	0
liz cheney all-in trump racism meet future gop	none none none none none none none none none	0	1	0	0	0
furious resident property developer cut forest permission	people get killed angry to thank person x mean gets arrested to be a good citizen to have authority relieved to make a report	0	0	0	1	0
disruptive technology legal sector world service group wsg sponsored survey result show general counsel leader europe positive	none none none none none none none none none	0	0	1	0	0
recruiting woman online dating challenge	gets a date interested to get to know personx daring gets a new job to be liked to be a matchmaker hopeful to get a new partner	1	0	0	0	0
trump rattle saber china ahead make-or-break trade talk	they are impressed annoyed to get away with it rude gets yelled at to be in control to be a risk taker satisfied to get their point across	0	0	0	0	1
gop chairman eye bush cbo director	gets fired annoyed to get their job back wise gets fired to be a good leader to be a politician satisfied to make a speech	0	0	0	1	0
num wildest moment lie trump profane uninhibited rally	people are offended angry to get away from personx untrustworthy is praised to be a better person to be in a position of power ashamed to be successful	0	1	0	0	0
jurgen klopp happy liverpool squad man city premier league title favourite	none none none none none none none none	1	0	0	0	0
shooting san diego-area synagogue injury man detained	people get injured sad to get away from personx mean gets hurt to be a criminal to be in the wrong place sad to repent for their actions	0	1	0	0	0
donate week free book	they read the book happy to read the book rich gets a receipt to be entertained to have a book happy to read the book	0	1	0	0	0
walsh sexist deadbeat men love abortion	they are offended annoyed to get rid of him racist gets called a racist to be a racist to have a reason justified to be a racist	0	0	0	0	1
feltham yoi num prison guard hospitalised teenage inmate riot	none sad to get out of jail criminal gets arrested to punish someone to be caught sad to be free	1	0	0	0	0
displeased pay trump num billion farmer bailout	none none none none none none none none none	0	1	0	0	0
trump administration announces iran sanction wont explain usa ally	people are affected by the new policy angry to protest smart is asked questions to be correct to have a policy good to make a report	1	0	0	0	0
failed presidential candidate hillary tell dems beat trump	they are disappointed disappointed to protest the policy smart gets yelled at to be right to have a strategy sad to get a better job	0	0	0	0	1
elizabeth warren kick discussion saving senate countryby ending filibuster	people are angry angry to be heard smart none to be heard to have heard the discussion satisfied to get a better job	0	0	0	0	1
india flood hundred passenger rescued train	people get hurt thankful to thank person x brave gets dirty to save people to have a train happy to go home and relax	0	0	1	0	0
del potro beat shapovalov rain-hit day queen club	gets hurt sad to get back to work aggressive gets arrested to get rid of the rain to get in the car happy to be a winner	0	0	0	0	1
fbi lawyer squeal pig implicates comey mccabe yates mishandling fisa warrant	none none none none none none none none none	0	0	0	0	1
climate change worsens plight endangered whale	people lose money grateful to thank personx influential gets a new job to save the endangered species to be a politician happy to save people	0	0	0	0	1
brook lot people ahead evidence collusion - trump exonerated	none none none none none none none none none	1	0	0	0	0
howard stern turn view co-host joy behar disrespectful treatment conservative meghan mccain	none none none none none none none none none	0	0	0	0	1
cruz call investigation antifa portland mayor	gets a complaint from the mayor annoyed to help personx curious gets called a liar to get information to have lost their job nervous to find a solution	1	0	0	0	0
house dem dems support abortion gay marriage	people get sick sad to thank person x immoral gets arrested to be a racist to have a reason guilty to get a lawyer	0	1	0	0	0
story tricked paying turbotax money	gets hurt annoyed to be paid unintelligent gets cheated to be a good listener to be a liar sad to be successful	0	0	1	0	0
clinic serve pregnant mom million dollar hhs family planning rule	get a raise happy to thank personx for the money rich gets stressed to be rich to be a good child happy to get a raise	0	0	0	0	1
ca pension fund face crisis shunning gun tobacco	people are more careful sad to thank personx wise gets stressed to be a good citizen to have a bad attitude about smoking sad to get a new hobby	0	0	0	0	1
federal judge slap roger stone social medium ban violating court order	gets sued angry to get away from him mean gets sued to be a judge to have a case satisfied to make a settlement	0	1	0	0	0
upset dutch labour party win european parliament vote-exit poll	people are affected upset to protest angry get a new job to be a good person to be invited to the party upset to celebrate	0	0	0	0	1
real reason eric swalwell dropping	gets into argument annoyed to get out of the situation careless gets scolded to be a failure to have a reason sad to get out of trouble	0	1	0	0	0
kemar roofe razes derby county leave leeds spying play-off final	people are robbed annoyed to get away careless is late to be a bad influence to be a criminal happy to get away	1	0	0	0	0
developer destroy chicago wont	they get into a fight angry to get away with murder mean gets arrested to have the city in order to have a reason to do it powerful to get away with it	0	1	0	0	0
psychological effect grieving social medium	people get into a bad situation sad to help them sad gets called crazy to feel better to be a media media expert sad to be a success	1	0	0	0	0
prosecutor detail computer hacking conspiracy case assange	people are accused of fraud angry to get their money back smart gets caught to be a good lawyer to have hacked into the system satisfied to get a good deal	1	0	0	0	0
white house asks congress num billion emergency fund deal border crisis	people are affected worried to get a new policy smart gets a bill to be a good citizen to have a budget worried to make a deal	0	0	0	1	0
supreme court justice beer teaching summer england fun	get drunk and forget about the law happy to drink the beer smart to be honest to have fun with friends to be a student happy to be a good student	0	0	0	0	1
usa ramping mideast war finishing	people lose their jobs sad to get a better job aggressive none to be a success to have the money happy to win the race	0	1	0	0	0
egypt prison recruiting ground islamic state	people lose money annoyed to avoid the border aggressive gets into trouble to be a bad example for the bad habits of people in the us to be a racist powerful to get rid of the bad guys	0	0	0	1	0
ice isnt enemy drug cartel weaponizing usa border	people get killed safe to stay safe smart is respected to be a good citizen to be a businessman good to stay away from drugs	0	0	0	0	1
num vote fifty year ago num	they get a raise happy to vote old is elected to be the best to have a good attitude happy to get elected	0	0	1	0	0
intel saudi missile program china	the chinese people gain knowledge grateful to get paid resourceful gets a receipt to be safe to have the materials happy to make a profit	1	0	0	0	0
num indian child die brain disease num week	they cry sad to cry sick gets a brain disease to be dead to get sick sad to get treatment	1	0	0	0	0
representative ocasio-cortez encouraged senate rejecting green deal	people are asked questions annoyed to protest the new offer powerful is asked questions to be fair to have a good reputation satisfied to be a good representative	0	0	0	0	1
journalism fakenews called msnbc reporter claim mentioned trump rally roll tape	none none none none none none none none none	0	0	0	0	1
num question robert mueller testifies congress	gets asked questions annoyed to answer curious gets asked more questions to be a good citizen to have a question satisfied to get a good grade	0	0	0	0	1
win indonesia presidential election indigenous people lose	people lose money sad to protest influential gets ridiculed to win to have a good cause happy to win the election	0	0	0	1	0
hiker missing maui time search ended tragedy	people grieve sad to find the person unlucky is buried to be buried to have gone to the woods sad to find the lost dog	1	0	0	0	0
south korea north korea fired unidentified projectile	people are killed angry to get rid of the weapon aggressive gets fired from job to be a good leader to be a military officer angry to get rid of the weapon	0	1	0	0	0
nyc police union tweet video subway blow job criticize congestion pricing policy	none none none none none none none none none	0	0	0	1	0
kamala harris trump unite defend imperial presidency	people lose money happy to win powerful gets attacked to win the election to have the power powerful to win the election	0	0	0	1	0
concert pharmaceutical stock plunge num percent disappointing patent ruling	people are affected by the products disappointed to get a patent on product greedy gets a high grade to be successful to have the right product sad to be successful	0	0	1	0	0
blackrock move hire gf security bos china operation	gets paid happy to get paid rich gets a new job to make money to have a job nervous to get a new position	0	0	1	0	0
technology made voting line move faster made election secure	people lose happy to vote greedy gets a raise to be more successful to be a leader happy to win the election	0	0	1	0	0
gottheimer progressive primary challenger	people lose money angry to get their point across smart gets into a fight to be a better person to have a problem satisfied to make sure they are safe	0	0	0	0	1
british airline flight hit extreme turbulence load people hitting ceiling	people lose their lives scared to get medical help careless gets hurt to get off the plane to be in a plane scared to get off safely	0	0	0	0	1
fellow soldier died vain	cry sad to mourn defeated cries to die to have a reason sad to be dead	0	0	0	0	1
local election num row scout tory win	people vote happy to vote patriotic gets a lot of money to be a good citizen to be a politician proud to win	0	0	0	1	0
mexico launch plan arm smuggling border	people are arrested angry to get rid of him aggressive gets arrested to be a criminal to gather supplies powerful to get rid of the illegal stuff	0	0	0	1	0
mediterranean mexico capt pia klemp belief rescuing refugee worth facing prison time	they get killed happy to be saved proud is praised to save people to have lost the money happy to save the lives of people	0	1	0	0	0
sri lanka attack gave hug night	hugs loved to hug loving gets kissed to show affection to have a hug happy to kiss me	0	0	1	0	0
lost child archive valeria luiselli bear witness usa immigration crisis	none none none none none none none none none	1	0	0	0	0
black mirror season num arrived	they are surprised happy to get a new look confident gets complimented to look good to buy a mirror happy to get a new mirror	1	0	0	0	0
donald trump bizarre question george washington tour	people listen annoyed to ask questions curious gets yelled at to get away from the situation to have read about the subject satisfied to ask questions	1	0	0	0	0
portugal confirms num german killed madeira	people are dead sad to get out of there commanding gets killed to kill the germans to be a german officer sad to win the war	0	0	0	1	0
victor dhondt dead belgian influence european election	people are affected upset  to protest powerful gets a raise to win to have a vote powerful to win	1	0	0	0	0
balkan war created generation christian terrorist	people die angry to get away from him religious gets killed to be a christian to be a minister happy to make a speech	0	0	0	1	0
state superintendent john white lead bid aid high school graduate country swung missed	graduates grateful to get a good job generous is a leader to be a good citizen to be a leader in the first place happy to be a good leader	0	1	0	0	0
sec revealed punishment elon musk face violates term settlement future tsla	none none none none none none none none none	0	0	1	0	0
jane eyre startlingly modern heroine ballet show	people look at personx interested to learn more smart gets asked to dance to be a famous ballet dancer to be a famous ballet dancer happy to make people understand them	1	0	0	0	0
greta gerwig noah baumbach child	they are taken care of happy to thank personx generous gets thanked to be a parent to have sex happy to have a good time	0	0	1	0	0
syria reject arab summit statement iran intervention	people are affected by the new policy angry to protest racist gets accused of racist remarks to be a racist to have heard about the policy upset to make a report	0	0	1	0	0
life hold walmart eliminates greeter dream limbo	gets robbed happy to be successful determined gets stressed to be a success to be in a position to be in the spotlight happy to be successful	0	0	1	0	0
thailand crown king num celebration	people get drunk happy to celebrate happy gets drunk to be a king to buy a ticket happy to celebrate	1	0	0	0	0
hold israel accountable palestinian call int'l community oppose golan height annexation	none none none none none none none none none	1	0	0	0	0
ten thing today saturday num mar num	people get nervous happy to listen to personx smart is asked to repeat to be informed to have been asked a question by someone happy to get the job done	1	0	0	0	0
el paso exposed ugly reality immigration debate	people are affected annoyed to argue with personx smart gets stressed to be a racist to have heard about the topic of immigration frustrated to make sure they are safe	1	0	0	0	0
syrian state medium projectile fired israeli territory	people are shot angry to avoid the situation aggressive gets fired to be a threat to have the resources angry to get a new job	0	1	0	0	0
abc news poll show support abortion right ticking	people are affected by the news grateful to thank personx helpful gets thanked to help people to have the information happy to be a good citizen	0	1	0	0	0
add trump yemen veto obamas spotty war legacy	people get hurt sad to get away from personx brave gets into trouble to be a leader to have a gun sad to be successful	1	0	0	0	0
crack open earthquake hit peru	people die scared to get away crazy gets killed in a plane crash to be a hero to have a plane scared to get rid of all the licorice	0	0	1	0	0
whats sander medicare plan	they get a new job happy to get paid for the new plan curious gets a new job to be a good person to have a new job happy to get a new job	0	0	0	1	0
num year grenfell expert warn high-rise fire risk	people are affected cautious to avoid the fire cautious they are safe from fire damage to be safe to have a company safe to make sure it does not happen again	0	0	1	0	0
oberlin forced check woke privilege	gets yelled at happy to be left alone cautious gets yelled at to be careful to be in a bad mood annoyed to get up	0	0	0	1	0
donald trump completely bonkers figure he impeached	gets fired disappointed to punish him reckless gets fired to be successful to do something bad nervous to get away from the situation	0	1	0	0	0
julian assange suffered severe psychological physical harm ecuadorian embassy doctor	they are treated better sad to help personx ill """ no """ to be safe to be a racist sad to help them	0	1	0	0	0
people cried yosemite restored historic name ahwahnee	people are shocked happy to tell others about it patriotic is asked to stop to be a historical figure to read about the history of the country happy to be a better person	1	0	0	0	0
central park criminal justice trump	people are arrested sad to win criminal gets arrested to be in control to have a criminal happy to get a lawyer	1	0	0	0	0
britain leaf eu vulnerable trump whim	people lose their homes upset to be safe brave gets stressed to be safe to have a bad reputation sad to get away with something	0	1	0	0	0
american dark money fueling rise europe	people are poorer happy to be successful powerful gets into trouble to be a good citizen to be a politician powerful to be a success	0	1	0	0	0
sister sri lanka attack ringleader zahran hashim condemns attack	people lose money angry to be safe aggressive is attacked by others to be correct to have the right information angry to be heard	0	0	1	0	0
extremely death threat ben shapiro lead arrest	gets arrested scared to avoid the danger dangerous gets arrested to be dangerous to have been shot at nervous to get away with it	0	0	0	0	1
official ba suspending flight london num day	people are reprimanded angry to get a better deal strict is fired from the service to be in control to have a plane upset to get a new job	0	0	1	0	0
peruvian president vizcarra proposes early legislative election	people vote angry to protest smart gets paid well to be a good leader to be in office happy to give speeches	0	0	0	0	1
illinois lawmaker demand child welfare official serve spanish-speaking family	people are treated fairly annoyed to help personx responsible gets stressed to be a good citizen to be a racist satisfied to get a good deal	0	0	1	0	0
ba lufthansa suspend cairo flight citing security	people lose their homes annoyed to get a new job responsible gets yelled at to be a better person to be in charge of the passengers relieved to get a better job	0	0	1	0	0
dallas police charge white bartender brutally beat black woman	gets arrested scared to get away violent gets beat up to get even with a black woman to get a weapon angry to make sure they are ok	0	1	0	0	0
british prime minister johnson promise bold brexit deal	people lose respect annoyed to listen to personx confident gets a good deal to be a leader to have a meeting powerful to make sure the deal is done	0	0	0	0	1
whoopi goldberg intervenes off-the-rails meghan mccain-joy behar battle immigration	none none none none none none none none none	0	1	0	0	0
nbc chuck todd let jerry nadler spread fake news don jr trump tower meeting	none none none none none none none none none	0	0	0	0	1
thousand seabird starved death bering sea scientist evidence climate change	they get a virus sad to help them curious get sick to learn to have a research sad to find a solution	1	0	0	0	0
college cost control here	people lose money annoyed to help personx careless gets yelled at to be in charge of the situation to have a problem worried to get a raise	1	0	0	0	0
fourth american tourist dy dominican resort num month	people mourn sad to cry unlucky gets buried to be a tourist to have gone to dominican sad to go to the beach	0	0	0	0	1
england scotland tory candidate	gets stressed annoyed to get away with something unqualified gets rejected by the other candidate to be better to be a bad candidate sad and depressed to be left alone	1	0	0	0	0
chaining trump turning good career move	none none none none none none none none none	0	0	0	0	1
biden trump iran strategy self-inflicted disaster	people lose respect angry to avoid the situation careless gets hurt to be successful to be in a bad situation bad to get away with it	0	0	0	0	1
michael cohen criminal case ugly involved	gets hurt sad to win the case mean gets arrested to be mean to have a case sad to get a lawyer	0	1	0	0	0
sen ron wyden demand answer dhs private intel firm spying anti-trump immigration protest	none none none none none none none none none	0	1	0	0	0
san andreas fault num monster ridgecrest earthquake tiny taste destruction	none none none none none none none none none	1	0	0	0	0
stand anti-semitism historical revisionism truth matter	people are more tolerant of person x angry to protest against personx righteous is known to be true to have been wronged justified to be known	1	0	0	0	0
ive spent decade talking parent vaccine time change	gets sick happy to listen to personx smart gets a headache to be a better person to have a lot of time happy to be successful	0	1	0	0	0
illinois num state legalize weed	people get cancer disgusted to buy weed immoral gets arrested to be a good citizen to get the right people happy to get rid of weed	0	0	0	1	0
mcdonalds fool shareholder big chicken bad business	people are disappointed upset to get their money back mean gets yelled at to be feared to be a big deal bad to be a success	0	1	0	0	0
wartime conservative rise save soul america	people vote grateful to support him patriotic gets a medal of valor to save the soul of the poor to have the votes happy to be a good cause	0	0	0	0	1
donald trump mad european central bank	gets nervous annoyed to avoid him angry gets stressed to be mad to have lost money upset to get their money back	0	1	0	0	0
pregnant woman alabama shot stomach miscarried alabama cop charging manslaughter	none none none none none none none none none	0	0	0	1	0
ebola outbreak congo declared global health emergency	people lose their crops worried to help him responsible gets sick to save people to be in a foreign country worried to get rid of the disease	0	1	0	0	0
iran unwise play long game trump	loses game disappointed to play careless loses to play the game to be in the game sad to play a game	0	0	0	1	0
malaria fighting back effort eliminate	they get hurt defeated to win determined gets hurt to win to have a problem justified to win	0	0	1	0	0
num firefighter battle large wildfire greece	people are killed angry to get out of the situation dangerous gets burned to be a bad guy to be a cop angry to win the race	0	0	1	0	0
veteran affair site suicide prompt concern	people are killed worried to avoid the situation cautious gets called a copycat to be safe to be in the police department worried to avoid the situation happening	0	0	0	1	0
daughter call compassion mom alleged killer twin funeral	gets called out sad to help personx compassionate gets comforted to be comforted to be in a funeral parlor sad to cry	0	0	0	1	0
monsoonal moisture brings day sweltering heat southern california	the other drivers are sweating from heat happy to have fun hot gets burned to be comfortable to have a heat stroke tired to relax	1	0	0	0	0
liar michael cohen start prison sentence tomorrow	they get caught sad to get out criminal gets caught to be a criminal to have been arrested guilty to get out of jail	0	0	0	0	1
princess charlotte adorable num birthday photo celebrate passage time	gets excited happy to have fun happy gets thanked to be happy to have the time happy to make you happy	0	0	1	0	0
series uk milkshake tossing incident leftist physical attack effective absolutely hilarious	none none none none none none none none none	0	0	0	0	1
rihanna possibly trolling superfans proof	they get a good deal happy to get their opinion determined personx will be a good example of the situation to be a part of something to be a fan of the game happy to be successful	0	0	1	0	0
texas law firm reveals working russia ally balkan	people lose money angry to get their money back racist gets arrested to be a businessman to have the information satisfied to make sure it does not happen again	1	0	0	0	0
keanu reef real-life hero epic fan encounter involving ice cream cone proof	none none none none none none none none none	0	0	1	0	0
pelosi vow ironclad case trump cry impeach erupt speech	people are hurt by the actions of personx angry to get away with it angry gets accused none to be in public bad to be heard	0	1	0	0	0
inside iran iranian trump nuclear deal	people are dead angry to get rid of him greedy gets arrested to win to have the money happy to get away with it	0	0	1	0	0
notre dame cyprus saint nicholas cathedral mosque turkish occupation	people are dead angry to be safe religious is praised to be a mosque to have been in iraq satisfied to be a mosque leader	0	0	0	0	1
donald trump doesnt prayer	they get a raise sad to pray unlucky gets scolded by others to pray to have a prayer sad to pray	0	1	0	0	0
watch msc opera cruise ship crash dock smaller boat venice italy	people are hurt happy to have fun adventurous gets seasick to have fun to get a ticket excited to get off the ship	0	0	0	0	1
karaoke ax-throwing site sell beer utah law	people get drunk drunk to get drunk reckless gets drunk to be drunk to get drunk drunk to make money	0	0	0	0	1
un human-rights usa abortion ban extremist hate torture	people are killed angry to get away with it racist gets arrested to kill people to be a racist guilty to be free	0	0	0	1	0
el paso longer ignore trump role inspiring mass shooting	people get shot at annoyed to listen to personx determined gets arrested for assault to be right to have a good reputation happy to get away with it	0	1	0	0	0
queer liberation labor issue	people get arrested angry to protest against personx careless gets caught to be free to have been arrested guilty to get a new job	0	1	0	0	0
propublica houston chronicle project named finalist health care print journalism award	people are informed grateful to write a book smart none to be a journalist to write a magazine article satisfied to be a journalist	0	0	1	0	0
london bus attack victim urge fight lgbt hate crime	people are injured angry to get out of the situation violent gets arrested to be a good person to be a racist angry to be a good person	1	0	0	0	0
nostalgic segregationist senator isnt moderate	gets into trouble annoyed to get rid of him wise gets a bad name to make a point to be in a meeting sad to be more careful	0	1	0	0	0
taking stock minimum wage num hour grew pace wall street bonus	none none none none none none none none none	0	0	0	1	0
kentucky num billion information highway	gets into a car wreck annoyed to thank personx careless gets into trouble to be a jerk to have the knowledge of the situation frustrated to get out of the car	0	0	1	0	0
pentagon take action soldier detained disarmed mexican soldier territory	they are arrested sad to get out of jail aggressive gets shot at to be in control to have been captured relieved to surrender	0	0	0	0	1
homelessness michigan child problem larger diverse	people are sad to be safe intelligent people are aware to be a problem to be a racist none to solve	0	0	0	0	1
kottu roti street food make feel dancing	they get hungry happy to have fun friendly personx gets a stomach cramp to eat to eat happy to eat	0	0	1	0	0
southern california earthquake rattle state wary big	people are affected cautious to get away from the big one cautious gets nervous to be cautious to have a big mouth nervous to make sure the quakes stop	0	0	1	0	0
barrs backing trump set showdown congress	people lose money angry to win aggressive gets arrested to be a leader to be in congress powerful to get rid of them	0	0	1	0	0
tuberculosis chicken pox traumatized num update immigrant youth shelter illinois	people are affected sad to get sick helpful is asked to leave the shelter like the plague is a disease to be in a racist neighborhood sad to get rid of the disease	0	0	1	0	0
alek sigley australian pm confirms north korea detainee release	people get into a bad situation happy to get their point across responsible is asked for help from others to be a part of the situation to have a conversation good to make sure the information gets out	0	0	1	0	0
earthquake num quake strike ridgecrest	people are affected by quakes scared to stay dry violent gets dirty to make the city shake to be in the vicinity of a hill scared to stay safe	1	0	0	0	0
jay-z officially billionaire rapper	people buy personz a lot of things jealous to buy him a new album famous gets paid to make money to be famous excited to be the envy of the industry	1	0	0	0	0
house horror child abuse case reveal offender nationwide homeschooling hide crime	get abused children sad to get away with the crime mean to be safe to be a good person to be a judge happy to make sure they do not get into trouble	0	0	0	0	1
deficit skyrocket author gop tax cut admits bill pay	gets money happy to get a good deal much gets fired to be a good reader of literature to be a publisher happy to get a new job	0	1	0	0	0
lawmaker introduce bipartisan bill fix irs	people lose money happy to get paid smart gets paid money to make money to have a problem with the irs satisfied to make sure the money is paid	0	0	0	1	0
violent democrat politician-activist pleads guilty assault attack representative matt gaetz face year prison	none none none none none none none none none	0	0	0	0	1
oxford cambridge city find job average salary num	none none none none none none none none none	0	0	0	1	0
sausage king queen stock	they get paid happy to be entertained rich gains experience to be rich to be in charge happy to be successful	0	0	1	0	0
ambition wrong joe harris face debate backlash	gets into trouble angry to get away from personx stupid gets yelled at to be right to have a bad experience disappointed to get away with something	0	0	1	0	0
rhetoric squad promotes left wing terror	people are killed scared to protest brave gets arrested to be a leader to have a good reason to do so proud to get a raise	0	0	0	0	1
victory depend swing voter	vote for personx happy to support him unintelligent gets called a racist to be independent to have a lot of experience in politics happy to make a difference	1	0	0	0	0
julia louis-dreyfus reacts marianne williamson debate moment	gets into argument annoyed to argue smart gets yelled at to be heard to be in the presence of people who disagree satisfied to be right	0	0	1	0	0
num democrat presidential candidate announces explains shot; dems happy	none none none none none none none none none	0	0	0	0	1
num republican vote equality act banning lgbtq discrimination	people are discriminated against happy to protest racist gets a raise to be fair to be a politician happy to be a racist	1	0	0	0	0
herman cain blackmailed political revenge porn gloria allred client	gets cheated angry to get rid of personx immoral gets arrested to be a good friend to have a reason to do it satisfied to get a new client	0	0	0	0	1
terminally ill husband held gun head police	gets arrested scared to get the gun back violent gets arrested to be a threat to have the gun scared to kill the husband	0	0	1	0	0
mother jeremy kyle cheer biscuit vanished baby partner	they cry happy to thank personx mean to be brave to be with his mother to be pregnant sad to get a new job	0	0	0	1	0
death toll zealand mosque shooting rise num	people are shot happy to go home religious gets shot to be a hero to have a mosque happy to get a new mosque	0	1	0	0	0
fox news anchor julie banderas think illegal burn american flag	people are burned by fire angry to protest racist gets burned to be a bad citizen to be a journalist justified to keep people safe	0	1	0	0	0
youtube responds vox writer punish steven crowder happy	none none none none none none none none none	0	0	0	0	1
rachel riley pregnant countdown star expecting child pasha kovalev	they have a baby excited to have fun with personx pregnant gets a lot of attention to be a parent to have sex excited to give birth	0	0	0	1	0
remember south devastating cyclone idai global south paying polluter	people lose money angry to be grateful rich the south paying for the cost to be rich to be a representative happy to make sure the people are safe	1	0	0	0	0
drug group pushing triple-digit price rise	people are getting into trouble angry to get a raise greedy gets arrested to increase his wealth to have a reason to be a drug dealer guilty to get more money	0	0	1	0	0
epa refuse ban dangerous pesticide chlorpyrifos linked brain damage child	none none none none none none none none none	1	0	0	0	0
aoc hit brutal backlash holocaust defend representative ilhan omar bash trump	people died none to defend aggressive none none to be a racist none to win the case	0	0	0	0	1
saudi arabia losing war yemen	they are defeated sad to win the war defeated gets killed in war to be a hero to have a war defeated to win the war	0	0	0	0	1
cop nypd officer ordered hit estranged husband boyfriend kid	gets hurt angry to cry mean gets beat up to get a bad reputation to be a cop angry to get away with it	0	1	0	0	0
worst gun violence world amnesty international government give reparation victim	none none none none none none none none none	0	1	0	0	0
ag barr legally required release full mueller report alan dershowitz tell sean hannity	none none none none none none none none none	0	0	0	0	1
gay man age num today gender fluidity orientation confuses enrages	none none none none none none none none none	0	0	0	0	1
ntsb joining ethiopian airline crash investigation	people are injured angry to get a plane ticket curious gets a ticket to get away to get on the plane nervous to get a new job	0	0	1	0	0
pete buttigieg trivializes impact trade job loss	lose money upset to thank personx mean gets fired to be a jerk to be a businessman satisfied to make sure the company does not lose money	0	1	0	0	0
num song week listen	they smile happy to listen to personx musical gets tired to be entertained to be a singer happy to sing	0	0	1	0	0
air-conditioners great good high environmental cost	they do well too happy to thank personx smart gets a raise to be better to have a good attitude good to be successful	0	0	1	0	0
document week sweden wanted nuke	they are grateful happy to get the work done determined gets paid to have a good time to be in the wrong place at the wrong time happy to make sure the work is done well	0	0	0	1	0
el salvador rape victim jailed murder stillbirth face retrial	gets raped sad to escape criminal gets arrested to be free to have killed someone sad to get out of jail	1	0	0	0	0
mexican cartel fight control border state prison	people lose their homes angry to win the war aggressive gets arrested to be in control to be a criminal powerful to get out	0	0	0	0	1
yg shooting rapper bulletproof escalade tied wild gun battle police pursuit compton killing	none none none none none none none none none	1	0	0	0	0
insane video show viking sky cruise ship thrown chaos sea	people get hurt angry to have a good night brave gets seasick to have fun to have a video camera happy to be entertained	0	0	0	1	0
sunday reading woman reshaping professional sport	they get promoted happy to encourage him intelligent is applauded to be a better person to read satisfied to be a success	1	0	0	0	0
port allen murder suspect suffocated mother shoving rag throat authority	gets hurt sad to get away with murder mean gets arrested for murder to kill someone to have a weapon guilty to get away with murder	0	1	0	0	0
official express optimism negotiation iran	they are convinced annoyed to argue with personx smart gets rejected to be a good citizen to have a reason justified to get an answer	0	0	0	1	0
west baton rouge resident explore celebrate acadian heritage	people are asked questions annoyed to get a drink adventurous gets called a racist to be a good citizen to have a lot of money happy to make a speech	0	1	0	0	0
harris unveils plan revamp infrastructure ensure access clean water	people are safer grateful to thank person x responsible gets dirty to be helpful to have the resources happy to keep people safe	0	0	0	1	0
kevin spacey questioned london police uk sex assault claim	gets arrested angry to make sure they are ok angry gets arrested to be in control to be arrested angry to get away from the scene	1	0	0	0	0
trump bid wipe aid pill	they are grateful to him sad to thank personx sick gets sick to be healthy to have a disease sad to be successful	0	0	1	0	0
baroness trumpington leaf staff num throw jolly good party	people get drunk happy to thank personx for the party generous gets yelled at to have fun to have a party happy to celebrate	0	0	0	1	0
lizzo spread gospel self-love powerhouse vocal sold-out dc show	none none none none none none none none none	1	0	0	0	0
house majority leader steny hoyer facing primary challenge	they are defeated nervous to win the challenge dominant gets yelled at to be a leader to be in charge powerful to win	0	1	0	0	0
high street giant boot ban plastic bag replace brown paper carrier	people are not able to see annoyed to get away with the same thing careless gets dirty to be fashionable to buy plastic bags happy to buy a new pair	0	0	0	1	0
trump administration miss census printing deadline supreme court citizenship question ruling	none sad to protest the policy careless gets fired from job to be correct to have a budget for censored censored censored censored bad to get the job done	0	0	0	0	1
korea proposes un probe japanese sanction claim	they get a new job angry to protest smart gets a promotion to be a good leader to be a politician happy to get an apology	0	0	1	0	0
girlfriend man accused luring girl abandoned home caring	gets hurt sad to get away from him caring gets kissed to be a matchmaker to have a bad experience guilty to get her out of trouble	0	0	0	1	0
lindsey graham completely rail	gets into argument annoyed to give personx a ride reckless gets hurt to be reckless to be a risk taker relieved to be successful	0	1	0	0	0
boris johnson brussels battle brexit	they are defeated defeated to win the war brave gets shot to win to have a gun satisfied to win the battle	0	0	1	0	0
north korea test new-type tactical guided weapon state-run medium claim	they learn about the new policy happy to get the information correct aggressive gets a new job to be a good leader to have the information happy to make a report	0	0	0	0	1
dayton shooter connor betts fired num round num second cop	cain sad to fire back fast police to shoot to fire at them good to shoot again	0	0	0	1	0
ira apologizes journalist murder	people are hurt angry to forgive personx guilty gets yelled at to make people feel bad to have a reason to do it guilty to get a new job	0	0	0	0	1
nobel committee shine spotlight rape conflict	gets hurt angry to get away from him brave gets accused of racism to be a hero to have a gun satisfied to make people angry	0	0	1	0	0
democrat super pac target lindsey graham troll	to be honest annoyed to win aggressive gets a promotion to be successful to be a politician happy to get rid of them	1	0	0	0	0
cbs host hammer lindsey graham face trump didnt thing obstruct mueller lying	none none none none none none none none none	0	1	0	0	0
car insurance quote online driver find affordable coverage	they get a good deal grateful to thank personx smart gets a good deal to help others to have the money happy to make a report	0	0	1	0	0
student recall jeffrey epstein paid attention teenage girl	gets scolded annoyed to tell their parents attentive gets scolded to be a good student to be in school happy to be a teacher	0	1	0	0	0
sean hannity melt report russian state-run medium segment	people are affected by the incident angry to get their report mean personx is criticized to be accurate to have a lot of information satisfied to make a report	1	0	0	0	0
recently id black hunter depicted pop culture finally hit close home	none none none none none none none none none	0	1	0	0	0
trump admin rejecting request usa embassy fly pride flag	people lose money annoyed to get a new job rude gets yelled at to be a good citizen to be a representative of the government sad to make a report	0	0	0	1	0
iranian jewish leader slam trump peace plan tool zionist	people lose money angry to protest aggressive gets arrested to be in charge of the situation to have a reason to do it angry to be a success	0	0	0	0	1
tsa find missile launcher passenger checked bag	gets hurt surprised to get away observant gets a receipt for the item to be safe to look for the terrorists happy to get rid of them	0	0	0	1	0
gilroy garlic festival shooting suspect santino william legan	people are shot happy to get out of jail curious gets arrested to be a police officer to have seen the shooting happy to find the truth	1	0	0	0	0
trump pentagon num billion cloud contract investigated	they get a new client annoyed to ask questions intelligent gets fired to prove his theory to have the information satisfied to be correct	1	0	0	0	0
senate republican smear mark kelly doug jones false billboard	people are fooled annoyed to get away from personx mean gets caught to make them look dumb to be a racist smug to make people think they are better than them	1	0	0	0	0
trump compared co2 jew led co2 anti-defamation league	none none none none none none none none none	1	0	0	0	0
bill maher defends bidens creepy touching he harvey weinstein kelly	none none none none none none none none none	0	1	0	0	0
rafter accidentally plunge waterfall pennsylvania	people are shocked scared to get a ride home clumsy gets hurt to be a fool to be on a slide embarrassed to get back up and start again	0	0	1	0	0
ms-13 gang bloody reign terror san fernando valley leaf resident horrified	people are frightened scared to run away violent screams to be safe to be a racist scared to get away	1	0	0	0	0
man freak bagel shop woman dating site dont short guy	gets a bad reputation annoyed to avoid personx weird gets yelled at to be a loner to be in a relationship nervous to avoid them	1	0	0	0	0
mar curiosity detects unusually high methane level	people are affected by the same things curious to observe the levels curious gets a bad grade to know the answer to have a microscope curious to find more	0	0	0	0	1
obamacare enrollment edge lower num million	people are more informed happy to get a good grade ambitious gets stressed to be a good student to be in school happy to be a good student	0	0	0	1	0
asian american coming num present unique challenge	people are more tolerant impressed to get away with it unique gets rejected to be unique to have been given a passport by the japanese proud to be a better example	0	0	1	0	0
white house order personnel security director disobey congressional subpoena	people lose respect for personx annoyed to get their money back authoritative gets fired to be in charge to have a meeting powerful to fire them	0	0	0	0	1
george kelling father broken window policing dy	gets dirty sad to thank personx helpful gets yelled at to be a good citizen to get a broom sad to clean up the mess	0	0	0	1	0
joe biden bet anti-trump candidate	loses money disappointed to win the game confident wins to win to have a reason to do it happy to win the game	1	0	0	0	0
egypt ousted president mohammed morsi dy courtroom collapse	people lose respect for personx sad to protest aggressive gets arrested to be dead to have been arrested sad to win the election	0	0	0	0	1
letter family murder victim sustained support	people are injured sad to help others compassionate gets arrested to be safe to be a police officer sad to get help	0	1	0	0	0
worst southern california heat wave smog hit saturday	people are affected by the heat wave annoyed to get a drink lazy gets sick of restaurants to have fun to go to the beach tired to go to the movies	1	0	0	0	0
num trillion senator warren proposes taxpayer money pay student debt	students lose money angry to thank personx for his service irresponsible gets a receipt to get a good deal to have a budget happy  to make a good impression	0	0	0	0	1
trump offer clumsy olive branch north korea	gets into trouble grateful to thank personx generous gets a tip to be generous to be a foreigner generous to make a deal	0	0	0	1	0
abbvie acquire botox maker allergan num	they get sick happy to get paid healthy gets compliments to be healthy to get a mask made happy to get a good look at their face	0	0	1	0	0
trump win president mueller report political normal	people vote for person x happy to congratulate personx smart gets praised by others to be successful to have a good reputation happy to be a success	1	0	0	0	0
water life midwestern flood threaten indigenous community forefront climate crisis	people are endangered cautious to avoid the flood aggressive is feared to be safe to have a lot of money nervous to be a success	1	0	0	0	0
whitewashing history america racist legacy slavery war immigrant	people get dirty disgusted to get rid of him racist gets arrested to make people angry to have been born in the wrong culture happy to make a difference	0	1	0	0	0
shameful truth america put man moon nazi monster	people are saved sad to get away with it racist is hated to be a racist to be a communist ashamed to make a difference	0	0	0	1	0
real madrid valuable club europe report	they get a good deal happy to thank personx rich gets a receipt to be a good citizen to have a lot of experience in the subject happy to be respected	1	0	0	0	0
israel lurch unprecedented political crisis netanyahu face num election	people lose their jobs people are affected by the situation to win the election irresponsible gets stressed to win to be in charge of the situation nervous to win the election	0	0	1	0	0
vatican woman magazine founder editorial board quit claim vatican discredit	they are shunned angry to get away from the press racist gets called racist to be right to be in a bad position justified to be correct	0	0	0	0	1
human smuggler throw disabled migrant border river fed	people are killed annoyed to get away mean gets arrested to be a rat to be a cop guilty to get rid of the rats	0	0	0	0	1
pope condemns sri lanka easter attack cruel violence	people are killed angry to protest racist gets arrested to be right to have heard about it justified to repent for what they did	0	1	0	0	0
confirmed study find num percent left-wing loser activist live home mommy daddy	none none none none none none none none none	0	0	0	0	1
cricket world cup reserve day row washout	they are grateful to him happy to have fun lazy is tired to be generous to have a drink happy to be a good host	1	0	0	0	0
dirty cop rod rosenstein spotted capital game laughing destroyed life trump official russia collusion witch hunt	none none none none none none none none none	0	0	0	0	1
donald trump party health care spent decade failing repeal replace obamacare	none none none none none none none none none	1	0	0	0	0
chelsea manning warns trump journalist indictment charge	people are in danger annoyed to get their money confident to be correct to be right to be a journalist justified to get people's attention	1	0	0	0	0
sudan algeria overthrow despot political system	people are enslaved angry to protest corrupt gets caught to be a good citizen to have the right people to be in charge happy to win	0	0	1	0	0
asylum seeker struggle navigate trump broken border policy	people lose respect for personx annoyed to get rid of him unintelligent gets caught to be a better person to be in a bad situation frustrated to get a new job	1	0	0	0	0
huge representative ratcliffe doj letter attorney durham investigating false statement fisa abuse leak uk aussie intel review	none none none none none none none none none	0	0	0	0	1
myanmar free pulitzer-winning reuters journalist num day	people are exposed angry to be successful successful 000 years to be a success to have a lot of people happy more than 100 % of their customers	0	0	0	0	1
john solomon top prosecutor proof ukraine colluded hillary num election	none none none none none none none none none	0	0	0	0	1
long beach woman killed stray bullet enters home	gets killed sad to cry violent gets killed to be alone to be in the right place sad to get a gun	1	0	0	0	0
turn leonardo dicaprio skilled crasher	they learn from him impressed to listen to personx skilled gets a promotion to be successful to be a chef smart to be successful	0	0	1	0	0
winter sport face double threat climate demographic change	they get a better job cautious to avoid him dangerous gets a tan to be a risk taker to be a risk taker nervous to be a success	0	0	1	0	0
weekend heat wave leave la valley mountain sweltering	people are hot annoyed to enjoy the heat wave hot gets burned to be alone to have gone camping tired to get out of the heat	1	0	0	0	0
appeal russia holiday camp death	people die sad to get revenge brave gets killed to have fun to pack their stuff sad to go home	0	0	1	0	0
british army soldier reprimanded killing spree virtual battlefield exercise	people are killed sad to get revenge violent gets killed to kill to have killed people sad to get a medal	0	0	0	1	0
violence continues israel hamas exchange fire day fighting	people are killed angry to get away from the situation aggressive gets killed to be patriotic to be a politician satisfied to win the war	1	0	0	0	0
penny dodge question poor condition child migrant center	people are asked questions annoyed to ask questions smart gets scolded to be helpful to be in a good situation relieved to make sure the children are ok	1	0	0	0	0
ben episode game throne amanda expose hilarious stupidity	gets punched annoyed to be left alone dumb gets yelled at to be a good actor to be watching tv all the time embarrassed to be the center of attention	0	1	0	0	0
retail giant petsmart name peta spying lawsuit	gets caught angry to win the case mean gets caught by police to get even to be in a position of power satisfied to win	0	0	0	0	1
sander omars plan wipe outstanding student loan	gets stressed sad to get their money back greedy gets arrested to make money to have a reason satisfied to make sure the students get a good deal	0	1	0	0	0
president trump scrap latest sanction north korea like kim jong un	people get hurt angry to protest racist gets yelled at to be a racist to have a bad reputation happy to get away with it	0	0	0	0	1
justin amash principled stand trump make popular gop	none none none none none none none none	0	0	0	1	0
npr american angrier past generation	people get angry annoyed to be left alone arrogant get angry to be a leader to be in a bad situation angry to be successful	0	1	0	0	0
introducing anxiety hour mental health podcast vice	people are stressed worried to give personx a prescription stressed gets stressed to be safe to be stressed nervous to relax	1	0	0	0	0
num shaping bad year measles	they are worried sad to get a new job bad gets sick to be a bad year to have a bad year sad to get better	1	0	0	0	0
trump num million payday earlier month mysterious real estate buyer	they have to wait for their money happy to sell the money lucky gets a receipt to make money to make a deal happy to get a good deal	0	0	0	0	1
fact check senator harris falsely claim num migrant child detained crime	people are accused of being racist angry to get out of the situation irresponsible gets scolded to be a liar to be a racist guilty to get out their cameras	1	0	0	0	0
mollie hemingway good news ralph northam absurd statement investigation yearbook	none none none none none none none none none	0	0	0	0	1
inside story num million devil violin heist	people get into trouble impressed to listen talented gets praised to make people believe the story to have the knowledge of the event happy to make people believe them	0	1	0	0	0
arsonist gang firebomb num car single night num stretch worcestershire	none none none none none none none none none	0	0	0	1	0
bill de blasio worst num candidate property right	people lose money angry to vote for person x incompetent gets ridiculed to be a winner to have a lot of money happy to win the election	0	0	0	1	0
ukraine election comedian volodymyr zelensky win	none happy to celebrate the win of the election funny gets a raise to be funny to have the right people to vote happy to celebrate	0	0	1	0	0
num million animal plant specie risk extinction un report	people are affected sad to avoid the disease responsible to be safe to preserve the environment to be in a zoo sad to keep animals safe	0	0	1	0	0
deputy charged assaulting num mother faced prior allegation violence record show	none none none none none none none none none	1	0	0	0	0
game throne leaned hard fan serviceand totally worked	they lose their money happy to be competitive ambitious gets a raise to be successful to be a fan happy to be successful	0	0	1	0	0
dejaun davis-correia ben jealous billionaire pledge pay debt morehouse graduating class	none none none none none none none none none	1	0	0	0	0
zealand prime minister understand doesnt tighten gun law	people lose respect for personx annoyed to get a new president ignorant gets stressed to be a good citizen to be a racist annoyed to get a new policy	0	0	0	0	1
fed charge greg craig obama lawyer tied manafort ukraine report	people who are affected people to get rid of him aggressive gets arrested to be correct to be in charge angry to make sure they are safe	0	1	0	0	0
ai thrive open society	people are safer happy to support him brave gets attacked by people who do not like them to be free to have a sense of humor happy to get out of danger	0	0	0	1	0
prosecutor explains jussie smollett charged	gets into trouble angry to hear personx's case smart gets questioned to prove to have a reason justified to get a lawyer	1	0	0	0	0
senate dems demand jcn disclose donor ignore dark money	people are cheated angry to get their money back greedy gets yelled at to save money to be a good citizen satisfied to be a good leader	0	0	0	0	1
washington montana vermont top list ufo sighting	people get sick happy to go to the movies curious gets called a racist to be entertained to go to a convention happy to be a famous scientist	0	0	0	0	1
russia denies south korean claim warning shot jet	people are hurt angry to fire at personx defensive gets arrested to be a good soldier to have received a warning from the government justified to make sure the information is true	1	0	0	0	0
rep hurd real simple advice gop colleague ahole racist	none none none none none none none none none	0	0	0	0	1
anti-racist historian attack representative omar rooted belief america white people	people are racist angry to protest racist is racist to be racist to be racist justified in racist to make people believe the racist	1	0	0	0	0
lsu gymnastics team perseveres claim regional title punch ticket ncaa championship	none none none none none none none none none	0	1	0	0	0
san francisco man gored neck pamplona running bull	gets sweaty happy to get a drink brave gets sweaty to be in charge to be in the right place happy to be a success	0	1	0	0	0
harvard study find trigger warning harm good	they are safe scared to get away dangerous gets arrested to be safe to be aware scared to be correct	0	0	0	0	1
flashback tucker carlson told michael avenatti face exploiting stormy daniel	gets hurt angry none mean none none to have a reason to tell none to be a bully	0	0	0	0	1
escalating us-china trade war sends stock plunging	people lose money angry to win aggressive gets arrested to be in charge to have the money powerful to win the war	0	0	0	1	0
trump supporter ocasio-cortez aoc tell bizarre story surprising fan	none none none none none none none none none	0	1	0	0	0
num no-fee credit card open num	they get into debt disappointed to get a discount untrustworthy gets a receipt to be a good salesman to have a bad credit card happy to get a new job	0	0	1	0	0
state police tracking runaway oregon republican refuse vote climate bill	people are arrested annoyed to protest racist gets arrested to be a racist to have a licence like they are doing their job to enforce the laws	1	0	0	0	0
avenger endgame astonishing box office soar past num billion	lose sad to win the game greedy gets a raise to win to have a monopoly happy to be successful	1	0	0	0	0
conservative pushed strategy weaken home health care union trump administration bit	people lose their health sad to protest smart gets a raise to win to be a racist good to win the election	0	1	0	0	0
democrat freak ag barrs obama spying comment	people lose their jobs annoyed to get rid of him racist gets ridiculed to be a better person to be in the presence bad to get away from the situation	0	0	0	0	1
djokovic happy carry cruising	they have fun happy to have fun adventurous gets a lot of money to be a good sport to be in the car driving happy to be a good leader	0	0	0	0	1
democrat increasingly doj meddled mueller probe	they get a bad grade annoyed to win the election smart gets ridiculed to be a good leader to have a debate satisfied to get their point across	0	0	0	1	0
budget deal moving ahead outrage	people are affected by the change annoyed to get their money willful gets a raise to be a good citizen to have a plan powerful to be successful	0	0	0	1	0
jury katy perry dark horse copied song num million verdict alarming	loses money angry to get their point across mean to be honest to be right to have a witness to the crime satisfied to win the case	1	0	0	0	0
architect trump pro-coal plan leaving epa	they get paid impressed to get paid ambitious gets paid to go to the moon to have a plan satisfied to get a job	1	0	0	0	0
woodstock num promoter claim funders drained num million festival	people are cheated happy to thank personx influential gets a good deal to be successful to be a promosperson happy to make money	0	0	1	0	0
theresa offer academic roger scruton job back false allegation	gets fired grateful to accept the job generous gets fired to be a better employee to be a student of the company relieved to give the job back	0	0	0	1	0
jacinda arderns notoriety response zealand mosque shooting paid	people get hurt sad to get a better job smart is praised to be a good citizen to be a racist happy to be a good speaker	1	0	0	0	0
ive painful experience sheryl crow metoo michael jackson	gets stressed sad to cry emotional gets stressed to be sad to be in the wrong place at the right time sad to be better	1	0	0	0	0
taylor swift indisputably life party time num gala	people are entertained happy to thank personx for their hard work proud is congratulated to be a part of the party to be a party member happy to celebrate	0	0	1	0	0
rachel roddy recipe salmoriglio aka sicilian lemon sauce kitchen rome	gets a dirty look from the restaurant annoyed to eat skilled gets dirty to eat something sweet to have the recipe satisfied to cook	1	0	0	0	0
india sri lankas violent fight fish	people are hurt angry to get away from personx violent gets hurt to be mean to get angry angry to get away with it	1	0	0	0	0
donald trump announces effort improve private expansion num america win	they are encouraged to keep trying to improve their own business happy to thank personx ambitious to be successful to be a success to have the right equipment happy to make a difference in the company	1	0	0	0	0
christchurch shooting zealander rallying victim	people are saved grateful to repent religious gets arrested to help the poor to have a gun happy to help the poor	0	0	1	0	0
msnbcs ruhle gop opposes harris shes black	gets yelled at annoyed to get away mean none to be a jerk to have a bad attitude satisfied to get away	0	0	0	0	1
trump post-mueller victory lap clouded chaos	loses respect angry to get revenge careless gets into trouble to be a failure to have a lot of fun sad to make things better	1	0	0	0	0
classroom free politics wing grow	people get elected happy to get a better job influential get a lot of money to be a better citizen to be a politician happy to gain influence	0	1	0	0	0
paranoid usa warns spy danger chinese-made drone	they are protected cautious to keepx safe paranoid is paranoid to be safe to be cautious of spies paranoid to be safe	0	0	1	0	0
senator state department throat	gets into a fight offended to listen arrogant gets into trouble to be heard to be in charge powerful to make people listen	0	1	0	0	0
bernie sander put climate change doomsday clock num year rally alabama	people get nervous annoyed to get a new job careless gets called a racist racist to be a leader to have a reason to do it satisfied to make sure it's done	1	0	0	0	0
free ticket ram charger practice socal training camp	they get a ticket happy to win the race curious gets sweaty to win the game to buy tickets happy to win the race	1	0	0	0	0
deal curtails iran nuclear ambition doomed	people lose their homes angry to get away with it powerful gets a raise to be successful to be a politician sad to be successful	0	0	1	0	0
watch blue checkmarks shower twitter love anti-semite louis farrakhan	people are watched annoyed to get away from personx mean gets scolded to be a bad influence to have a reason happy to get rid of the bugs	0	0	0	0	1
pakistan woman husband beat shaved head refusing dance	bleeds hurt to get away mean gets punched to be a macho macho man to be in a relationship ashamed to get a massage	0	0	1	0	0
[non-nrsro] softbank corp mobile telephone terminal credit trust series num -- moody assigns definitive rating sb handset receivables ab japanese	none none none none none none none none none	0	0	1	0	0
canntrust downgraded underperform buy bofa merrill lynch	they get a raise happy to get a raise unskilled gets a promotion to make a change to have a good job happy to get a raise	0	0	1	0	0
hbos chernobyl terribly wrong	gets hurt sad to thank him bad gets yelled at to be right to have been wronged sad to make things right	1	0	0	0	0
problematic woman free college	they get a job grateful to go to college generous gets a job to be a good citizen to apply for college happy to be a good citizen	1	0	0	0	0
watch - sander move usa embassy jerusalem	people get killed annoyed to get rid of personx aggressive gets arrested to get rid of something to be a politician good to be a leader	1	0	0	0	0
num minute frantic race save notre dame	loses race surprised  to win the race fast gets stressed to be first to be in the race relieved to win	0	0	1	0	0
kudlow dem candidate dont understand planet theyre describing	gets confused confused to ask questions dumb gets confused to understand to be asked to clarify something confused to understand	0	0	1	0	0
ancestor enslaved mine friend	they get killed happy to be friends with personx brave gets killed to be a good friend to have a reason to do so happy to get a new job	0	0	1	0	0
candace owen devastating opening testimony congressional hearing	people are shocked shocked to hear more information untrustworthy gets yelled at to be heard to be in public relieved to tell everyone what happened	0	0	0	0	1
separate militant attack kill num syrian soldier	lose their country sad to get away aggressive gets arrested to be a better army to be in charge happy to kill more people	0	0	1	0	0
easter sunday bombing blast peace sri lanka killing num church hotel	none none none none none none none none none	0	0	1	0	0
un special rapporteur call julian assange freed citing psychological torture	people are hurt sad to be freed a failure none to be free to have been kidnapped relieved to be free	1	0	0	0	0
trump pardoned fraud obstruction justice wasnt	is arrested angry to get their money back guilty personx was arrested to protect someone to be caught guilty he was just a bad guy	0	1	0	0	0
japanese worker upset upcoming num holiday	they are sad sad to help personx upset they get stressed to be alone to have a job upset to go to the airport	1	0	0	0	0
gillibrand hard biden apologize -- candidate humility	none none none none none none none none none	0	0	0	0	1
people flipping playground girl flipping meme routine	gets nervous happy to be left alone careless gets teased by others to be the best to be a good girl happy to be a good kid	0	0	1	0	0
prostitution stay illegal consent garbage minimum standard goodness	people are forced to do illegal things annoyed to be safe unintelligent gets caught to stay out of trouble to be a criminal bad to be successful	0	0	0	0	1
jeweller sell num meghan markle nappy-cream lid	people are cheated happy to thank him greedy gets money to make money to have the money happy to make money	1	0	0	0	0
athlete high testosterone barred woman sport	they get a better job annoyed to get away from him dominant gets arrested to be a good athlete to have a lot of testosterone powerful to get a better job	0	0	0	0	1
crucial role california primary num explained	they learn from it grateful to listen to personx smart is applauded to be correct to be a role model happy to make sure it worked	1	0	0	0	0
natural history museum host event honoring brazil president jair bolsonaro	people are upset sad to get rid of him unintelligent is ignored to be a failure to be in charge sad to be a success	0	1	0	0	0
democrat created electability monster	vote happy to vote racist gets demoted to be a better person to have a vote happy to vote for their candidate	1	0	0	0	0
rare-earths mining show china cheat usa free trade	people are cheated cheated to get their money back smart gets paid to be a fraud to have the right equipment satisfied to win the war	0	0	0	0	1
brickbat gas gas gas	gets gas in their car happy to drive the car capable gets dirty to be safe to buy a car happy to drive	0	0	0	1	0
earthquake shook california week predicting isnt easy	they get a new job worried to avoid the event careless to be correct to be right to be a risk taker sad to be a good leader	1	0	0	0	0
harriet wran num pleads guilty drug possession stolen good car	gets caught angry to punish personx guilty gets caught to get away with a crime to have stolen guilty to be free	0	0	0	1	0
trump latest threat risk prolonging trade war	people lose money cautious to avoid him brave gets promoted to avoid danger to have the resources to do it happy to keep the peace	0	0	1	0	0
florida man donned werewolf mask burn shoot torture baby girl bassinet	screams scared to escape mean gets burned to kill someone to have a mask happy to kill someone	0	0	0	0	1
jon miller mueller finding derail num democrat scheme	none none to win the race smart gets arrested to get a good job to be a leader in the government happy to make people understand	0	0	0	0	1
director ava duvernay trump contributed environment num crime bill	the people of the time angry to thank personx criminal gets arrested to be a good example to be in the wrong position happy to be a hero	0	0	0	1	0
carlos ghosn twitter ready truth event	people are shocked surprised to ask questions honest gets caught to be honest to be in a bad mood relieved to tell the truth	0	0	0	0	1
moscow made easier ukrainian russian	they are able to get better grateful to thank personx helpful is thanked to be a better person to have the ability to do it happy to make a profit	0	0	1	0	0
facebooks false standard removing fake pelosi	they are disappointed disappointed to get rid of him dishonest gets caught to be a good liar to be a fraud guilty to get away with it	1	0	0	0	0
tech match human grossness	gets offended disgusted to get away from personx unintelligent gets rejected to be attractive to have a lot of experience with grossness embarrassed to get away from them	1	0	0	0	0
holy hypocrisy batman alyssa milano defends super-affectionate biden confesses problematic behavior	none none none none none none none none none	0	0	0	0	1
proposed immigration policy deport thousand due process	people are forced into a different state happy to protest determined gets stressed to be a good citizen to have the paperwork happy to get the paperwork	1	0	0	0	0
student act climate change school board political	people are affected happy to get a vote political they get rejected to change to have an opinion nervous to change	1	0	0	0	0
meghan mccain rip co-host spreading julian assange propaganda view hope rot hell	none none none none none none none none none	0	0	0	0	1
mexican plan stop migrant caravan	people get lost annoyed to get to the border safely determined gets dirty to get a better deal to have a reason to stop satisfied to get a job	0	1	0	0	0
british member parliament sneaky plotting whatsapp	they get caught annoyed to win sneaky gets caught to get ahead of the game to have the ability to do so smug to get away with it	0	0	0	1	0
indian battle tiger day politics fear	they get killed happy to be safe racist they are sweating to be a racist to be a racist good to win the war	0	0	1	0	0
personalized gene-edited immune cell therapy patient solid cancer data establishes approach verifying patient-specific cancer mutation target	none none none none none none none none none	0	0	1	0	0
mcdonald suspends milkshake sale prevent weaponization anti-farage activist	none none none none none none none none none	0	0	0	1	0
dow book fourth straight weekly slide -- longest weekly skid num	people get sick of it disappointed to teach them a lesson studious gets a bad grade to be accurate to be a student happy to be successful	0	0	1	0	0
orourke feel good num	they get a raise happy to support personx proud of their candidate gets a raise to be a success to be in a good mood happy to celebrate	0	0	1	0	0
fiverr stock extends gain debut trading num percent num ipo price	none none none none none none none none none	0	0	1	0	0
dem support john bel edward plummet sign abortion bill	people get sick grateful to thank him responsible gets arrested to be a good citizen to have read the bible happy to be a good citizen	0	0	0	0	1
ghanaian teacher dancing make student relate	learns a lot happy to learn helpful gets thanked to be helpful to teach happy to teach them	0	0	1	0	0
num mile backbone trail open num month woolsey fire	people are dead scared to be safe brave gets into trouble to be in the know to be in the wrong place at the wrong time scared to be a success	1	0	0	0	0
nicolas maduro order plan ration electricity venezuela	people are enslaved annoyed to listen to personx smart gets paid to be in charge to be in charge of the company satisfied to make sure the company does not get in trouble	0	0	0	1	0
reason num down-ballot race reshape america future	people lose their jobs happy to vote for the right people intelligent gets a raise to change to have a lot of money happy to get a better deal	0	1	0	0	0
nike fiscal q3 rev num billion line expectation	people lose money happy to thank personx ambitious gets a raise to be successful to be a scientist satisfied to be successful	0	0	1	0	0
live update firefights venezuelan capital military uprising ensues	people lose their homes angry to get out aggressive gets arrested to get away from the scene to have a reason to do it happy to get rid of the bad guys	0	0	0	0	1
obama honor american statesman richard lugar	people get arrested people who are patriotic to get their money back racist gets a medal to be a racist to have a good sense of politics proud to make a difference	0	0	0	1	0
forgotten coast florida town fight rebuild hurricane michael	people lose their homes sad to get back at them brave gets hurt to be a hero to have a wreck sad to get a new car	1	0	0	0	0
national popular vote movement win skeptical conservative	vote annoyed to protest the candidate influential gets a vote in the election to be popular to be a political candidate happy to be a good candidate	0	0	0	1	0
union fight marquette university	people are hurt angry to win the war aggressive gets arrested to be in power to sign up for it happy to win the election	0	1	0	0	0
ffs jussie smollett suffering night terror making fake hate crime people question	none none none none none none none none none	0	0	0	0	1
fema put num million victim wildfire hurricane risk identity theft	people get burned angry to thank personx dangerous gets arrested to be dangerous to be a risk taker powerful to make sure the victims are safe	0	1	0	0	0
us-iran tension rise ahead anniversary deal pullout	people lose money angry to win the contract cautious loses money to be in control to be a broker nervous to make sure everyone is prepared	0	1	0	0	0
oopsie daisy alyssa milano tweet wasnt dunk american gun owner thought rofl	none none none none none none none none none	0	0	0	0	1
letter dan fagan read hemingway thoreau	they get a good grade annoyed to ask personx to stop intellectual gets called dumb to learn more about the subject to be a teacher smart to learn more	0	1	0	0	0
judge slap dnc lawsuit alleging russian collusion trump responds	people are in trouble angry to personx aggressive gets yelled at to the situation to the complaint justified to the complaint	0	0	0	0	1
b-52 aircraft carrier mideast iran conduct exercise	people are dead angry to get away aggressive gets shot down to be a pilot to have the equipment to fly the plane happy to get a promotion	0	1	0	0	0
lord mayor open joe lycett kitchen extension	people get tired surprised to thank him ambitious gets yelled at to be a good leader to get a job happy to make a new kitchen	0	0	1	0	0
memo dems debate trump response righteous losing suck	they get into a debate angry to listen righteous gets yelled at to be correct to debate something justified to be heard	0	0	0	1	0
house democrat twitter aoc woman color remark slam chief staff	none none none none none none none none none	0	0	0	0	1
apple teach mom gwyneth paltrow technology rebecca nicholson	gets scolded grateful to ask for advice smart gets thanked to educate to be a scientist smart to teach them	1	0	0	0	0
propublica win john bartlow martin award ms-13 coverage	gets a trophy happy to congratulate him talented gets a raise to be a success to write articles proud to celebrate	0	0	1	0	0
trump obstructed justice william barr helping cover	gets caught betrayed to thank him mean is thanked to be a good citizen to be a cop guilty to get away with it	1	0	0	0	0
man accused marrying num woman pleads guilty	gets caught guilty to cry angry gets yelled at to be a better person to have a reason guilty to be vindicated	0	0	1	0	0
trump navy destroyed iranian drone defensive action	they lose their plane defeated to get back on the ground aggressive gets shot down to protect the people to have a parachute deployed defeated to fire at the enemy	0	0	1	0	0
shareholder alert pomerantz law firm investigates claim behalf investor boston scientific corporation - bsx	none none none none none none none none none	0	0	1	0	0
nurse big pharma put patient profit	people are grateful grateful to thank personx smart gets praised to be a success to have a lot of money happy to make money	0	1	0	0	0
boris johnson girlfriend carrie symonds quit job conservative party expense claim	gets fired sad to get their money back irresponsible gets a new job to be a better person to be a good dancer relieved to go to a party	0	0	0	1	0
team trump found news outlet fawning fox news	gets a promotion happy to get a new position arrogant gets a promotion to gain knowledge to be in a news outlet happy to get their attention	0	0	1	0	0
venezuela crisis forcing people destroy national park bathe	people are killed angry to get rid of him aggressive gets arrested to preserve animals to be a racist happy to get away	0	0	0	1	0
fresno county man charged string killing	people are dead sad to kill personx criminal gets arrested to kill people to have killed people guilty to be arrested	1	0	0	0	0
isi left money lot	loses money happy to get a good deal rich gets robbed to buy a house to have money happy to go to a party	1	0	0	0	0
donald trump swine fever creating economic crisis	people are affected angry to get rid of him irresponsible gets criticized to be in control to be a politician happy to be successful	0	0	0	1	0
ahead ice raid illinois governor ban private immigrant detention center state	people get caught annoyed to protest smart gets arrested to make a profit to have the authority to do so happy to make a profit	1	0	0	0	0
hope wont end dud jerry nadlers attempted explanation mueller testifying spell desperation	none none none none none none none none none	0	0	0	0	1
study smoking pregnancy increase obesity risk baby	baby gets healthier worried to avoid the baby responsible gets healthier to be healthy to have a baby worried to get a doctor	0	0	0	0	1
bird meet fly sneaker twin highly amusing thread	gets excited amused to laugh amused gets scolded to be funny to be in a meeting happy to tell them how they did	0	0	1	0	0
dutch girl legally euthanised died home	cries sad to mourn dead is cremated to be dead to have been born sad to be cremated	1	0	0	0	0
thing f1 niki lauda	they learn something new happy to get to know personx knowledgeable gets asked questions to be informed to have read articles informed to be a good listener	0	0	1	0	0
prince harry meghan num kid maximum environment	they are protected happy to cry responsible is a good father to be a good parent to have a lot of responsibility happy to be a good dad	0	0	0	1	0
conservative writer punched kicked milkshaked portland rally	gets into trouble angry to apologize immature gets punched to be a jerk to be at a rally ashamed to get out	0	0	0	1	0
horror pendulum ride india amusement park snap	people laugh at person x happy to laugh at personx adventurous gets tired to have fun to go to the amusement park happy to have fun	0	0	0	0	1
farmer cut leg pocketknife	bleeds hurt to get medical help cruel bleeds to be a farmer to get the knife sad to clean the knife	0	0	1	0	0
chicago elected black woman mayor	gets called racist happy to vote for the right person powerful gets a raise to make people vote to have a vote happy to get a raise	0	1	0	0	0
advocacy group warn normalized hate speech trump continues ridicule representative omar death threat	none none none none none none none none none	0	1	0	0	0
ups stock price target cut num num cfra	they have to pay them happy to sell the product skilled to buy the product to be efficient to have the product happy to get a raise	0	0	1	0	0
jon stewart blast lawmaker hearing september num victim compensation fund	people are killed sad to get their money responsible gets arrested to be a hero to have the authority satisfied to get a raise	0	0	1	0	0
o'rourke defends war tax amid criticism	people lose respect for personx annoyed to listen to personx smart gets called a coward to be heard to have a reason to defend justified to win the war	0	0	0	1	0
southern secessionist intro bernie fundraiser	people are affected by the change annoyed to get a good deal smart gets a raise to be a leader to have a lot of money happy to be a success	0	0	0	0	1
trump about-face pakistanand blunder kashmir dispute	gets hurt angry to get away mean gets into trouble to be a good listener to be a leader justified to make a point	0	0	0	1	0
jason sudeikis return snl portray biden sensitivity training sketch	they are questioned annoyed to get away from personx rude gets yelled at to show off to have been caught in the wrong place satisfied to be a better actor	0	1	0	0	0
sarah huckabee sander going-away party reporter lied nonstop	none none none none none none none none none	0	0	0	0	1
gillibrand revives tired war woman trope	women sad to protest helpful is praised to be a good citizen to have a reason for it happy to be a good leader	0	0	0	0	1
austria far-right vice chancellor resigns video spark corruption scandal	loses money angry to protest corrupt gets a raise to get back at someone to be in charge sad to be a better person	0	0	1	0	0
boston dynamic start selling creepy robot dog	gets bitten scared to get rid of him aggressive gets bitten by dog to sell them to have the ability happy to sell more dogs	0	0	0	0	1
scientist alarmed num dead gray whale wash northern california year	people mourn sad to get away from the scene scared gets killed to be safe to have a reason for it sad to get a new car	0	0	0	1	0
white house economic adviser tout trump hopeless	they get a better job sad to thank person x wise gets a raise to help the poor to have the ability to do so satisfied to help others	0	0	0	1	0
shocking moment girl laugh play hand game top moving suv driven mother	they are entertained happy to have fun playful get tired to be entertained to be playing a game happy to have fun	0	0	0	1	0
trump vouch aap rocky amid growing demand rapper release	they are insulted annoyed to be a good employee confident gets fired to prove his innocence to have heard about it justified to be a good employee	0	0	1	0	0
masked antifa terrorist tossed ground push past police line wh	none none none none none none none none none	0	0	0	0	1
netanyahu future clouded rivalry ally	gets into trouble annoyed to get even jealous gets into trouble to be in power to have a grudge annoyed to be successful	0	0	1	0	0
peafiel bottled water pulled shelf high level arsenic	people get poisoned by personx grateful to thank personx addicted gets burned to be rich to buy the water satisfied to be a good citizen	0	0	0	1	0
ban motherfer snoop dogg blast facebook/instagram censorship	people are hurt people to be a snoop dogsh mean gets punched to be mean to have a reason to snoop bad to get attention	0	0	0	0	1
fox news hosting sander town hall here vermont socialist smart	none none none none none none none none none	0	1	0	0	0
woman trump sexually assaulted bizarre reason pursue rape charge	gets hurt angry to get away mean gets punched to be a rapist to be in a relationship satisfied to be in a better mood	0	0	0	0	1
comms frequent fox news surrogate leaving wh join num	people get nervous happy to protest smart gets called a racist to be successful to have a reason to do so happy to get a better job	1	0	0	0	0
manager grade ii-listed georgian mansion left herd fallow deer starve death	none none none none none none none none none	0	0	0	1	0
lord samantha power federal work email echo peter strzok lisa page	people are watching happy to be correct helpful none to help us to be in charge of the information happy to help others too	0	0	0	0	1
police chief left gun el pollo loco bathroom stole	gets arrested angry to get their gun careless gets caught to get it back to be a cop guilty to get it back	1	0	0	0	0
num critical condition thrown num floor tate modern	they are scolded sad to give them their grade sick is given medication to get better to have been sent to the hospital scared to go home	1	0	0	0	0
fraud office face question decision drop bribery investigation	gets nervous angry to get a good deal smart gets accused to be a good citizen to have a reason satisfied to get the job	1	0	0	0	0
rev barber trial health care protest led num year ago	gets a complaint from the police sad to make a settlement responsible gets a bill to get rid of his illness to be a lawyer guilty to be a good man	1	0	0	0	0
india six-week election minute	they vote for them happy to win eager gets called a liar to win to be elected happy to get a medal	0	0	1	0	0
alexandria ocasio-cortez hillary mocked jared kushner twitter	people are insulted annoyed to get even rude gets yelled at by others to be mean to be in a meeting amused to make people laugh	0	0	1	0	0
quiet stonewall riot queer liberation march return pride radical root	none none none none none none none none none	1	0	0	0	0
asked num democrat theyd fix child care here	none none none none none none none none none	1	0	0	0	0
father detail nfl dre greenlaw stopping daughter potential rape greenlaw response humbling	gets hurt sad to be left alone smart to be correct to protect the daughter to be a lawyer satisfied to be a good listener	0	0	0	0	1
donald trump deranged supporter circle drain	people are saved angry to win the election mean gets arrested to be in charge to have a reason powerful to win the race	0	1	0	0	0
whiplash warning ben shapiro show stunningly fast adam schiff dems changed direction constitutes cover-up	none none none none none none none none none	0	0	0	0	1
harvard fire ron sullivan	gets fired upset to get a new job smart gets a new employee to be right to be a manager satisfied to get a new employee	1	0	0	0	0
dj khaled played energy drink bundle scandal	people are hurt annoyed to get away irresponsible gets drunk to be a part of the situation to have been cheated by others happy to get a drink	1	0	0	0	0
june wti oil num cent num percent num num low	none none none none none none none none none	0	0	1	0	0
joe biden back clinton playbook	they get to read the book happy to get paid for their services bored gets a new job to be back home to have read a lot happy to read	1	0	0	0	0
planned parenthood democrat rogers abortion comment reprehensible distract abortion ban	people who are pregnant are dead none to save his family smart none none to be a racist good to save money	1	0	0	0	0
fuel retailer biodiesel producer consumer applaud house legislation extend biodiesel tax credit	none none none none none none none none none	0	0	1	0	0
here ag barr word russia investigation muellers testimony	none none none none none none none none none	0	1	0	0	0
robert mueller testimony disappoints democrat bet special counsel sink trump	they lose none none none none none to be a politician none to make people's lives better	1	0	0	0	0
june wti oil loses num cent num percent settle num	none none none none none none none none none	0	0	1	0	0
leftist infighting black feminist panel barred speaking accused transphobia	none none none none none none none none	0	0	0	0	1
dianne feinstein num anniversary columbine push gun control	people are dead angry to get away dangerous gets arrested to be a good person to buy a gun satisfied to make a speech	1	0	0	0	0
amy mcgrath raise mammoth num million num hour mcconnell	people are affected annoyed to protest aggressive gets arrested to win the race to have the authority satisfied to get the money back	0	0	0	0	1
blue state dems push expand salt tax break	people lose money annoyed to thank person x greedy gets arrested to be in control to have the authority happy to make sure it does not happen again	0	0	0	1	0
castro biden joke allegation - bullsht people laugh	none none none none none none none none none	1	0	0	0	0
wimbledon num day serena williams didnt simona halep	none none none none none none none none none	1	0	0	0	0
num gun lie truth obama told brazil	people are dead sad to cry untrustworthy gets arrested to be honest to be in the wrong place guilty to get rid of the lies	0	0	0	0	1
trump warns china harsher trade deal reelected	they lose money upset to get their money wise gets a bad review from others to be right to have a product justified to get a deal	0	0	0	1	0
missile captured libyan islamic rebel camp memory benghazi num attack resurface	none none none none none none none none none	0	0	0	0	1
num migrant apprehended remote texas border sector	people are attacked annoyed to get rid of him adventurous gets caught to be safe to be in a foreign country scared to get away from the border	1	0	0	0	0
search missing girl italy find vatican tomb missing occupant	they are found sad to get out of the situation curious gets called a fool to find the missing girl to look for the missing girl worried to find the lost girl	0	0	1	0	0
num argument overcome fact carbon offset forest preservation	people are killed annoyed to argue ignorant gets into trouble to be right to have a bad experience of people frustrated to be right	0	0	1	0	0
firefighter ran num mile broken foot london marathon	they watch him run sad to win the competition athletic gets hurt to get a medal to train tired to rest	1	0	0	0	0
cash credit crisis life european precariat	people lose money happy to thank personx rich gets stressed to be rich to have a job happy to get a drink	1	0	0	0	0
google blacklist free speech platform gab latest app	people are informed interested to listen to personx smart gets asked to stop to be heard to have the time happy to make sure people listen	1	0	0	0	0
trump inching intel apparatus belief false wire tapping claim dni pick accuses obama administration committing crime	none none none none none none none none none	0	1	0	0	0
trump military threat arent america	people are safe scared to get rid of him determined gets shot to be safe to be a military leader justified to get rid of the threats	1	0	0	0	0
walmart num billion tax cut laying worker	people lose their jobs sad to get paid rich gets a big payday to be a good worker to be a good employee happy to make sure they are ok	0	1	0	0	0
teacher top london secondary school read write	they get a good job disappointed to teach them dumb gets into trouble to learn to be a student dumb to learn to read	0	0	0	1	0
warren call investigation surveillance family separation protest	gets caught suspicious to get out of jail suspicious gets questioned to be safe to have been caught by police nervous to find out what the problem is	0	1	0	0	0
education global fertility fall faster expected	people lose money happy to help personx irresponsible gets stressed to be a success to have a lot of money happy to be a successful person	0	0	1	0	0
zealand mosque chairman claim mossad organized shooting	they are shot angry to get rid of him aggressive gets arrested to be a good example to have a mosque happy to fire people at the mosque	0	0	0	0	1
nolte medium fabricate racist outrage hoax disney mermaid casting	to be true annoyed to tell their friends rude gets yelled at to be a racist to be a racist justified to make people believe it	0	0	0	0	1
hospital learning industry cut medical error	they learn about the problem proud of person x to help him smart gets a better job to be a better doctor to have a skill smart to be successful	0	0	1	0	0
authentic brand talk meredith buy sport illustrated deal valuing si num mln--wsj	none none none none none none none none none	0	0	1	0	0
joe biden opposes federal funding abortion service provoking outrage activist organization	people are affected angry to protest racist gets arrested to help others to be a racist justified to be a better man	0	0	0	0	1
sri lanka shake top security post deadly bombing	people are scared scared to get out of the situation dangerous gets arrested to be a hero to be in the wrong place nervous to get away	0	0	1	0	0
ageing world resourceful robot	they get a new product happy to get their own way resourceful gets a new job to be more successful to be a scientist happy to get a job	0	0	1	0	0
boxing legend pernell sweet pea whitaker num fatally hit pickup virginia	gets a trophy sad to win unlucky gets a black eye to be a bad sport to be in the wrong place sad to get away from the scene	0	0	1	0	0
police arrest man allegedly wanted shoot pro-israel rally bomb trump tower fund hamas	none none none none none none none none none	0	0	0	0	1
saudi arabia build nuclear reactor worry motif	people lose money angry to avoid the situation paranoid gets burned down to be a good leader to have the resources nervous to make a profit	0	0	1	0	0
kim jong un accepts trump invitation meet dmz	they get to play happy to go to the party generous gets excited to be a good host to make an invitation happy to go to the event	0	1	0	0	0
waterloo battlefield therapy british war veteran	they are grateful grateful to thank personx brave gets better at talking to be helpful to get a treatment from a doctor sad to get better	0	0	1	0	0
tenant hell trashed landlady rental property turned drug den	loses money angry to get rid of him careless gets arrested to get rid of unwanted guests to get in the car guilty to go to the bank	0	0	0	1	0
future podemos stake today	people lose money happy to win the game prepared gets a raise to be successful to be a manager happy to make a settlement	0	1	0	0	0
column day scandalous defense budget	people lose their homes angry to protest mean gets a promotion to get a good deal to be in charge happy to get paid	0	0	0	1	0
rubio trash ilhan omar blaming usa venezuelan problem	gets into trouble angry to get away with it rude gets accused of racist jokes to be correct to have a problem guilty to make a deal with them	0	0	0	0	1
refugee family caught war zone libya	people are saved sad to get out of the situation brave gets killed to be saved to have lost their homes sad to get help	0	0	1	0	0
extraterrestrial enthusiast train free alien area num essential workout routine	they are grateful to personx grateful to thank personx brave gets tired to be a better person to have the ability to do it satisfied to be a good leader	0	0	1	0	0
woman kidnapped ugandan safari kidnapper demand num	they are kidnapped sad to escape aggressive gets arrested to be in charge of the women to be a kidnap victim of kidnap happy to get a ransom	1	0	0	0	0
past time usa puerto rico	gets hurt annoyed to get away from personx careless gets called a racist to be left alone to have gone to mexico relieved to get back in their car	0	1	0	0	0
disturbing walrus scene planet	people get killed annoyed to avoid personx weird gets called a freak to be in a bad mood to be in a spaceship sad to apologize	1	0	0	0	0
house voting contempt barr mcgahn changing rule enforce subpoena	people are voting against them angry to win powerful to be honest to be a racist to be a racist satisfied to change the rules	0	0	0	0	1
trump approved cyberattacks iran backed military assault	people are hurt angry to win the war brave gets arrested to avoid a bad situation to have received complaints relieved to get rid of the weapons	0	0	0	0	1
sleeping tv make gain weight	they eat healthier happy to help him fat gets fat to be healthy to eat too much happy to be healthy	0	0	1	0	0
hear jordan peterson motivates left	gets excited annoyed to listen observant gets yelled at to be a leader to be listening good to be heard	1	0	0	0	0
trump justice department lawyer pay high price lying court	judge is more powerful than personx angry to win the case guilty gets caught to get their point across to be in trouble guilty to win	1	0	0	0	0
threatens veto un resolution aimed supporting survivor rape war	people are killed grateful to protest violent gets arrested to protect people to be a politician justified to make a settlement	0	1	0	0	0
pop star halsey verge prostitution fame	gets arrested happy to get a good deal young gets arrested to be a success to have a lot of money happy to be rich	0	1	0	0	0
work sweat put num check	they are grateful happy to thank personx hardworking gets tired to get a good grade to have a job tired to get paid	0	1	0	0	0
money talk climate change real	people listen happy to listen to personx smart gets a raise to be a good person to have a good attitude good to make changes	0	1	0	0	0
dead sea turtle found spear head florida national park	they get a new turtle happy to have fun brave gets a new experience to have fun to be in florida happy to eat turtle	0	0	0	0	1
donald trump campaign latest unofficial surrogate alleged murderer	people are skeptical annoyed to get rid of him mean gets fired to be a copycat to be a copycat like he's a copycat to be a success	0	1	0	0	0
greenland ice sheet lost num billion ton ice -- day	they lose the race sad to get their ice sheet back careless gets a lot of money to be successful to be in a frozen environment sad to be successful	1	0	0	0	0
wh denied access trump environmental speech	people are offended annoyed to get a new policy stubborn gets accused to be a jerk to be a politician upset to get away from me	0	1	0	0	0
user line toronto open pot shop	customers lose money happy to sell the pot shop hopeful gets paid to be a success to have the money excited to make money	0	0	0	0	1
italy trump launch nationalist destroy europe	people lose money sad to win the election aggressive gets arrested to be in power to have a campaign happy to win the race	0	1	0	0	0
exclusive representative dan crenshaw adam schiff lied knowingly position intel chair deceive american people	none none none none none none none none none	0	0	0	0	1
premier league transfer news bernardo alderweireld ozil de gea de ligt pogba	none none none none none none none none none	1	0	0	0	0
trump abhorrent stellar economy save	gets fired annoyed to get away from him unintelligent gets fired to be successful to have a lot of money ashamed to get a job	0	0	0	0	1
trump bank appears cooperate investigation	gets caught angry to find out what happened determined gets arrested to get something done to have a case guilty to get away with something	0	1	0	0	0
trump tell democratic congresswoman back fix country	vote annoyed to protest smart gets yelled at to be correct to have a problem good to be a good leader	0	0	0	0	1
dangerous romance hong kong protest	people are hurt happy to be left alone romantic gets a promotion to be romantic to have a passion for it happy to get away with it	0	0	0	1	0
bust king tut egypt stolen sell num million christie london	people are cheated happy to get the money rich gets a lot of money to be a king to be a king happy to buy a car	0	1	0	0	0
pastor jailed turkey lgbt persecution christian usa	people are offended angry to be safe religious gets caught to be a christian to be a christian guilty to get away with it	0	0	0	0	1
hate local swedish city neo-nazis	they get a good name annoyed to get away from him racist is asked for help to be a racist to be in the presence of people like them neutral to get a new job	1	0	0	0	0
fantasist nick claimed ex-mp harvey proctor violent	gets into trouble angry to get away from personx mean gets into trouble to get even to be a jerk angry to be feared	0	0	0	1	0
gop texas lawmaker accuses top vaccine scientist sorcery	people are killed angry to tell others about the incident smart gets arrested to be right to be in a meeting satisfied to make sure they get the right information	0	0	0	1	0
republican run cover trump push health care	people are hurt worried to help them scared gets arrested to be safe to have a gun scared to get medical help	0	0	0	1	0
trump census citizenship tweet baffle fcking idea	people get arrested annoyed people have no idea about the census ignorant none to be safe to be in the wrong place happy to be left alone	1	0	0	0	0
ny county clerk file lawsuit challenging giving undocumented immigrant license	people lose their homes angry to file the lawsuit aggressive gets a complaint from the clerk to be in control to have a case satisfied to file the paperwork	0	0	0	1	0
jane meet underground feminist group provided abortion wade	people are killed annoyed to thank personx for the help smart is asked to join to be in charge to be a racist racist satisfied to make sure the people are safe	1	0	0	0	0
marianne williamson reach donor threshold dem debate	people get into argument annoyed to get a better deal smart gets yelled at to be heard to have a lot of money satisfied to be a leader	0	0	1	0	0
mcconnell full socialism display num dem presidential primary	none none none none none none none none none	1	0	0	0	0
toronto raptor superfan drake	they get a good deal annoyed to win the game talented is yelled at to be a good pilot to have a job proud to get a new job	0	0	1	0	0
dozen ice detainee pepper-sprayed guard protesting louisiana jail	people get shot angry to be safe careless none to be a racist to be in the wrong place at the right time angry to get rid of the evidence	0	1	0	0	0
high school political radicalism class let student hear far-right far-left speaker	none none none none none none none none none	0	0	0	1	0
thing didnt elton john	gets shocked sad to learn ignorant gets scolded to be a jerk to be a scientist sad to ask questions	1	0	0	0	0
defeat trump democrat nominate michael bennet	they are defeated disappointed to vote smart gets a medal to win the election to have a good reason to vote happy to win the game	0	0	0	1	0
resident evil star milla jovovich share horrific abortion story	people are scared scared to cry mean gets caught to be a bad influence to be a bad person guilty to be a good person	0	0	0	0	1
iran attempt start talk reveal trump strategy working	people are talking to personx annoyed to listen smart gets nervous to be a leader to be in a meeting good to get a better deal	0	0	0	0	1
forget theater criticismmuellers conclusion real news	they get fired from the movie angry to listen to personx smart gets criticized to be correct to have the facts satisfied to be correct	1	0	0	0	0
trump reporter putin g20 business	gets fired annoyed to hear rude is asked questions to be heard to be asked satisfied to tell persony	0	0	0	1	0
wild west weed dying replacing	people get sick sad to get a drink careless gets a new plant to have a new taste to get a weed patch sad to get a better deal	1	0	0	0	0
white house trump spoke libyan commander haftar monday	gets nervous angry to listen to personx confident gets a promotion to be a good leader to have a conversation happy to make sure they understand	0	0	0	0	1
bill gate reveals biggest mistake career	gets fired angry to get revenge on personx careless gets fired to make a mistake to be a bad person ashamed to get a promotion	1	0	0	0	0
democrat judiciary committee impeachment	people vote angry to argue racist is demoted to be right to have heard the case justified to be heard	0	1	0	0	0
cheese rolling racing corgi monday	they have to pay them for their work happy to win competitive wins the race to be competitive to have a good time happy to win	1	0	0	0	0
donald trump formal rebuttal mueller report ridiculous knew	none none none none none none none none none	0	1	0	0	0
scouted amazon back err tush num percent famous squatty potty	gets a bad reputation happy to be safe skilled is praised to get back in line to be a manager happy to be a good leader	0	1	0	0	0
happy khaniversary significant rise crime num year london mayor report	people get arrested angry to be a success or a failure criminal get arrested to be a snitch to be in trouble happy to get a new job	0	0	0	0	1
woman voter color watching democrat respond attack squad	people are demoted annoyed to protest patriotic gets arrested to be a good citizen to have the right information to change good to vote for their own	1	0	0	0	0
michelle obama ex-chief staff admits intervene smollett investigation	people are affected by the incident surprised  to get back at her aggressive to be correct to be correct to be a police chief guilty to get their way	0	0	0	0	1
amid call special counsel silence internal probe fbi doj abuse	gets called a snitch nervous to listen to personx cautious gets scolded to get rid of a problem to have a case relieved to make a decision	1	0	0	0	0
college kowtow student free speech harm	students are offended by personx's remark annoyed to get away from personx mean gets yelled at to be heard to be a teacher good to be a good teacher	1	0	0	0	0
appeal court grant trump administration win snub sanctuary city	they lose disappointed to get their money back mean gets accused of cheating to win the case to have a court case happy to get a better job	0	0	0	1	0
nasdaq composite num percent num	they get a raise happy to give them a raise skilled gets a raise to be a winner to have a product happy to be successful	0	0	1	0	0
military ready venezuela maduro	people are saved grateful to thank him brave gets killed to save the people to have a reason happy to be a success	0	0	0	0	1
wikileaks julian assange arrested ecuador embassy london; usa seek extradition	none none none none none none none none none	0	0	0	1	0
pentagon shifting num billion border wall	people lose their jobs annoyed to get rid of personx careless gets caught to be a fool to be a politician happy to get a better deal	0	0	0	1	0
wore music-activated vibrator club drug	they get a headache happy to have fun addicted gets arrested to be a good sport to buy the music happy to have fun	1	0	0	0	0
cost num cover george washington mural traumatized san fran high school student	none none none none none none none none none	0	0	0	0	1
greek pm seek sanction turkey gas row	people are affected by the incident angry to protest the policy mean gets arrested to make people mad to have heard the case justified to be a hero	0	0	0	0	1
california teenager reported missing num month ago found alive mexico mother arrested murder	gets a restraining order sad to find out the truth dead is put into a casket to be found to have been found sad to be released	0	0	1	0	0
trump hasty plan american back moon num explained	they get into trouble annoyed to thank personx determined gets a promotion to be successful to have a plan happy to get a new job	1	0	0	0	0
sri lanka block facebook bombing citing misinformation concern	people lose their jobs angry to find out why mean gets fired to be correct to have a computer that can be used bad to get away from the situation	0	0	0	0	1
north korean call john bolton dim-sighted	john bolton gets hurt annoyed to get their point across rude gets called dumb to be left alone to be in a meeting sad to tell everyone about the situation	0	0	0	1	0
num knew pfas food contamination num	they are grateful to him disgusted to get away from the situation smart eats food to know the benefits of the product to have eaten food that was not good smart to make sure they are safe	0	1	0	0	0
sick rich nightmare medical care	gets sick sad to get rid of personx unlucky gets treated to be a failure of his career to get sick sad to be treated better	0	1	0	0	0
big lie doesnt bonnie	gets hurt sad to get away from personx liar gets caught to be sneaky to lie to people guilty to keep quiet	1	0	0	0	0
andy murray win queen double title tournament hip surgery	to win the championship proud to congratulate person x talented wins the championship to win to practice hard proud to win the championship	1	0	0	0	0
trump driving iran russia arm	people die scared to get away from the situation dangerous gets arrested to be in control to have a gun nervous to get out of the situation	0	0	0	1	0
nasa offering num lie bed num day	they get sick cheated to sleep well lazy gets a headache to be alone to have been cheated happy to get up	1	0	0	0	0
check lswa class num all-state boy girl basketball team	they get a good grade happy to be competitive athletic gets a good grade to be a team player to have the right equipment happy to play a game	0	1	0	0	0
prison riot leaf num dead northern brazil	people are killed angry to get rid of the dead irresponsible gets arrested to be alone to have killed someone guilty to get away	0	0	1	0	0
europe losing patience china	they are offended annoyed to get away from him annoyed gets stressed to be a better leader to be in a foreign country annoyed to be understood	1	0	0	0	0
trump claim poll showing losing fake	gets a good grade disappointed to win the election confident gets yelled at to be right to have the facts justified to win the case	1	0	0	0	0
ingeborg bachmanns malina truest portrait female consciousness sappho	none none none none none none none none none	1	0	0	0	0
baby make excellent foot eat ice cream people	people eat ice cream happy to thank him hungry gets fat to be happy to go to ice cream shop satisfied to eat some ice cream	0	0	1	0	0
cyclone idai people stand chance	people are hurt sad to win the race unlucky gets yelled at to be successful to have a chance to stand sad to get away	0	0	1	0	0
politics free bbc licence	people are influenced happy to get their money political gets a raise to be involved in politics to be in parliament happy  to make a difference	1	0	0	0	0
depression rise millennials num percent seek treatment afford	none none none none none none none none none	0	0	1	0	0
yemen al qaeda branch vow revenge saudi execution	people lose money angry to get revenge mean gets arrested to be in control to be a politician justified to get revenge	0	0	0	1	0
north korean reportedly purged back public alongside kim jong un	people are disgusted angry to protest rude is asked questions to be respectful of the japanese to be in the presence of the government happy to get out of the public	0	1	0	0	0
michael moore rip democrat putting faith frail man robert mueller	people are gullible annoyed to listen wise gets into trouble to be right to have a belief like a fool to be right	0	0	0	0	1
joe biden turn inappropriate touching accusation punchline	gets hurt offended to get away from personx mean gets yelled at to be mean to have a reason guilty to apologize	1	0	0	0	0
justin amash face intense blowback trump impeachment claim trump hit back	people are hurt angry to win the argument powerful gets stressed to be right to be in charge sad to be right	0	0	0	0	1
president trump google facebook sued allegation bias conservative desire rig num election	none none none none none none none none none	0	0	0	0	1
unexpected upshot kavanaughs term supreme court	people are shocked surprised to win powerful gets a medal to be a good citizen to have a meeting happy to win the race	0	1	0	0	0
carcomputerexchangecom announces record breaking month	people are surprised happy to get their money back proud gets arrested to announce a new year to be a manager of a department happy to celebrate	0	0	1	0	0
celebration nipsey hussle life take place la	people celebrate happy to celebrate happy gets drunk to have a party to have a party happy to celebrate	0	0	1	0	0
unmaking british working class	gets scolded annoyed to be left alone rude gets yelled at to be rude to have a reason to do it superior to make a difference	0	1	0	0	0
unqualified un ambassador perfect weak link	they are grateful to personx grateful to thank personx for their service weak gets promoted to get rid of someone to have a job nervous to get a job	0	0	0	0	1
investing wine end burgundy bubble	people get drunk happy to drink wine drunk gets drunk to be drunk to be wine maker drunk to be a wine connoisseneur	1	0	0	0	0
daily caller confuses andrew gillum black cnn commentator bakari seller	gets called racist people to get away from personx rude gets called out none to be a comedian bad to make a point	1	0	0	0	0
rep ro khanna wh security clearance ending support saudi war yemen venezuela	none none none none none none none none none	1	0	0	0	0
pakistan fan blame burger country loss world cup match india	lose money sad to get their money racist gets yelled at to be a racist to have a problem with people watching the game sad to win the game	1	0	0	0	0
hong kong protester stormed street graffitied country legislative building shocking picture city takeover	none none none none none none none none none	0	0	1	0	0
easter weekend bombing sri lanka kill num church hotel	people die sad to repent for their sins religious get killed to be a sinner to go to the church happy to get away with murder	0	1	0	0	0
lol theyre mad brit hume trigger left take num word buttigieg	none none none none none none none none none	0	0	0	0	1
justice thomas issue fiery condemnation eugenic abortion	people are hurt angry to get away from the scene mean gets arrested to make people feel better to have been arrested justified to get away with it	0	0	0	0	1
million american breathing unsafe air worse	people are dying from the toxic air pollution worried to help them out dangerous they are avoided by the press to be safe to have a bad odor nervous to avoid the air pollution	0	1	0	0	0
maga-hat stealing protester told campus police felt unsafe cop	none none none none none none none none none	0	0	0	0	1
hogan gidley mcaleenan great job nielsen replacement	they are impressed happy to be successful confident gets promoted to be successful to have the skills proud to get a raise	0	1	0	0	0
move coffee cup fan jaime lannister grows hand back game throne	gets yelled at happy to be competitive smart gets yelled at to be a better person to have been cheated by his ex - girlfriend happy to get a drink	0	0	1	0	0
japan back hunting whale time num year	they see them happy to enjoy the hunt brave gets bitten by a bear to experience nature to have a boat happy to go to the zoo	0	0	0	0	1
child adult shot num street baton rouge em	gets shot sad to cry young """ i told you so  """ to be a bad influence to be a doctor sad to get medical help	0	1	0	0	0
usa soccer team part larger wave female activism	gets attacked happy to support personx influential gets called racist to be part of a group to be a member happy to be a leader	1	0	0	0	0
tea bag solve smelly shoe queen clean	gets dirty annoyed to thank personx for his help clean gets dirty to be clean to be a dirty shoe happy to clean up the mess	1	0	0	0	0
nordea bank ceo retire end-2020	they get a raise happy to thank personx for retirement successful gets paid to retire to have a job happy to retire	0	0	1	0	0
encounter max greenfield neighborhood take daughter ice cream	gets a treat happy to thank personx for the ice cream generous gets a tip to be nice to drive to the ice cream shop happy to go home	0	0	1	0	0
police find body search missing zoology graduate rosie johnson day disappearance	gets a reward for finding person sad to find the body curious gets a reward for finding to find the missing body to have lost the case happy to find the missing persons	0	0	0	1	0
doj fire back house dems announce barr contempt vote dub subpoena unworkably overbroad	none none none none none none none none none	0	0	0	0	1
politico playbook pm trump familiar tactic mock bidens energy	gets into trouble annoyed to get away from him smart gets a high score to be successful to be in the presence of people happy to be successful	0	0	1	0	0
clip beyonces candid courtside moment reverberating internet	people are listening to personx annoyed to listen loud gets yelled at to be heard to be in the loop happy to make people listen	0	0	1	0	0
founder num mass shooting shut site	people are killed angry to go home angry gets arrested to be safe to be in a bad mood sad to go home	0	0	0	0	1
trump rhetoric echo nazi germany beto orourke accurately	they get into a bad situation annoyed to listen to personx smart gets into trouble to be correct to have been told wrong justified to be correct	0	1	0	0	0
sri lankan gov't responds unprecedented attack surveillance social medium blackout curfew	people are watched closely angry to be protected aggressive personx gets a virus none to be in charge nervous to keep quiet	1	0	0	0	0
s&p num notch num straight gain longest win streak num month	they are better than personx happy to win the race competitive to be honest to be successful to train hard proud to win the competition	0	0	1	0	0
conservative argument paid family leave	gets stressed sad to thank personx mean gets yelled at to get rid of the problem to have a reason satisfied to be left alone	1	0	0	0	0
num idea changed world - num printing press	people are affected by the change interested to listen to personx's ideas influential gets a promotion to be a better person to be an author happy to make a change	1	0	0	0	0
sri lankan government block social medium access alleged fake news	people get angry at personx angry to get their money mean gets fired to be a fraud to be in a meeting guilty to be a better person	0	0	0	1	0
company victoria secret hire openly transgender model	they are asked to do more research happy to hire them confident gets rejected to be a good employee to be in a company happy to get paid	0	0	1	0	0
kansa supreme court upheld abortion	people are killed angry to protest powerful gets arrested to be a good citizen to be a judge justified to make sure the law does not happen again	0	1	0	0	0
robert mueller pulled victory plain sight missed	people are disappointed disappointed to congratulate personx lucky none to be the best to be in a game happy to celebrate	0	1	0	0	0
health care ceo slam medicare	patients get treated sad to get paid aggressive gets a raise to be a good leader to have a job sad to get a raise	0	0	0	1	0
elton john blast brexit european stupid imperialist english idiot	people are offended annoyed to get a good deal arrogant is ignored to be a bad person to be a french person annoyed to be a good listener	1	0	0	0	0
spokesperson mueller officially concluding service coming day	people are informed happy to thank him successful gets paid to be successful to be a manager happy to be a success	1	0	0	0	0
colorado rapid match ahead scheduled plague	people are inconvenienced happy to get away with it prepared gets into trouble to be timely to be in the right place happy to be successful	1	0	0	0	0
real reason trump lose end	loses money sad to win sad loses to win to have a bad experience sad to win the game	0	1	0	0	0
texas woman lived mother skeletal remains num year	they get sick of personx sad to be left alone unlucky gets called a freak to be alone to have a house sad to get rid of them	0	0	0	0	1
scientist bid set poo bank stool transplant prove effective	people lose money happy to help effective to be honest to be successful to have a plan happy to be a good example	0	0	0	1	0
proof youtube corrects alex jones result infowars call gamed algorithm	people are shocked none to get a better grade smart personx is asked for a quote none to have a problem happy to make sure the results are correct	0	0	0	0	1
people wearing data chart visualise climate crisis	people are affected by personx's data informed to help them intelligent gets stressed out to solve a problem to have data smart to make sure everything is in order	1	0	0	0	0
california legislature pass bill put trans men woman prison rapist	people are arrested bad to protest powerful gets accused of racist things to be a racist to have a lot of people in the wrong place happy to get rid of them	0	0	0	0	1
suspect killing off-duty lapd officer identified	gets killed sad to get revenge violent gets arrested to be a bad person to be in charge sad to get rid of the body	1	0	0	0	0
british airway suspends flight cairo day statement	people lose money angry to get a ticket willful is arrested to be a good pilot to be a pilot happy to get away with it	0	0	0	0	1
dollar depressed ahead usa job data	gets a new job sad to help them unmotivated gets a raise to be poor to be a failure sad to get a raise	0	0	0	0	1
sweden considers request reopen rape investigation julian assange	gets arrested angry to file a report curious gets arrested to get even to be a cop nervous to be in charge	0	1	0	0	0
ohio state official failed act doctor abused num athlete decade	people are injured sad to get their money irresponsible gets a medal to be a better person to have a problem with people being treated poorly sad to get a new job	0	0	1	0	0
van num drug crash police car sydney	police have to file a report worried to get rid of the evidence reckless gets arrested to be a bad influence to be driving guilty to get out of jail	0	0	1	0	0
lawmaker num state plan tackle suicide issue veteran face	people lose their jobs sad to protest determined gets stressed to be successful to have a plan accomplished to get rid of all the bad guys	0	1	0	0	0
race avoid debt ceiling crisis	loses money relieved to help them out responsible gets stressed to avoid a bad situation to have money relieved to avoid loss	0	0	0	1	0
donald trump delivers tribute american farmer	the farmer gets a raise happy to thank him generous gets a compliment in return to show appreciation to have a speech proud to be thanked	1	0	0	0	0
brzezinski biden accuser -- inject presidential	none none none none none none none none none	0	0	0	0	1
obama reject language leader normalizes racist sentiment	people are more tolerant annoyed to get away from personx racist gets ridiculed to be a racist to be a racist happy to make a difference	0	0	0	0	1
loss-making tech company floating num	they have a good time happy to make money smart gets a raise to make money to have a company happy to get more customers	0	0	1	0	0
border volunteer doctor struggle provide stopgap care immigrant	people are saved grateful to personx to thank personx helpful gets a raise to help the poor to be a doctor sad to help the poor	0	1	0	0	0
jean carroll join num woman publicly accusing trump sexual assault misconduct	none none none none none none none none none	1	0	0	0	0
restoring democracy open debate	people are more informed annoyed to protest the decision uninformed gets called a racist to be a politician to be a politician like they are just as smart as people else to be heard	1	0	0	0	0
scandal subpoena closing trump entire country hostage	none none none none none none none none none	0	1	0	0	0
ernst mildly swat president mccain dont	they are offended by the remark offended to protest rude gets hit to get rid of him to be in charge annoyed to be left alone	1	0	0	0	0
trump turn higher education; selective ny city high school struggle diversity	they get a better job happy to help personx learn studious gets stressed to be more educated to apply for jobs happy to get a job	0	0	1	0	0
afghanistan war human cost	people lose their homes sad to avoid war violent gets killed to be a good person to be a soldier sad to win	0	0	1	0	0
pope francis climate crisis leading world disaster	people are saved sad to avoid the disaster powerful gets a lot of attention to save the world to have a bad influence on people sad to be successful	0	0	0	0	1
censorship facebook deleted post michellemalkin company banning friend laura loomer gavin mcinnes	none none none none none none none none none	0	0	0	0	1
howard schultz take detour travel america postponing announcement run president	none none none none none none none none none	0	0	1	0	0
puerto rico doesnt political unrest deter tourist beach	people are safer annoyed to stay away from personx influential gets stressed to be a good influence to be a businessman happy to keep people safe	0	0	0	1	0
white house host social medium summit social medium company	people are watched annoyed to thank personx untrustworthy gets called out to be alone to have a network happy to have a party	1	0	0	0	0
num xtreme eating list recognizes unhealthiest dish chain restaurant	they eat the food happy to eat the food hungry gets dirty to be a good cook to have the right food satisfied to eat the food	0	0	0	0	1
charlottesville white supremacist life sentence num year	none none to get a new job immoral gets a big fat check to be the best to have a gun happy to get a second chance	1	0	0	0	0
democrat dumb war charter school	they get into trouble annoyed to protest racist gets demoted to be racist to have the right opinions sad to get their money	0	0	0	1	0
dan crenshaw message pelosi ocasio-cortez suggests shes racist	none none none none none none none none none	0	0	0	0	1
scouted num percent scouted reader favorite bag dagne dover arrival	they get a new job happy some of them like it smart good to be a good runner to be a fan of them happy some new	0	1	0	0	0
trump punt health care num	they are treated better grateful to get better responsible gets a new doctor to get rid of his problem to get a job relieved to be successful	0	0	1	0	0
trump brand london mayor disaster	people lose money angry to get away from him irresponsible gets fired to be a disaster to be a bad influence sad to get rid of the problem	1	0	0	0	0
european nation wont sanction iran violating nuclear deal	people are affected angry to protest cautious gets a memo from the president to avoid the consequences to have the power angry to get away from the situation	0	0	0	0	1
elephant charge tourist viral video driver make incredible escape reverse	people are killed happy to thank personx for the ride daring gets arrested to avoid the police to be a cop happy to get away	0	0	0	0	1
survivor wwii internment camp speaks japanese american trauma child detention	they learn about the incident sad to listen to personx knowledgeable is asked to help to be a translator to have experience in the war sad to help the child	1	0	0	0	0
marijuana battle turn ugly california city fistfight nasty accusation question	people get hurt angry to get away mean gets yelled at to get an answer to be in the wrong place angry to be right	1	0	0	0	0
donald trump banana house judiciary committee subpoena don mcgahn	none none to win the race crazy gets fired none to be in a meeting none to get a good grade	0	1	0	0	0
watch -- jerry nadler william barr defiance democrat subpoena mueller report	none none none none none none none none none	1	0	0	0	0
num injured wave rogue tsunami pool chinese water park	people are hurt sad to get away unlucky gets a headache to be alone to be in the wrong place sad to get a towel	0	1	0	0	0
world cup soccer player enthusiastic reunion son deserves golden ball reunion	gets a trophy happy to play soccer happy gets a trophy to be happy to have a ball happy to play soccer	0	0	1	0	0
cheney applauds trump administration decision strengthen iran oil sanction	they are given more responsibility grateful to thank person x wise gets praised to promote oil companies to have a policy happy to be a success	0	0	0	0	1
president employed undocumented worker undocumented labor	people are grateful to person x happy to thank personx competent but people are getting fired for their work to be okay to have a problem relieved to be ok	0	1	0	0	0
brad voight woodlawn capitol jason stampley running head basketball coach	none none none none none none none none none	0	1	0	0	0
trump global gag rule killing woman report	women lose their jobs sad to be left alone immoral gets arrested to be mean to be a racist happy to get away from women	0	0	0	1	0
acting ice director aocs concentration camp comment demoralize border agent	people lose money annoyed to get away with it mean gets yelled at to be a good agent to be a manager happy to get paid	0	0	0	0	1
pompeo warns europe china spreading authoritarian vision worldwide	people lose respect for peo annoyed to listen wise is criticized to be a leader to have the knowledge of the situation satisfied to make people believe in the theory	0	0	0	1	0
mother daughter killed pregnant teen cable ripped baby womb police	cries sad to get a new baby responsible police  to find the child to be a parent sad to find out who killed her	0	1	0	0	0
william barr starting sound nervous failing coverup mueller report	gets nervous annoyed to get away from him nervous gets nervous to be a failure to have a bad experience nervous to get a better job	0	1	0	0	0
federal subsidy insured people age num total num billion year cbo	none none none none none none none none none	0	0	0	1	0
solitary confinement isnt effective jersey lawmaker restrict	people get arrested for assault with assault annoyed to enforce the law restrictive none to be a good person to enforce laws bad enforce the law	1	0	0	0	0
trump num comms staffer ran blog called muslim murderous thug	people are killed angry to get rid of him racist is criticized to get away with murder to be a racist happy to be correct	1	0	0	0	0
video showing kid smoking pot circulates social medium prompting woman arrest	gets arrested angry to be safe mean gets arrested to be a snitch to be a cop guilty to get away from the situation	1	0	0	0	0
ariana grande justin bieber cgi animal generation world	people who are related happy to be a good example intelligent the same to be a part of the family to have a good reputation happy to be the leader	1	0	0	0	0
north pole continues shrink	they are surprised happy to see what happens growing gets sick to be larger to be growing taller sad to get a better job	0	1	0	0	0
muellers testimony brings conservative conspiracy theory woodwork	people get caught annoyed to listen to personx clever gets caught to make people think to have a good reason for it smug to be heard	1	0	0	0	0
liberal chelsea handler admits trump election mid-life identity crisis forced shrink	none none none none none none none none none	0	0	0	0	1
trump lie family separation policy fact-checked face	gets hurt sad to know why dishonest face is red to avoid family members to be in trouble guilty heart	0	0	0	0	1
surprise state gun highest rate domestic violence gun death	people lose respect for personx scared to avoid the gun fire violent gets arrested to be in charge to have a gun powerful to kill someone	0	0	0	0	1
select/nonselect discussion bass fishing trial approval highlight lhsaa meeting	they get caught happy to get a new job smart gets a good grade to make sure people are informed to have a discussion satisfied to make a settlement	0	1	0	0	0
homeland security government bent trump nationalist whim	none none none none none none none none none	0	0	0	0	1
reporter wrote layoff cleveland plain dealer laid	gets a tip happy to win the case lucky gets a lot of money to be a good citizen to be in a bad situation satisfied to get paid	1	0	0	0	0
general wont save war	they are saved grateful to win brave gets shot to be in control to be a general powerful to save our people	0	0	0	0	1
iran broken stockpile limit set nuclear deal	people are affected angry to get their money back smart gets fired to be correct to be in charge bad to make sure it does not happen again	0	1	0	0	0
here trump teach democrat winning crossover vote	they get into trouble enlightened to listen to personx smart gets a medal to be a good citizen to be in charge of a campaign happy to be successful	0	1	0	0	0
trump absolutely broken iran face major sanction	people lose money upset to listen wise gets stressed to be right to have a problem with the subject nervous to make a settlement	1	0	0	0	0
florida woman stab gut time tired living trump country	loses money sad to get rid of her unmotivated gets arrested to be the worst to be in a bad situation sad to get a divorce	0	0	0	0	1
tlaib continue impeachment push mueller finding	people lose their jobs angry to protest determined gets a raise to be correct to have a reason to do so good to make a decision	0	0	0	0	1
speaker pelosi back impeachment talk trump rip	people are offended angry to listen to the information powerful gets into a fight to be heard to have a meeting powerful to make sure everyone understands	0	0	0	0	1
senate intel find extensive russian election interference back num	they lose their election disappointed to win unintelligent gets called out to be successful to have a budget happy to get a better job	0	0	0	1	0
valerie jarrett ready female president	they vote for them excited to protest confident gets a raise to be a leader to be in a political party excited to be a leader	0	1	0	0	0
jealous massachusetts teen found guilty killing beheading classmate	gets a new friend sad to get away with murder guilty gets a new friend to get revenge to have been arrested guilty to get a new job	0	0	0	1	0
local fox anchor caught video dropping f-bomb apparently blast station exec hide presence conservative social medium site	none none none none none none none none none	0	0	0	0	1
california state legislator abandon ban big gulp-style soda	people are more careful around the soda annoyed to protest smart becomes more careful around the drink to be safe to be a big fan of soda good to change laws	0	0	0	1	0
mexico militia detains migrant gunpoint social medium	people lose money annoyed to get away immoral gets arrested to be in control to be a politician guilty to get away	1	0	0	0	0
trump praise supporter deport ilhan omar people love country	people are represented happy to be a good citizen proud is praised to be a good citizen to be a racist happy to be like me	0	1	0	0	0
afghan woman push voice talk fearing loss right	people are more careful annoyed to listen aggressive gets arrested to be heard to be a politician good to be heard	0	0	0	1	0
twitter user blasted miss scotland beauty contest diverse	gets yelled at annoyed to get a better deal ignorant gets yelled at to be a jerk to be in a competition sad to be a good sport	0	0	0	0	1
chicago single tweet news election state	people are informed happy to hear the news powerful gets called a snitch to share the information to have a microphone happy to be a good citizen	0	0	1	0	0
nike pull shoe featuring betsy ross flag concern racist symbolism	people get offended by the insult annoyed to thank them rude gets scolded to be a good friend to know about racist beliefs satisfied to be a leader	0	0	1	0	0
boyfriend recall chaos apparently random bullet killed iowa woman struck	gets killed sad to call 911 careless gets arrested to be accurate to be in a car accident sad to get a new name	0	0	1	0	0
stacey abrams thinking running president num	they vote happy to vote ambitious gets elected to be in charge to be in charge happy to run for president	0	0	0	0	1
food stolen thousand hungry people	people are starving sad to thank personx poor becomes homeless to have a better life to be a beggar sad to get food	1	0	0	0	0
catwalk gatecrasher surprise fashion star	gets a new dress surprised to thank person x talented gets compliments to impress others to have a good imagination happy to impress others	0	0	1	0	0
judge upholds trump rule expanding non-obamacare plan	people lose money happy to thank personx smart gets praised to be a success to be a leader happy to be a leader	0	0	0	1	0
iran president threatens shoot american drone	people lose money scared to protest aggressive gets shot to be in control to have a gun powerful to make a difference	0	0	0	0	1
num decade democrat dont agree leave afghanistan	they are left alone sad to protest racist gets shot to be a racist to be patriotic sad to get a new career	0	1	0	0	0
gabbard dem debate lack minute treatment msnbc moderator show clear bias place	none none none none none none none none none	0	0	0	0	1
steve bannon trump border crackdown anti-racist	people are offended by personx's behavior annoyed to get rid of him racist is avoided to be a racist to have a bad attitude happy to be safe	0	0	1	0	0
oligarch month viktor orbn	gets a new job annoyed to get a new job determined gets a promotion to be a good person to have a job happy  to get the money back	1	0	0	0	0
immigrant died stewart ice jail georgia advocate shut	people lose money sad to get rid of the immigrants criminal to have a good life to be free to be in the wrong place sad to get out	1	0	0	0	0
trump lauds departing press chief sander special person incredible job	people are jealous happy to thank person x proud gets a promotion to be a good citizen to be a chief proud to be praised	1	0	0	0	0
australian prime minister scott morrison hit head egg protestor	gets hurt hurt to get away from him aggressive gets punched to be violent to be in church angry to get away from the scene	0	1	0	0	0
epa insists weed killer roundup safe jury order monsanto pay num couple cancer	none none none none none none none none none	1	0	0	0	0
cuomo sign bill release trump state tax return	people lose money grateful to pay the bill responsible gets arrested to be a good person to have a pen happy to be thanked	0	0	1	0	0
moulton buttigieg nerd harvard	they are teased annoyed to teach them nerdy gets expelled to get a good grade to be a nerd smart to be successful	0	0	0	0	1
blackstone weighs cheniere energy partner stake sale bloomberg	to be honest happy to buy the product rich gets a discount to make a deal to have the money to make deals happy to get a deal	0	0	0	0	1
mercy kansa town grappling hospital closure	people lose money grateful to thank personx compassionate gets called an idiot to be a good citizen to be in the wrong place at the wrong time sad to be a better person	0	0	1	0	0
economist moore criticize fed rate hike	they get their money annoyed to thank personx wise gets yelled at to be right to have read about it satisfied to be right	0	1	0	0	0
puerto rico enters uncharted territory ricardo rossell prepares resign governor	they have to hire them nervous to make sure they are safe nervous gets a promotion to be a good man to be in the army nervous to go home	1	0	0	0	0
elizabeth warren lay theory change democratic debate	people are confused enlightened to argue smart gets a raise to make people understand to have the knowledge satisfied to make people understand	0	1	0	0	0
betsy devos quietly making easier dying for-profit school rip student	none none none none none none none none none	0	1	0	0	0
today back page juventus target pochettino arsenal rage conte win num chelsea dispute	none none none none none none none none none	1	0	0	0	0
ex-president son found guilty fatal car accident	gets a medal sad to get revenge lucky gets arrested to be a good son to have a car accident relieved to be a hero	0	0	1	0	0
faa prohibits operator flying iran-controlled airspace	people are shot grateful to protest cautious is criticized to save lives to be a spy powerful to keep people safe	0	1	0	0	0
num people affected abortion industry planned parenthood	people get sick worried to help personx responsible gets nervous to know the truth to have a baby nervous to be successful	1	0	0	0	0
kevin costner disappointed american politics shame	gets into trouble upset to get away from him racist gets into trouble to be a racist to have heard about it sad to change the subject	0	0	0	0	1
closing border mexico bring auto industry halt expert	people are affected by the loss of their cars cautious to help personx cautious to be correct to be a success to be in a car wreck accomplished to make a settlement	0	0	1	0	0
num american num canadian die small plane crash honduras	people mourn sad to cry unlucky get killed in crash to be dead to be in the plane sad to get medical help	0	0	1	0	0
angela merkel responds labeled trump punching bag opinion mine	gets punched annoyed to get away from him stubborn is right to be right to have a point justified to get a good deal	0	0	0	1	0
sweden reopen rape investigation julian assange; uk urged prioritize swedish case extradition usa	none none none none none none none none none	0	1	0	0	0
num killed cliff collapse popular california beach	gets sued sad to cry careless gets a death penalty to be a murderer to have a bad reputation sad to be a millionaire	0	1	0	0	0
democrat abortion kid unwanted kill kill	none none none none none none none none none	0	0	0	0	1
china post slowest growth num years; trump tariff major effect	none none none none none none none none none	0	0	0	1	0
polish nationalist protest holocaust claim	people lose respect for personx sad to protest racist gets arrested to be a racist to have heard about the holocaust justified to protest	0	0	0	1	0
notre-dame fire moment spire collapse	people are injured scared to run careless gets burned to kill someone to be in a bar happy to be a hero	0	0	1	0	0
historic african free trade agreement enters force	people lose their homes happy to protest powerful gets arrested to be a success to have the authority powerful to make a profit	0	0	0	1	0
num percent russian approve mass murderer joseph stalin impact country poll	people lose money sad to be safe racist russia to make sure to be a politician happy to be a leader	0	0	0	0	1
trump decision arm saudi iran end disaster	people lose their homes angry  to protest the decision irresponsible gets stressed to be successful to have a bad experience sad to get rid of all the oil in the country	0	0	0	0	1
finland investigates nokia smartphones sending data china	people lose their jobs annoyed to find out what happened curious gets called crazy to be informed to have a reason to investigate satisfied to find more ways to communicate	1	0	0	0	0
trump sue block ny releasing tax return	loses money angry to file a complaint determined gets sued to get rid of the money to get a lawyer powerful to get their money back	0	1	0	0	0
danger trump warlike approach iran	people get hurt impressed to listen to personx brave gets killed to be safe to have a bad attitude happy to get away with it	0	0	1	0	0
democrat running president waking danger war iran	people lose their jobs scared to vote for the right people patriotic gets shot to win to have a gun nervous  to win the war	0	1	0	0	0
leading scientist aging magic pill staying youngyet	they get sick happy to thank personx for their help smart is believed to be a scientist to have been cured happy to be a doctor	0	0	1	0	0
trump threatened tariff mexican import happen cost	people are forced to pay taxes on the imprues annoyed to get their money back determined is avoided to be successful to have a monopoly on importing happy to be successful	0	0	0	1	0
elizabeth warren unveiled plan close racial wealth gap	people are offended angry to get a new friend smart gets yelled at to be a leader to be a racist satisfied to be a leader	0	1	0	0	0
ted cruz condemns barbaric brunei law punishing homosexuality death	people are killed angry to get away with it racist gets accused to be fair to have heard the law satisfied to be a racist racist	0	0	0	1	0
pinterest stock jump num percent ahead q1 result due close	they are more successful happy to give a raise competitive gets a raise to be competitive to have a good job happy to be successful	0	0	1	0	0
mount everest cleaning crew find num body amid num ton trash	gets dirty sad to clean up clean gets dirty to clean the place to have the cleaning crew disgusted to get rid of the trash	0	1	0	0	0
facebooks ad algorithm race gender stereotyping machine study suggests	they are smarter annoyed to get the best deal intelligent personx is a race freak to be a good salesman to have a computer smart to get the best results	0	1	0	0	0
buttigieg defends experience age good job	people are safe grateful to thank person x smart is respected to help others to have a job proud to be a good example	0	0	0	1	0
billboard inciting violence squad	people are hurt angry to get their money back aggressive gets fired at to be a hero to be in a bad mood angry to get away from the situation	1	0	0	0	0
today celebrate carnation revolution	people celebrate happy to thank personx proud gets arrested to be a part of the movement to have a party happy to have a good time	0	1	0	0	0
num common argument overlooking illegal immigration dont hold water	people are offended annoyed to argue smart gets arrested to be right to have a lot of money justified to be right	0	0	0	0	1
modest proposal countering russian election interference	gets nervous annoyed to get their money greedy gets a raise to win to have a proposal happy to win the election	0	0	0	1	0
porsche boxster num bergspyder one-off sport car	none none none none none none none none none	1	0	0	0	0
aoc-pelosi feud settled congress	people are offended annoyed to win the war stubborn gets called a racist to stay out of trouble to have a quarrel satisfied to settle down	0	0	0	0	1
japanese prime minister shinzo abe iran president bluntly discussed reduce iran-us tension	none none none none none none none none none	0	0	1	0	0
originality uncertainty reign black mirror enters num season	people are confused disappointed to win the race unintelligent gets called a freak to remain calm to be a performer nervous to win the competition	0	0	1	0	0
joe biden offered peek health care plan bunch question	they get a better grateful to thank personx curious gets sick to be helpful to be sick relieved to get better	0	1	0	0	0
mayor buttigieg deplorable moment compare bernie supporter trump supporter	is criticized none none none is criticized none none none to be right	0	0	0	0	1
marijuana legalized study find adolescent decline	they are encouraged to do better annoyed to be successful smart gets a high grade to be a better person to have the right information happy to be successful	0	0	0	1	0
key moment robert muellers congressional testimony	gets nervous angry to tell others smart gets yelled at to be a witness to have been asked to testify satisfied to be heard	0	1	0	0	0
fnc wallace trump calling people color vermin -- sound subhuman	none none none mean none none none happy	0	0	0	0	1
problematic woman harris wage gap plan hurt woman	women get hurt sad to get away from personx mean gets hurt to help women to be a politician happy  to be a good example	1	0	0	0	0
hear transgender athlete crush girl	gets a date surprised to get away from him curious gets a new job to be attractive to be a leader happy to be successful	1	0	0	0	0
pakistan arrest major terror suspect day prime minister meeting trump	people lose their jobs nervous to protest aggressive gets arrested to be in control of the public to be in charge nervous to get away	0	0	0	0	1
jair bolsonaros brazil nightmare worse	gets hurt sad to get out of it dangerous gets stressed to be a nightmare to be a dentist bad to be a success	0	1	0	0	0
brutal verdict trump tax cut	loses money sad to win the case powerful gets stressed out to be right to have a case against them sad to get a new case	0	0	0	1	0
country seek trade china imprisoned uyghur muslim community collateral damage	people lose money angry to be safe bad loses respect to be safe to have a bad reputation sad to be free	1	0	0	0	0
taylor swift cooky bake enemy	people eat the cookies angry to get revenge mean gets praised to eat cookies to be a good baker happy to be successful	1	0	0	0	0
spur home tottenhams era start num stadium - reaction video tweet	none none none none none none none none none	1	0	0	0	0
pompeo reach dead end trump venezuela policy	they are forced to work overtime annoyed to get a better deal determined gets into trouble to be successful to be a businessman disappointed to get back to work	1	0	0	0	0
flooding baton rouge street closed car stuck building water	people get wet sad to get out of the car careless get's some fresh air to be safe to drive sad to get out	0	1	0	0	0
selma blair shes seemingly sicker m instagram post	gets sick sad to help personx sick gets scolded to get rid of her to be sick sick to get better	0	0	0	0	1
knowles jackson num bill	loses money happy to thank personx responsible gets promoted to keep the money to be a manager happy to keep the money in the wallet	0	0	0	0	1
assailant attacked ebola treatment center congo major setback	people lose their lives sad to help them get better unlucky gets sick to be a failure to have a reason to do it again sad to be a better person	1	0	0	0	0
disrespectful sophie turner address game throne remake petition	people listen happy to listen powerful gets yelled at to be heard to be a representative good to win the case	0	0	1	0	0
disneyland flex pas catch	they have to do their best happy to win excited gets a prize to win the race to have money excited to celebrate	0	0	0	0	1
glencores congo tragedy highlight security conundrum miner	to be honest annoyed to be left alone mean gets arrested to be a fool to have a reason to coire attention of the border guard embarrassed to get away with it	0	0	0	0	1
geraint thomas hospital heavy crash tour de suisse	gets treated by the doctor sad to thank personx scared gets treated to be a hero to have a plane crash sad to go home	1	0	0	0	0
arizona iced tea adidas promise make num sneaker time permanently shutting pop-up event assault num teen	none none none none none none none none none	0	0	1	0	0
classmate dayton shooter hit list rape list high school	people get hit angry to get away from personx smart gets caught to make people angry to be a bad person guilty to get a new job	1	0	0	0	0
num people feared dead mozambique cyclone major flooding	people are frightened scared to get away from the situation fearful people are afraid of the water level in the ocean to be safe to have a bad experience in the water scared to avoid the same	0	0	0	0	1
europe broil record heat uk hottest july day	people get sweaty happy to enjoy the summer hot gets burned to be the most famous to have a hot climate excited to have fun	0	0	1	0	0
sudan military coup leader step	people are hurt defeated to protest powerful gets arrested to get his way to be in charge powerful to get a new job	0	0	1	0	0
house pass num billion disaster-aid package trump objection	people lose their homes angry to thank personx successful gets a raise to be a good person to have a problem happy to get a raise	0	0	0	1	0
trump upset infowars thinker banned facebook think	gets yelled at annoyed to get away with it annoyed is a bad influence to be a better person to be a follower annoyed to be a good friend	1	0	0	0	0
house fails override trump veto border wall emergency declaration	loses money upset to protest careless gets arrested to be a failure to be in the wrong place upset to get a new job	1	0	0	0	0
trump asked usa war iran response	they get into trouble annoyed to protest aggressive gets rejected to be a diplomatic person to have a question nervous to get a response	0	0	0	0	1
trump ad stock image model portray trump supporter	people get excited impressed to get their money smart gets a good deal to be a good salesman to have the right information to sell the products happy to make a good impression	1	0	0	0	0
trump made surprise appearance wedding reception	smile surprised to thank personx generous gets thanked to be nice to buy a gift happy to celebrate	1	0	0	0	0
hong kong pulled amazing win dire threat freedom	people lose money disappointed to win the game brave wins the game to be successful to be in the right place happy to celebrate	0	0	1	0	0
toxic-gas catastrophe hiding beneath home	gets sick from fumes angry to avoid the fumes careless gets dirty to be mean to have a gas leak sad to get rid of the evidence	1	0	0	0	0
